{
  "fio version" : "fio-3.38",
  "timestamp" : 1729778537,
  "timestamp_ms" : 1729778537463,
  "time" : "Thu Oct 24 16:02:17 2024",
  "jobs" : [
    {
      "jobname" : "output",
      "groupid" : 0,
      "job_start" : 1729778477427,
      "error" : 0,
      "eta" : 0,
      "elapsed" : 61,
      "job options" : {
        "name" : "output",
        "loops" : "5",
        "runtime" : "60",
        "numjobs" : "1",
        "rwmixwrite" : "33",
        "bs" : "8192",
        "filesize" : "1G",
        "rw" : "randrw",
        "direct" : "0"
      },
      "read" : {
        "io_bytes" : 6075473920,
        "io_kbytes" : 5933080,
        "bw_bytes" : 101256211,
        "bw" : 98883,
        "iops" : 12360.377327,
        "runtime" : 60001,
        "total_ios" : 741635,
        "short_ios" : 0,
        "drop_ios" : 0,
        "slat_ns" : {
          "min" : 0,
          "max" : 0,
          "mean" : 0.000000,
          "stddev" : 0.000000,
          "N" : 0
        },
        "clat_ns" : {
          "min" : 26061,
          "max" : 9971874,
          "mean" : 74334.128694,
          "stddev" : 43843.244861,
          "N" : 741635,
          "percentile" : {
            "1.000000" : 49408,
            "5.000000" : 49920,
            "10.000000" : 51456,
            "20.000000" : 68096,
            "30.000000" : 69120,
            "40.000000" : 70144,
            "50.000000" : 71168,
            "60.000000" : 74240,
            "70.000000" : 84480,
            "80.000000" : 85504,
            "90.000000" : 87552,
            "95.000000" : 88576,
            "99.000000" : 97792,
            "99.500000" : 110080,
            "99.900000" : 164864,
            "99.950000" : 224256,
            "99.990000" : 1204224
          }
        },
        "lat_ns" : {
          "min" : 26092,
          "max" : 9972007,
          "mean" : 74361.867257,
          "stddev" : 43845.048665,
          "N" : 741635
        },
        "bw_min" : 9888,
        "bw_max" : 111984,
        "bw_agg" : 100.000000,
        "bw_mean" : 98895.462185,
        "bw_dev" : 20330.800699,
        "bw_samples" : 119,
        "iops_min" : 1236,
        "iops_max" : 13998,
        "iops_mean" : 12361.932773,
        "iops_stddev" : 2541.350087,
        "iops_samples" : 119
      },
      "write" : {
        "io_bytes" : 2994577408,
        "io_kbytes" : 2924392,
        "bw_bytes" : 49908791,
        "bw" : 48739,
        "iops" : 6092.381794,
        "runtime" : 60001,
        "total_ios" : 365549,
        "short_ios" : 0,
        "drop_ios" : 0,
        "slat_ns" : {
          "min" : 0,
          "max" : 0,
          "mean" : 0.000000,
          "stddev" : 0.000000,
          "N" : 0
        },
        "clat_ns" : {
          "min" : 1660,
          "max" : 267914,
          "mean" : 2496.302457,
          "stddev" : 4022.616530,
          "N" : 365549,
          "percentile" : {
            "1.000000" : 1800,
            "5.000000" : 1896,
            "10.000000" : 1944,
            "20.000000" : 2008,
            "30.000000" : 2064,
            "40.000000" : 2128,
            "50.000000" : 2160,
            "60.000000" : 2224,
            "70.000000" : 2288,
            "80.000000" : 2448,
            "90.000000" : 2960,
            "95.000000" : 3888,
            "99.000000" : 4576,
            "99.500000" : 5408,
            "99.900000" : 49408,
            "99.950000" : 97792,
            "99.990000" : 183296
          }
        },
        "lat_ns" : {
          "min" : 1709,
          "max" : 267965,
          "mean" : 2545.538743,
          "stddev" : 4026.836892,
          "N" : 365549
        },
        "bw_min" : 4768,
        "bw_max" : 56592,
        "bw_agg" : 100.000000,
        "bw_mean" : 48761.588235,
        "bw_dev" : 10087.710515,
        "bw_samples" : 119,
        "iops_min" : 596,
        "iops_max" : 7074,
        "iops_mean" : 6095.193277,
        "iops_stddev" : 1260.965767,
        "iops_samples" : 119
      },
      "trim" : {
        "io_bytes" : 0,
        "io_kbytes" : 0,
        "bw_bytes" : 0,
        "bw" : 0,
        "iops" : 0.000000,
        "runtime" : 0,
        "total_ios" : 0,
        "short_ios" : 0,
        "drop_ios" : 0,
        "slat_ns" : {
          "min" : 0,
          "max" : 0,
          "mean" : 0.000000,
          "stddev" : 0.000000,
          "N" : 0
        },
        "clat_ns" : {
          "min" : 0,
          "max" : 0,
          "mean" : 0.000000,
          "stddev" : 0.000000,
          "N" : 0
        },
        "lat_ns" : {
          "min" : 0,
          "max" : 0,
          "mean" : 0.000000,
          "stddev" : 0.000000,
          "N" : 0
        },
        "bw_min" : 0,
        "bw_max" : 0,
        "bw_agg" : 0.000000,
        "bw_mean" : 0.000000,
        "bw_dev" : 0.000000,
        "bw_samples" : 0,
        "iops_min" : 0,
        "iops_max" : 0,
        "iops_mean" : 0.000000,
        "iops_stddev" : 0.000000,
        "iops_samples" : 0
      },
      "sync" : {
        "total_ios" : 0,
        "lat_ns" : {
          "min" : 0,
          "max" : 0,
          "mean" : 0.000000,
          "stddev" : 0.000000,
          "N" : 0
        }
      },
      "job_runtime" : 60000,
      "usr_cpu" : 0.940000,
      "sys_cpu" : 7.791667,
      "ctx" : 766048,
      "majf" : 0,
      "minf" : 13,
      "iodepth_level" : {
        "1" : 100.000000,
        "2" : 0.000000,
        "4" : 0.000000,
        "8" : 0.000000,
        "16" : 0.000000,
        "32" : 0.000000,
        ">=64" : 0.000000
      },
      "iodepth_submit" : {
        "0" : 0.000000,
        "4" : 100.000000,
        "8" : 0.000000,
        "16" : 0.000000,
        "32" : 0.000000,
        "64" : 0.000000,
        ">=64" : 0.000000
      },
      "iodepth_complete" : {
        "0" : 0.000000,
        "4" : 100.000000,
        "8" : 0.000000,
        "16" : 0.000000,
        "32" : 0.000000,
        "64" : 0.000000,
        ">=64" : 0.000000
      },
      "latency_ns" : {
        "2" : 0.000000,
        "4" : 0.000000,
        "10" : 0.000000,
        "20" : 0.000000,
        "50" : 0.000000,
        "100" : 0.000000,
        "250" : 0.000000,
        "500" : 0.000000,
        "750" : 0.000000,
        "1000" : 0.000000
      },
      "latency_us" : {
        "2" : 6.137462,
        "4" : 25.704129,
        "10" : 1.075431,
        "20" : 0.018967,
        "50" : 3.492373,
        "100" : 62.941661,
        "250" : 0.601797,
        "500" : 0.020593,
        "750" : 0.010000,
        "1000" : 0.010000
      },
      "latency_ms" : {
        "2" : 0.010000,
        "4" : 0.010000,
        "10" : 0.010000,
        "20" : 0.000000,
        "50" : 0.000000,
        "100" : 0.000000,
        "250" : 0.000000,
        "500" : 0.000000,
        "750" : 0.000000,
        "1000" : 0.000000,
        "2000" : 0.000000,
        ">=2000" : 0.000000
      },
      "latency_depth" : 1,
      "latency_target" : 0,
      "latency_percentile" : 100.000000,
      "latency_window" : 0
    }
  ],
  "disk_util" : [
    {
      "name" : "nvme0n1",
      "read_ios" : 740298,
      "write_ios" : 243583,
      "read_sectors" : 11844768,
      "write_sectors" : 5548800,
      "read_merges" : 0,
      "write_merges" : 22,
      "read_ticks" : 51863,
      "write_ticks" : 36917,
      "in_queue" : 88830,
      "util" : 88.102862
    }
  ]
}
