{
  "fio version" : "fio-3.38",
  "timestamp" : 1729778356,
  "timestamp_ms" : 1729778356609,
  "time" : "Thu Oct 24 15:59:16 2024",
  "jobs" : [
    {
      "jobname" : "output",
      "groupid" : 0,
      "job_start" : 1729778296562,
      "error" : 0,
      "eta" : 0,
      "elapsed" : 61,
      "job options" : {
        "name" : "output",
        "loops" : "5",
        "runtime" : "60",
        "numjobs" : "1",
        "rwmixwrite" : "33",
        "bs" : "1024",
        "filesize" : "1G",
        "rw" : "randrw",
        "direct" : "0"
      },
      "read" : {
        "io_bytes" : 2908355584,
        "io_kbytes" : 2840191,
        "bw_bytes" : 48471785,
        "bw" : 47335,
        "iops" : 47335.727738,
        "runtime" : 60001,
        "total_ios" : 2840191,
        "short_ios" : 0,
        "drop_ios" : 0,
        "slat_ns" : {
          "min" : 0,
          "max" : 0,
          "mean" : 0.000000,
          "stddev" : 0.000000,
          "N" : 0
        },
        "clat_ns" : {
          "min" : 280,
          "max" : 6162246,
          "mean" : 13433.582170,
          "stddev" : 27247.162439,
          "N" : 2840191,
          "percentile" : {
            "1.000000" : 462,
            "5.000000" : 532,
            "10.000000" : 548,
            "20.000000" : 580,
            "30.000000" : 612,
            "40.000000" : 636,
            "50.000000" : 660,
            "60.000000" : 700,
            "70.000000" : 788,
            "80.000000" : 46848,
            "90.000000" : 47872,
            "95.000000" : 48896,
            "99.000000" : 68096,
            "99.500000" : 82432,
            "99.900000" : 113152,
            "99.950000" : 171008,
            "99.990000" : 309248
          }
        },
        "lat_ns" : {
          "min" : 305,
          "max" : 6162277,
          "mean" : 13463.451588,
          "stddev" : 27248.066650,
          "N" : 2840191
        },
        "bw_min" : 2886,
        "bw_max" : 300290,
        "bw_agg" : 100.000000,
        "bw_mean" : 47638.588235,
        "bw_dev" : 55321.166987,
        "bw_samples" : 119,
        "iops_min" : 2886,
        "iops_max" : 300290,
        "iops_mean" : 47638.588235,
        "iops_stddev" : 55321.166987,
        "iops_samples" : 119
      },
      "write" : {
        "io_bytes" : 1432305664,
        "io_kbytes" : 1398736,
        "bw_bytes" : 23871363,
        "bw" : 23311,
        "iops" : 23311.878135,
        "runtime" : 60001,
        "total_ios" : 1398736,
        "short_ios" : 0,
        "drop_ios" : 0,
        "slat_ns" : {
          "min" : 0,
          "max" : 0,
          "mean" : 0.000000,
          "stddev" : 0.000000,
          "N" : 0
        },
        "clat_ns" : {
          "min" : 378,
          "max" : 4699691,
          "mean" : 13682.427419,
          "stddev" : 26077.696696,
          "N" : 1398736,
          "percentile" : {
            "1.000000" : 628,
            "5.000000" : 692,
            "10.000000" : 732,
            "20.000000" : 788,
            "30.000000" : 844,
            "40.000000" : 900,
            "50.000000" : 956,
            "60.000000" : 1032,
            "70.000000" : 1240,
            "80.000000" : 47360,
            "90.000000" : 48384,
            "95.000000" : 49408,
            "99.000000" : 68096,
            "99.500000" : 82432,
            "99.900000" : 110080,
            "99.950000" : 160768,
            "99.990000" : 268288
          }
        },
        "lat_ns" : {
          "min" : 413,
          "max" : 4699725,
          "mean" : 13720.740886,
          "stddev" : 26079.218164,
          "N" : 1398736
        },
        "bw_min" : 1390,
        "bw_max" : 147900,
        "bw_agg" : 100.000000,
        "bw_mean" : 23462.806723,
        "bw_dev" : 27235.503763,
        "bw_samples" : 119,
        "iops_min" : 1390,
        "iops_max" : 147900,
        "iops_mean" : 23462.806723,
        "iops_stddev" : 27235.503763,
        "iops_samples" : 119
      },
      "trim" : {
        "io_bytes" : 0,
        "io_kbytes" : 0,
        "bw_bytes" : 0,
        "bw" : 0,
        "iops" : 0.000000,
        "runtime" : 0,
        "total_ios" : 0,
        "short_ios" : 0,
        "drop_ios" : 0,
        "slat_ns" : {
          "min" : 0,
          "max" : 0,
          "mean" : 0.000000,
          "stddev" : 0.000000,
          "N" : 0
        },
        "clat_ns" : {
          "min" : 0,
          "max" : 0,
          "mean" : 0.000000,
          "stddev" : 0.000000,
          "N" : 0
        },
        "lat_ns" : {
          "min" : 0,
          "max" : 0,
          "mean" : 0.000000,
          "stddev" : 0.000000,
          "N" : 0
        },
        "bw_min" : 0,
        "bw_max" : 0,
        "bw_agg" : 0.000000,
        "bw_mean" : 0.000000,
        "bw_dev" : 0.000000,
        "bw_samples" : 0,
        "iops_min" : 0,
        "iops_max" : 0,
        "iops_mean" : 0.000000,
        "iops_stddev" : 0.000000,
        "iops_samples" : 0
      },
      "sync" : {
        "total_ios" : 0,
        "lat_ns" : {
          "min" : 0,
          "max" : 0,
          "mean" : 0.000000,
          "stddev" : 0.000000,
          "N" : 0
        }
      },
      "job_runtime" : 60000,
      "usr_cpu" : 2.521667,
      "sys_cpu" : 9.191667,
      "ctx" : 1090565,
      "majf" : 0,
      "minf" : 15,
      "iodepth_level" : {
        "1" : 100.000000,
        "2" : 0.000000,
        "4" : 0.000000,
        "8" : 0.000000,
        "16" : 0.000000,
        "32" : 0.000000,
        ">=64" : 0.000000
      },
      "iodepth_submit" : {
        "0" : 0.000000,
        "4" : 100.000000,
        "8" : 0.000000,
        "16" : 0.000000,
        "32" : 0.000000,
        "64" : 0.000000,
        ">=64" : 0.000000
      },
      "iodepth_complete" : {
        "0" : 0.000000,
        "4" : 100.000000,
        "8" : 0.000000,
        "16" : 0.000000,
        "32" : 0.000000,
        "64" : 0.000000,
        ">=64" : 0.000000
      },
      "latency_ns" : {
        "2" : 0.000000,
        "4" : 0.000000,
        "10" : 0.000000,
        "20" : 0.000000,
        "50" : 0.000000,
        "100" : 0.000000,
        "250" : 0.000000,
        "500" : 1.213467,
        "750" : 48.438508,
        "1000" : 18.058320
      },
      "latency_us" : {
        "2" : 6.413581,
        "4" : 0.105215,
        "10" : 0.025148,
        "20" : 0.016891,
        "50" : 21.875701,
        "100" : 3.733044,
        "250" : 0.107456,
        "500" : 0.010000,
        "750" : 0.010000,
        "1000" : 0.010000
      },
      "latency_ms" : {
        "2" : 0.010000,
        "4" : 0.010000,
        "10" : 0.010000,
        "20" : 0.000000,
        "50" : 0.000000,
        "100" : 0.000000,
        "250" : 0.000000,
        "500" : 0.000000,
        "750" : 0.000000,
        "1000" : 0.000000,
        "2000" : 0.000000,
        ">=2000" : 0.000000
      },
      "latency_depth" : 1,
      "latency_target" : 0,
      "latency_percentile" : 100.000000,
      "latency_window" : 0
    }
  ],
  "disk_util" : [
    {
      "name" : "nvme0n1",
      "read_ios" : 1088194,
      "write_ios" : 323393,
      "read_sectors" : 8705552,
      "write_sectors" : 7399968,
      "read_merges" : 0,
      "write_merges" : 24,
      "read_ticks" : 51339,
      "write_ticks" : 3792310,
      "in_queue" : 3843664,
      "util" : 84.416126
    }
  ]
}
