{
  "fio version" : "fio-3.38",
  "timestamp" : 1729778778,
  "timestamp_ms" : 1729778778743,
  "time" : "Thu Oct 24 16:06:18 2024",
  "jobs" : [
    {
      "jobname" : "output",
      "groupid" : 0,
      "job_start" : 1729778718699,
      "error" : 0,
      "eta" : 0,
      "elapsed" : 61,
      "job options" : {
        "name" : "output",
        "loops" : "5",
        "runtime" : "60",
        "numjobs" : "1",
        "rwmixwrite" : "33",
        "bs" : "131072",
        "filesize" : "1G",
        "rw" : "randrw",
        "direct" : "0"
      },
      "read" : {
        "io_bytes" : 29414260736,
        "io_kbytes" : 28724864,
        "bw_bytes" : 490229508,
        "bw" : 478739,
        "iops" : 3740.154331,
        "runtime" : 60001,
        "total_ios" : 224413,
        "short_ios" : 0,
        "drop_ios" : 0,
        "slat_ns" : {
          "min" : 0,
          "max" : 0,
          "mean" : 0.000000,
          "stddev" : 0.000000,
          "N" : 0
        },
        "clat_ns" : {
          "min" : 121619,
          "max" : 19109809,
          "mean" : 180675.986997,
          "stddev" : 192441.752035,
          "N" : 224413,
          "percentile" : {
            "1.000000" : 124416,
            "5.000000" : 134144,
            "10.000000" : 138240,
            "20.000000" : 144384,
            "30.000000" : 152576,
            "40.000000" : 156672,
            "50.000000" : 168960,
            "60.000000" : 173056,
            "70.000000" : 197632,
            "80.000000" : 201728,
            "90.000000" : 230400,
            "95.000000" : 261120,
            "99.000000" : 317440,
            "99.500000" : 346112,
            "99.900000" : 432128,
            "99.950000" : 643072,
            "99.990000" : 10944512
          }
        },
        "lat_ns" : {
          "min" : 121662,
          "max" : 19110098,
          "mean" : 180742.464621,
          "stddev" : 192447.090026,
          "N" : 224413
        },
        "bw_min" : 48640,
        "bw_max" : 770304,
        "bw_agg" : 99.841092,
        "bw_mean" : 477979.966387,
        "bw_dev" : 205969.446988,
        "bw_samples" : 119,
        "iops_min" : 380,
        "iops_max" : 6018,
        "iops_mean" : 3734.235294,
        "iops_stddev" : 1609.150975,
        "iops_samples" : 119
      },
      "write" : {
        "io_bytes" : 14531297280,
        "io_kbytes" : 14190720,
        "bw_bytes" : 242184251,
        "bw" : 236508,
        "iops" : 1847.719205,
        "runtime" : 60001,
        "total_ios" : 110865,
        "short_ios" : 0,
        "drop_ios" : 0,
        "slat_ns" : {
          "min" : 0,
          "max" : 0,
          "mean" : 0.000000,
          "stddev" : 0.000000,
          "N" : 0
        },
        "clat_ns" : {
          "min" : 25805,
          "max" : 926327,
          "mean" : 31657.057854,
          "stddev" : 17001.087747,
          "N" : 110865,
          "percentile" : {
            "1.000000" : 26752,
            "5.000000" : 27008,
            "10.000000" : 27264,
            "20.000000" : 27520,
            "30.000000" : 27776,
            "40.000000" : 28032,
            "50.000000" : 28288,
            "60.000000" : 28544,
            "70.000000" : 29056,
            "80.000000" : 30592,
            "90.000000" : 33536,
            "95.000000" : 36608,
            "99.000000" : 126464,
            "99.500000" : 140288,
            "99.900000" : 218112,
            "99.950000" : 224256,
            "99.990000" : 284672
          }
        },
        "lat_ns" : {
          "min" : 26459,
          "max" : 927095,
          "mean" : 32363.385054,
          "stddev" : 17037.486034,
          "N" : 110865
        },
        "bw_min" : 25088,
        "bw_max" : 368640,
        "bw_agg" : 99.816895,
        "bw_mean" : 236075.025210,
        "bw_dev" : 101493.633894,
        "bw_samples" : 119,
        "iops_min" : 196,
        "iops_max" : 2880,
        "iops_mean" : 1844.336134,
        "iops_stddev" : 792.919015,
        "iops_samples" : 119
      },
      "trim" : {
        "io_bytes" : 0,
        "io_kbytes" : 0,
        "bw_bytes" : 0,
        "bw" : 0,
        "iops" : 0.000000,
        "runtime" : 0,
        "total_ios" : 0,
        "short_ios" : 0,
        "drop_ios" : 0,
        "slat_ns" : {
          "min" : 0,
          "max" : 0,
          "mean" : 0.000000,
          "stddev" : 0.000000,
          "N" : 0
        },
        "clat_ns" : {
          "min" : 0,
          "max" : 0,
          "mean" : 0.000000,
          "stddev" : 0.000000,
          "N" : 0
        },
        "lat_ns" : {
          "min" : 0,
          "max" : 0,
          "mean" : 0.000000,
          "stddev" : 0.000000,
          "N" : 0
        },
        "bw_min" : 0,
        "bw_max" : 0,
        "bw_agg" : 0.000000,
        "bw_mean" : 0.000000,
        "bw_dev" : 0.000000,
        "bw_samples" : 0,
        "iops_min" : 0,
        "iops_max" : 0,
        "iops_mean" : 0.000000,
        "iops_stddev" : 0.000000,
        "iops_samples" : 0
      },
      "sync" : {
        "total_ios" : 0,
        "lat_ns" : {
          "min" : 0,
          "max" : 0,
          "mean" : 0.000000,
          "stddev" : 0.000000,
          "N" : 0
        }
      },
      "job_runtime" : 60000,
      "usr_cpu" : 0.560000,
      "sys_cpu" : 25.440000,
      "ctx" : 225680,
      "majf" : 0,
      "minf" : 9,
      "iodepth_level" : {
        "1" : 100.000000,
        "2" : 0.000000,
        "4" : 0.000000,
        "8" : 0.000000,
        "16" : 0.000000,
        "32" : 0.000000,
        ">=64" : 0.000000
      },
      "iodepth_submit" : {
        "0" : 0.000000,
        "4" : 100.000000,
        "8" : 0.000000,
        "16" : 0.000000,
        "32" : 0.000000,
        "64" : 0.000000,
        ">=64" : 0.000000
      },
      "iodepth_complete" : {
        "0" : 0.000000,
        "4" : 100.000000,
        "8" : 0.000000,
        "16" : 0.000000,
        "32" : 0.000000,
        "64" : 0.000000,
        ">=64" : 0.000000
      },
      "latency_ns" : {
        "2" : 0.000000,
        "4" : 0.000000,
        "10" : 0.000000,
        "20" : 0.000000,
        "50" : 0.000000,
        "100" : 0.000000,
        "250" : 0.000000,
        "500" : 0.000000,
        "750" : 0.000000,
        "1000" : 0.000000
      },
      "latency_us" : {
        "2" : 0.000000,
        "4" : 0.000000,
        "10" : 0.000000,
        "20" : 0.000000,
        "50" : 32.028347,
        "100" : 0.513007,
        "250" : 62.408807,
        "500" : 5.006293,
        "750" : 0.011334,
        "1000" : 0.010000
      },
      "latency_ms" : {
        "2" : 0.010000,
        "4" : 0.010000,
        "10" : 0.011334,
        "20" : 0.010000,
        "50" : 0.000000,
        "100" : 0.000000,
        "250" : 0.000000,
        "500" : 0.000000,
        "750" : 0.000000,
        "1000" : 0.000000,
        "2000" : 0.000000,
        ">=2000" : 0.000000
      },
      "latency_depth" : 1,
      "latency_target" : 0,
      "latency_percentile" : 100.000000,
      "latency_window" : 0
    }
  ],
  "disk_util" : [
    {
      "name" : "nvme0n1",
      "read_ios" : 223912,
      "write_ios" : 73931,
      "read_sectors" : 57321472,
      "write_sectors" : 27741248,
      "read_merges" : 0,
      "write_merges" : 27,
      "read_ticks" : 32684,
      "write_ticks" : 1975203,
      "in_queue" : 2007940,
      "util" : 74.112251
    }
  ]
}
