{
  "fio version" : "fio-3.38",
  "timestamp" : 1729778960,
  "timestamp_ms" : 1729778960328,
  "time" : "Thu Oct 24 16:09:20 2024",
  "jobs" : [
    {
      "jobname" : "output",
      "groupid" : 0,
      "job_start" : 1729778899929,
      "error" : 0,
      "eta" : 0,
      "elapsed" : 61,
      "job options" : {
        "name" : "output",
        "loops" : "5",
        "runtime" : "60",
        "numjobs" : "1",
        "rwmixwrite" : "33",
        "bs" : "1048576",
        "filesize" : "1G",
        "rw" : "randrw",
        "direct" : "0"
      },
      "read" : {
        "io_bytes" : 42441113600,
        "io_kbytes" : 41446400,
        "bw_bytes" : 705587923,
        "bw" : 689050,
        "iops" : 672.901081,
        "runtime" : 60150,
        "total_ios" : 40475,
        "short_ios" : 0,
        "drop_ios" : 0,
        "slat_ns" : {
          "min" : 0,
          "max" : 0,
          "mean" : 0.000000,
          "stddev" : 0.000000,
          "N" : 0
        },
        "clat_ns" : {
          "min" : 113551,
          "max" : 216946989,
          "mean" : 815207.207758,
          "stddev" : 3097425.147778,
          "N" : 40475,
          "percentile" : {
            "1.000000" : 129536,
            "5.000000" : 626688,
            "10.000000" : 651264,
            "20.000000" : 700416,
            "30.000000" : 716800,
            "40.000000" : 724992,
            "50.000000" : 741376,
            "60.000000" : 765952,
            "70.000000" : 798720,
            "80.000000" : 815104,
            "90.000000" : 847872,
            "95.000000" : 897024,
            "99.000000" : 987136,
            "99.500000" : 1056768,
            "99.900000" : 8585216,
            "99.950000" : 63176704,
            "99.990000" : 152043520
          }
        },
        "lat_ns" : {
          "min" : 113609,
          "max" : 216947187,
          "mean" : 815331.431797,
          "stddev" : 3097437.118185,
          "N" : 40475
        },
        "bw_min" : 141312,
        "bw_max" : 1218560,
        "bw_agg" : 100.000000,
        "bw_mean" : 690737.458333,
        "bw_dev" : 316676.804281,
        "bw_samples" : 120,
        "iops_min" : 138,
        "iops_max" : 1190,
        "iops_mean" : 674.541667,
        "iops_stddev" : 309.245460,
        "iops_samples" : 120
      },
      "write" : {
        "io_bytes" : 20910702592,
        "io_kbytes" : 20420608,
        "bw_bytes" : 347642603,
        "bw" : 339494,
        "iops" : 331.537822,
        "runtime" : 60150,
        "total_ios" : 19942,
        "short_ios" : 0,
        "drop_ios" : 0,
        "slat_ns" : {
          "min" : 0,
          "max" : 0,
          "mean" : 0.000000,
          "stddev" : 0.000000,
          "N" : 0
        },
        "clat_ns" : {
          "min" : 127679,
          "max" : 876750,
          "mean" : 269574.147678,
          "stddev" : 58136.938320,
          "N" : 19942,
          "percentile" : {
            "1.000000" : 140288,
            "5.000000" : 224256,
            "10.000000" : 230400,
            "20.000000" : 238592,
            "30.000000" : 242688,
            "40.000000" : 246784,
            "50.000000" : 252928,
            "60.000000" : 261120,
            "70.000000" : 268288,
            "80.000000" : 301056,
            "90.000000" : 346112,
            "95.000000" : 387072,
            "99.000000" : 452608,
            "99.500000" : 481280,
            "99.900000" : 561152,
            "99.950000" : 585728,
            "99.990000" : 872448
          }
        },
        "lat_ns" : {
          "min" : 135475,
          "max" : 896930,
          "mean" : 281643.466302,
          "stddev" : 59756.971127,
          "N" : 19942
        },
        "bw_min" : 51200,
        "bw_max" : 628736,
        "bw_agg" : 100.000000,
        "bw_mean" : 340333.208333,
        "bw_dev" : 159360.975562,
        "bw_samples" : 120,
        "iops_min" : 50,
        "iops_max" : 614,
        "iops_mean" : 332.350000,
        "iops_stddev" : 155.614404,
        "iops_samples" : 120
      },
      "trim" : {
        "io_bytes" : 0,
        "io_kbytes" : 0,
        "bw_bytes" : 0,
        "bw" : 0,
        "iops" : 0.000000,
        "runtime" : 0,
        "total_ios" : 0,
        "short_ios" : 0,
        "drop_ios" : 0,
        "slat_ns" : {
          "min" : 0,
          "max" : 0,
          "mean" : 0.000000,
          "stddev" : 0.000000,
          "N" : 0
        },
        "clat_ns" : {
          "min" : 0,
          "max" : 0,
          "mean" : 0.000000,
          "stddev" : 0.000000,
          "N" : 0
        },
        "lat_ns" : {
          "min" : 0,
          "max" : 0,
          "mean" : 0.000000,
          "stddev" : 0.000000,
          "N" : 0
        },
        "bw_min" : 0,
        "bw_max" : 0,
        "bw_agg" : 0.000000,
        "bw_mean" : 0.000000,
        "bw_dev" : 0.000000,
        "bw_samples" : 0,
        "iops_min" : 0,
        "iops_max" : 0,
        "iops_mean" : 0.000000,
        "iops_stddev" : 0.000000,
        "iops_samples" : 0
      },
      "sync" : {
        "total_ios" : 0,
        "lat_ns" : {
          "min" : 0,
          "max" : 0,
          "mean" : 0.000000,
          "stddev" : 0.000000,
          "N" : 0
        }
      },
      "job_runtime" : 60149,
      "usr_cpu" : 0.566925,
      "sys_cpu" : 36.755391,
      "ctx" : 41786,
      "majf" : 0,
      "minf" : 10,
      "iodepth_level" : {
        "1" : 100.000000,
        "2" : 0.000000,
        "4" : 0.000000,
        "8" : 0.000000,
        "16" : 0.000000,
        "32" : 0.000000,
        ">=64" : 0.000000
      },
      "iodepth_submit" : {
        "0" : 0.000000,
        "4" : 100.000000,
        "8" : 0.000000,
        "16" : 0.000000,
        "32" : 0.000000,
        "64" : 0.000000,
        ">=64" : 0.000000
      },
      "iodepth_complete" : {
        "0" : 0.000000,
        "4" : 100.000000,
        "8" : 0.000000,
        "16" : 0.000000,
        "32" : 0.000000,
        "64" : 0.000000,
        ">=64" : 0.000000
      },
      "latency_ns" : {
        "2" : 0.000000,
        "4" : 0.000000,
        "10" : 0.000000,
        "20" : 0.000000,
        "50" : 0.000000,
        "100" : 0.000000,
        "250" : 0.000000,
        "500" : 0.000000,
        "750" : 0.000000,
        "1000" : 0.000000
      },
      "latency_us" : {
        "2" : 0.000000,
        "4" : 0.000000,
        "10" : 0.000000,
        "20" : 0.000000,
        "50" : 0.000000,
        "100" : 0.000000,
        "250" : 17.989970,
        "500" : 17.837695,
        "750" : 33.126438,
        "1000" : 30.514590
      },
      "latency_ms" : {
        "2" : 0.398894,
        "4" : 0.038069,
        "10" : 0.034758,
        "20" : 0.010000,
        "50" : 0.011586,
        "100" : 0.011586,
        "250" : 0.026483,
        "500" : 0.000000,
        "750" : 0.000000,
        "1000" : 0.000000,
        "2000" : 0.000000,
        ">=2000" : 0.000000
      },
      "latency_depth" : 1,
      "latency_target" : 0,
      "latency_percentile" : 100.000000,
      "latency_window" : 0
    }
  ],
  "disk_util" : [
    {
      "name" : "nvme0n1",
      "read_ios" : 62629,
      "write_ios" : 30749,
      "read_sectors" : 79259360,
      "write_sectors" : 40842304,
      "read_merges" : 0,
      "write_merges" : 227,
      "read_ticks" : 34126,
      "write_ticks" : 1356117,
      "in_queue" : 1390461,
      "util" : 67.603715
    }
  ]
}
