{
  "fio version" : "fio-3.38",
  "timestamp" : 1729778597,
  "timestamp_ms" : 1729778597764,
  "time" : "Thu Oct 24 16:03:17 2024",
  "jobs" : [
    {
      "jobname" : "output",
      "groupid" : 0,
      "job_start" : 1729778537709,
      "error" : 0,
      "eta" : 0,
      "elapsed" : 61,
      "job options" : {
        "name" : "output",
        "loops" : "5",
        "runtime" : "60",
        "numjobs" : "1",
        "rwmixwrite" : "33",
        "bs" : "16384",
        "filesize" : "1G",
        "rw" : "randrw",
        "direct" : "0"
      },
      "read" : {
        "io_bytes" : 10061676544,
        "io_kbytes" : 9825856,
        "bw_bytes" : 167691814,
        "bw" : 163761,
        "iops" : 10235.096082,
        "runtime" : 60001,
        "total_ios" : 614116,
        "short_ios" : 0,
        "drop_ios" : 0,
        "slat_ns" : {
          "min" : 0,
          "max" : 0,
          "mean" : 0.000000,
          "stddev" : 0.000000,
          "N" : 0
        },
        "clat_ns" : {
          "min" : 31617,
          "max" : 16105508,
          "mean" : 85833.075728,
          "stddev" : 92322.199860,
          "N" : 614116,
          "percentile" : {
            "1.000000" : 71168,
            "5.000000" : 72192,
            "10.000000" : 73216,
            "20.000000" : 74240,
            "30.000000" : 76288,
            "40.000000" : 79360,
            "50.000000" : 87552,
            "60.000000" : 88576,
            "70.000000" : 89600,
            "80.000000" : 90624,
            "90.000000" : 93696,
            "95.000000" : 95744,
            "99.000000" : 113152,
            "99.500000" : 134144,
            "99.900000" : 195584,
            "99.950000" : 272384,
            "99.990000" : 5537792
          }
        },
        "lat_ns" : {
          "min" : 31656,
          "max" : 16105598,
          "mean" : 85861.960996,
          "stddev" : 92324.604900,
          "N" : 614116
        },
        "bw_min" : 20736,
        "bw_max" : 186624,
        "bw_agg" : 100.000000,
        "bw_mean" : 163782.722689,
        "bw_dev" : 42643.386618,
        "bw_samples" : 119,
        "iops_min" : 1296,
        "iops_max" : 11664,
        "iops_mean" : 10236.420168,
        "iops_stddev" : 2665.211664,
        "iops_samples" : 119
      },
      "write" : {
        "io_bytes" : 4962189312,
        "io_kbytes" : 4845888,
        "bw_bytes" : 82701776,
        "bw" : 80763,
        "iops" : 5047.715871,
        "runtime" : 60001,
        "total_ios" : 302868,
        "short_ios" : 0,
        "drop_ios" : 0,
        "slat_ns" : {
          "min" : 0,
          "max" : 0,
          "mean" : 0.000000,
          "stddev" : 0.000000,
          "N" : 0
        },
        "clat_ns" : {
          "min" : 3126,
          "max" : 417219,
          "mean" : 4452.589108,
          "stddev" : 5815.856526,
          "N" : 302868,
          "percentile" : {
            "1.000000" : 3344,
            "5.000000" : 3440,
            "10.000000" : 3536,
            "20.000000" : 3632,
            "30.000000" : 3696,
            "40.000000" : 3760,
            "50.000000" : 3856,
            "60.000000" : 3952,
            "70.000000" : 4128,
            "80.000000" : 4576,
            "90.000000" : 5536,
            "95.000000" : 5792,
            "99.000000" : 6880,
            "99.500000" : 14528,
            "99.900000" : 99840,
            "99.950000" : 181248,
            "99.990000" : 189440
          }
        },
        "lat_ns" : {
          "min" : 3194,
          "max" : 417681,
          "mean" : 4520.534543,
          "stddev" : 5822.323652,
          "N" : 302868
        },
        "bw_min" : 11072,
        "bw_max" : 95968,
        "bw_agg" : 100.000000,
        "bw_mean" : 80801.075630,
        "bw_dev" : 20933.889777,
        "bw_samples" : 119,
        "iops_min" : 692,
        "iops_max" : 5998,
        "iops_mean" : 5050.067227,
        "iops_stddev" : 1308.368111,
        "iops_samples" : 119
      },
      "trim" : {
        "io_bytes" : 0,
        "io_kbytes" : 0,
        "bw_bytes" : 0,
        "bw" : 0,
        "iops" : 0.000000,
        "runtime" : 0,
        "total_ios" : 0,
        "short_ios" : 0,
        "drop_ios" : 0,
        "slat_ns" : {
          "min" : 0,
          "max" : 0,
          "mean" : 0.000000,
          "stddev" : 0.000000,
          "N" : 0
        },
        "clat_ns" : {
          "min" : 0,
          "max" : 0,
          "mean" : 0.000000,
          "stddev" : 0.000000,
          "N" : 0
        },
        "lat_ns" : {
          "min" : 0,
          "max" : 0,
          "mean" : 0.000000,
          "stddev" : 0.000000,
          "N" : 0
        },
        "bw_min" : 0,
        "bw_max" : 0,
        "bw_agg" : 0.000000,
        "bw_mean" : 0.000000,
        "bw_dev" : 0.000000,
        "bw_samples" : 0,
        "iops_min" : 0,
        "iops_max" : 0,
        "iops_mean" : 0.000000,
        "iops_stddev" : 0.000000,
        "iops_samples" : 0
      },
      "sync" : {
        "total_ios" : 0,
        "lat_ns" : {
          "min" : 0,
          "max" : 0,
          "mean" : 0.000000,
          "stddev" : 0.000000,
          "N" : 0
        }
      },
      "job_runtime" : 60000,
      "usr_cpu" : 0.845000,
      "sys_cpu" : 10.596667,
      "ctx" : 629373,
      "majf" : 0,
      "minf" : 13,
      "iodepth_level" : {
        "1" : 100.000000,
        "2" : 0.000000,
        "4" : 0.000000,
        "8" : 0.000000,
        "16" : 0.000000,
        "32" : 0.000000,
        ">=64" : 0.000000
      },
      "iodepth_submit" : {
        "0" : 0.000000,
        "4" : 100.000000,
        "8" : 0.000000,
        "16" : 0.000000,
        "32" : 0.000000,
        "64" : 0.000000,
        ">=64" : 0.000000
      },
      "iodepth_complete" : {
        "0" : 0.000000,
        "4" : 100.000000,
        "8" : 0.000000,
        "16" : 0.000000,
        "32" : 0.000000,
        "64" : 0.000000,
        ">=64" : 0.000000
      },
      "latency_ns" : {
        "2" : 0.000000,
        "4" : 0.000000,
        "10" : 0.000000,
        "20" : 0.000000,
        "50" : 0.000000,
        "100" : 0.000000,
        "250" : 0.000000,
        "500" : 0.000000,
        "750" : 0.000000,
        "1000" : 0.000000
      },
      "latency_us" : {
        "2" : 0.000000,
        "4" : 20.943877,
        "10" : 11.895409,
        "20" : 0.029772,
        "50" : 0.089533,
        "100" : 65.683698,
        "250" : 1.299805,
        "500" : 0.037623,
        "750" : 0.010000,
        "1000" : 0.010000
      },
      "latency_ms" : {
        "2" : 0.010000,
        "4" : 0.010000,
        "10" : 0.013850,
        "20" : 0.010000,
        "50" : 0.000000,
        "100" : 0.000000,
        "250" : 0.000000,
        "500" : 0.000000,
        "750" : 0.000000,
        "1000" : 0.000000,
        "2000" : 0.000000,
        ">=2000" : 0.000000
      },
      "latency_depth" : 1,
      "latency_target" : 0,
      "latency_percentile" : 100.000000,
      "latency_window" : 0
    }
  ],
  "disk_util" : [
    {
      "name" : "nvme0n1",
      "read_ios" : 612985,
      "write_ios" : 210609,
      "read_sectors" : 19615520,
      "write_sectors" : 9320976,
      "read_merges" : 0,
      "write_merges" : 21,
      "read_ticks" : 48894,
      "write_ticks" : 105188,
      "in_queue" : 154137,
      "util" : 87.229961
    }
  ]
}
