{
  "fio version" : "fio-3.38",
  "timestamp" : 1729778718,
  "timestamp_ms" : 1729778718454,
  "time" : "Thu Oct 24 16:05:18 2024",
  "jobs" : [
    {
      "jobname" : "output",
      "groupid" : 0,
      "job_start" : 1729778658305,
      "error" : 0,
      "eta" : 0,
      "elapsed" : 61,
      "job options" : {
        "name" : "output",
        "loops" : "5",
        "runtime" : "60",
        "numjobs" : "1",
        "rwmixwrite" : "33",
        "bs" : "65536",
        "filesize" : "1G",
        "rw" : "randrw",
        "direct" : "0"
      },
      "read" : {
        "io_bytes" : 18683330560,
        "io_kbytes" : 18245440,
        "bw_bytes" : 311010446,
        "bw" : 303721,
        "iops" : 4745.642801,
        "runtime" : 60073,
        "total_ios" : 285085,
        "short_ios" : 0,
        "drop_ios" : 0,
        "slat_ns" : {
          "min" : 0,
          "max" : 0,
          "mean" : 0.000000,
          "stddev" : 0.000000,
          "N" : 0
        },
        "clat_ns" : {
          "min" : 80557,
          "max" : 20092842,
          "mean" : 161370.929102,
          "stddev" : 150074.863500,
          "N" : 285085,
          "percentile" : {
            "1.000000" : 105984,
            "5.000000" : 113152,
            "10.000000" : 115200,
            "20.000000" : 121344,
            "30.000000" : 127488,
            "40.000000" : 134144,
            "50.000000" : 154624,
            "60.000000" : 158720,
            "70.000000" : 179200,
            "80.000000" : 187392,
            "90.000000" : 207872,
            "95.000000" : 254976,
            "99.000000" : 292864,
            "99.500000" : 313344,
            "99.900000" : 378880,
            "99.950000" : 489472,
            "99.990000" : 7700480
          }
        },
        "lat_ns" : {
          "min" : 80597,
          "max" : 20093083,
          "mean" : 161427.735581,
          "stddev" : 150082.908329,
          "N" : 285085
        },
        "bw_min" : 19968,
        "bw_max" : 428288,
        "bw_agg" : 100.000000,
        "bw_mean" : 304088.808333,
        "bw_dev" : 111508.726467,
        "bw_samples" : 120,
        "iops_min" : 312,
        "iops_max" : 6692,
        "iops_mean" : 4751.383333,
        "iops_stddev" : 1742.333831,
        "iops_samples" : 120
      },
      "write" : {
        "io_bytes" : 9234022400,
        "io_kbytes" : 9017600,
        "bw_bytes" : 153713355,
        "bw" : 150110,
        "iops" : 2345.479666,
        "runtime" : 60073,
        "total_ios" : 140900,
        "short_ios" : 0,
        "drop_ios" : 0,
        "slat_ns" : {
          "min" : 0,
          "max" : 0,
          "mean" : 0.000000,
          "stddev" : 0.000000,
          "N" : 0
        },
        "clat_ns" : {
          "min" : 12062,
          "max" : 513419,
          "mean" : 16689.784258,
          "stddev" : 12200.634272,
          "N" : 140900,
          "percentile" : {
            "1.000000" : 12608,
            "5.000000" : 12992,
            "10.000000" : 13248,
            "20.000000" : 13632,
            "30.000000" : 14144,
            "40.000000" : 14784,
            "50.000000" : 15168,
            "60.000000" : 15424,
            "70.000000" : 15936,
            "80.000000" : 16512,
            "90.000000" : 18816,
            "95.000000" : 20608,
            "99.000000" : 54528,
            "99.500000" : 111104,
            "99.900000" : 197632,
            "99.950000" : 201728,
            "99.990000" : 242688
          }
        },
        "lat_ns" : {
          "min" : 12352,
          "max" : 513790,
          "mean" : 17028.674031,
          "stddev" : 12221.067151,
          "N" : 140900
        },
        "bw_min" : 8448,
        "bw_max" : 220928,
        "bw_agg" : 100.000000,
        "bw_mean" : 150292.925000,
        "bw_dev" : 55662.092883,
        "bw_samples" : 120,
        "iops_min" : 132,
        "iops_max" : 3452,
        "iops_mean" : 2348.325000,
        "iops_stddev" : 869.724656,
        "iops_samples" : 120
      },
      "trim" : {
        "io_bytes" : 0,
        "io_kbytes" : 0,
        "bw_bytes" : 0,
        "bw" : 0,
        "iops" : 0.000000,
        "runtime" : 0,
        "total_ios" : 0,
        "short_ios" : 0,
        "drop_ios" : 0,
        "slat_ns" : {
          "min" : 0,
          "max" : 0,
          "mean" : 0.000000,
          "stddev" : 0.000000,
          "N" : 0
        },
        "clat_ns" : {
          "min" : 0,
          "max" : 0,
          "mean" : 0.000000,
          "stddev" : 0.000000,
          "N" : 0
        },
        "lat_ns" : {
          "min" : 0,
          "max" : 0,
          "mean" : 0.000000,
          "stddev" : 0.000000,
          "N" : 0
        },
        "bw_min" : 0,
        "bw_max" : 0,
        "bw_agg" : 0.000000,
        "bw_mean" : 0.000000,
        "bw_dev" : 0.000000,
        "bw_samples" : 0,
        "iops_min" : 0,
        "iops_max" : 0,
        "iops_mean" : 0.000000,
        "iops_stddev" : 0.000000,
        "iops_samples" : 0
      },
      "sync" : {
        "total_ios" : 0,
        "lat_ns" : {
          "min" : 0,
          "max" : 0,
          "mean" : 0.000000,
          "stddev" : 0.000000,
          "N" : 0
        }
      },
      "job_runtime" : 60072,
      "usr_cpu" : 0.590958,
      "sys_cpu" : 17.600546,
      "ctx" : 287060,
      "majf" : 0,
      "minf" : 13,
      "iodepth_level" : {
        "1" : 100.000000,
        "2" : 0.000000,
        "4" : 0.000000,
        "8" : 0.000000,
        "16" : 0.000000,
        "32" : 0.000000,
        ">=64" : 0.000000
      },
      "iodepth_submit" : {
        "0" : 0.000000,
        "4" : 100.000000,
        "8" : 0.000000,
        "16" : 0.000000,
        "32" : 0.000000,
        "64" : 0.000000,
        ">=64" : 0.000000
      },
      "iodepth_complete" : {
        "0" : 0.000000,
        "4" : 100.000000,
        "8" : 0.000000,
        "16" : 0.000000,
        "32" : 0.000000,
        "64" : 0.000000,
        ">=64" : 0.000000
      },
      "latency_ns" : {
        "2" : 0.000000,
        "4" : 0.000000,
        "10" : 0.000000,
        "20" : 0.000000,
        "50" : 0.000000,
        "100" : 0.000000,
        "250" : 0.000000,
        "500" : 0.000000,
        "750" : 0.000000,
        "1000" : 0.000000
      },
      "latency_us" : {
        "2" : 0.000000,
        "4" : 0.000000,
        "10" : 0.000000,
        "20" : 30.986068,
        "50" : 1.742080,
        "100" : 0.610350,
        "250" : 62.985316,
        "500" : 3.642851,
        "750" : 0.010000,
        "1000" : 0.010000
      },
      "latency_ms" : {
        "2" : 0.010000,
        "4" : 0.010000,
        "10" : 0.013850,
        "20" : 0.010000,
        "50" : 0.010000,
        "100" : 0.000000,
        "250" : 0.000000,
        "500" : 0.000000,
        "750" : 0.000000,
        "1000" : 0.000000,
        "2000" : 0.000000,
        ">=2000" : 0.000000
      },
      "latency_depth" : 1,
      "latency_target" : 0,
      "latency_percentile" : 100.000000,
      "latency_window" : 0
    }
  ],
  "disk_util" : [
    {
      "name" : "nvme0n1",
      "read_ios" : 285084,
      "write_ios" : 101961,
      "read_sectors" : 36490752,
      "write_sectors" : 18557960,
      "read_merges" : 0,
      "write_merges" : 29,
      "read_ticks" : 40421,
      "write_ticks" : 1109262,
      "in_queue" : 1149772,
      "util" : 83.226312
    }
  ]
}
