{
  "fio version" : "fio-3.38",
  "timestamp" : 1729778839,
  "timestamp_ms" : 1729778839041,
  "time" : "Thu Oct 24 16:07:19 2024",
  "jobs" : [
    {
      "jobname" : "output",
      "groupid" : 0,
      "job_start" : 1729778778988,
      "error" : 0,
      "eta" : 0,
      "elapsed" : 61,
      "job options" : {
        "name" : "output",
        "loops" : "5",
        "runtime" : "60",
        "numjobs" : "1",
        "rwmixwrite" : "33",
        "bs" : "262144",
        "filesize" : "1G",
        "rw" : "randrw",
        "direct" : "0"
      },
      "read" : {
        "io_bytes" : 37938528256,
        "io_kbytes" : 37049344,
        "bw_bytes" : 632298265,
        "bw" : 617478,
        "iops" : 2412.026466,
        "runtime" : 60001,
        "total_ios" : 144724,
        "short_ios" : 0,
        "drop_ios" : 0,
        "slat_ns" : {
          "min" : 0,
          "max" : 0,
          "mean" : 0.000000,
          "stddev" : 0.000000,
          "N" : 0
        },
        "clat_ns" : {
          "min" : 27243,
          "max" : 78603555,
          "mean" : 239822.249579,
          "stddev" : 373368.300994,
          "N" : 144724,
          "percentile" : {
            "1.000000" : 191488,
            "5.000000" : 199680,
            "10.000000" : 203776,
            "20.000000" : 209920,
            "30.000000" : 211968,
            "40.000000" : 214016,
            "50.000000" : 218112,
            "60.000000" : 228352,
            "70.000000" : 232448,
            "80.000000" : 261120,
            "90.000000" : 288768,
            "95.000000" : 309248,
            "99.000000" : 395264,
            "99.500000" : 419840,
            "99.900000" : 536576,
            "99.950000" : 2146304,
            "99.990000" : 18743296
          }
        },
        "lat_ns" : {
          "min" : 27288,
          "max" : 78604390,
          "mean" : 239877.257532,
          "stddev" : 373374.018610,
          "N" : 144724
        },
        "bw_min" : 156672,
        "bw_max" : 1014784,
        "bw_agg" : 99.673710,
        "bw_mean" : 615464.142857,
        "bw_dev" : 275768.090302,
        "bw_samples" : 119,
        "iops_min" : 612,
        "iops_max" : 3964,
        "iops_mean" : 2404.168067,
        "iops_stddev" : 1077.247106,
        "iops_samples" : 119
      },
      "write" : {
        "io_bytes" : 18689032192,
        "io_kbytes" : 18251008,
        "bw_bytes" : 311478678,
        "bw" : 304178,
        "iops" : 1188.196863,
        "runtime" : 60001,
        "total_ios" : 71293,
        "short_ios" : 0,
        "drop_ios" : 0,
        "slat_ns" : {
          "min" : 0,
          "max" : 0,
          "mean" : 0.000000,
          "stddev" : 0.000000,
          "N" : 0
        },
        "clat_ns" : {
          "min" : 31642,
          "max" : 1292968,
          "mean" : 62830.601125,
          "stddev" : 24535.345496,
          "N" : 71293,
          "percentile" : {
            "1.000000" : 54016,
            "5.000000" : 54528,
            "10.000000" : 55040,
            "20.000000" : 55552,
            "30.000000" : 56064,
            "40.000000" : 56576,
            "50.000000" : 57088,
            "60.000000" : 57600,
            "70.000000" : 58112,
            "80.000000" : 61184,
            "90.000000" : 64768,
            "95.000000" : 89600,
            "99.000000" : 171008,
            "99.500000" : 242688,
            "99.900000" : 268288,
            "99.950000" : 305152,
            "99.990000" : 395264
          }
        },
        "lat_ns" : {
          "min" : 33108,
          "max" : 1294591,
          "mean" : 64503.736973,
          "stddev" : 24627.046955,
          "N" : 71293
        },
        "bw_min" : 72192,
        "bw_max" : 512512,
        "bw_agg" : 99.603721,
        "bw_mean" : 302973.336134,
        "bw_dev" : 137865.662498,
        "bw_samples" : 119,
        "iops_min" : 282,
        "iops_max" : 2002,
        "iops_mean" : 1183.487395,
        "iops_stddev" : 538.541106,
        "iops_samples" : 119
      },
      "trim" : {
        "io_bytes" : 0,
        "io_kbytes" : 0,
        "bw_bytes" : 0,
        "bw" : 0,
        "iops" : 0.000000,
        "runtime" : 0,
        "total_ios" : 0,
        "short_ios" : 0,
        "drop_ios" : 0,
        "slat_ns" : {
          "min" : 0,
          "max" : 0,
          "mean" : 0.000000,
          "stddev" : 0.000000,
          "N" : 0
        },
        "clat_ns" : {
          "min" : 0,
          "max" : 0,
          "mean" : 0.000000,
          "stddev" : 0.000000,
          "N" : 0
        },
        "lat_ns" : {
          "min" : 0,
          "max" : 0,
          "mean" : 0.000000,
          "stddev" : 0.000000,
          "N" : 0
        },
        "bw_min" : 0,
        "bw_max" : 0,
        "bw_agg" : 0.000000,
        "bw_mean" : 0.000000,
        "bw_dev" : 0.000000,
        "bw_samples" : 0,
        "iops_min" : 0,
        "iops_max" : 0,
        "iops_mean" : 0.000000,
        "iops_stddev" : 0.000000,
        "iops_samples" : 0
      },
      "sync" : {
        "total_ios" : 0,
        "lat_ns" : {
          "min" : 0,
          "max" : 0,
          "mean" : 0.000000,
          "stddev" : 0.000000,
          "N" : 0
        }
      },
      "job_runtime" : 60000,
      "usr_cpu" : 0.483333,
      "sys_cpu" : 32.083333,
      "ctx" : 147059,
      "majf" : 0,
      "minf" : 12,
      "iodepth_level" : {
        "1" : 100.000000,
        "2" : 0.000000,
        "4" : 0.000000,
        "8" : 0.000000,
        "16" : 0.000000,
        "32" : 0.000000,
        ">=64" : 0.000000
      },
      "iodepth_submit" : {
        "0" : 0.000000,
        "4" : 100.000000,
        "8" : 0.000000,
        "16" : 0.000000,
        "32" : 0.000000,
        "64" : 0.000000,
        ">=64" : 0.000000
      },
      "iodepth_complete" : {
        "0" : 0.000000,
        "4" : 100.000000,
        "8" : 0.000000,
        "16" : 0.000000,
        "32" : 0.000000,
        "64" : 0.000000,
        ">=64" : 0.000000
      },
      "latency_ns" : {
        "2" : 0.000000,
        "4" : 0.000000,
        "10" : 0.000000,
        "20" : 0.000000,
        "50" : 0.000000,
        "100" : 0.000000,
        "250" : 0.000000,
        "500" : 0.000000,
        "750" : 0.000000,
        "1000" : 0.000000
      },
      "latency_us" : {
        "2" : 0.000000,
        "4" : 0.000000,
        "10" : 0.000000,
        "20" : 0.000000,
        "50" : 0.281459,
        "100" : 31.586403,
        "250" : 53.066194,
        "500" : 14.970581,
        "750" : 0.050459,
        "1000" : 0.010000
      },
      "latency_ms" : {
        "2" : 0.010000,
        "4" : 0.010000,
        "10" : 0.015277,
        "20" : 0.010000,
        "50" : 0.010000,
        "100" : 0.010000,
        "250" : 0.000000,
        "500" : 0.000000,
        "750" : 0.000000,
        "1000" : 0.000000,
        "2000" : 0.000000,
        ">=2000" : 0.000000
      },
      "latency_depth" : 1,
      "latency_target" : 0,
      "latency_percentile" : 100.000000,
      "latency_window" : 0
    }
  ],
  "disk_util" : [
    {
      "name" : "nvme0n1",
      "read_ios" : 143929,
      "write_ios" : 52377,
      "read_sectors" : 73691184,
      "write_sectors" : 36618224,
      "read_merges" : 0,
      "write_merges" : 28,
      "read_ticks" : 25136,
      "write_ticks" : 2694319,
      "in_queue" : 2719566,
      "util" : 67.348369
    }
  ]
}
