{
  "fio version" : "fio-3.38",
  "timestamp" : 1729778899,
  "timestamp_ms" : 1729778899684,
  "time" : "Thu Oct 24 16:08:19 2024",
  "jobs" : [
    {
      "jobname" : "output",
      "groupid" : 0,
      "job_start" : 1729778839287,
      "error" : 0,
      "eta" : 0,
      "elapsed" : 61,
      "job options" : {
        "name" : "output",
        "loops" : "5",
        "runtime" : "60",
        "numjobs" : "1",
        "rwmixwrite" : "33",
        "bs" : "524288",
        "filesize" : "1G",
        "rw" : "randrw",
        "direct" : "0"
      },
      "read" : {
        "io_bytes" : 41722839040,
        "io_kbytes" : 40744960,
        "bw_bytes" : 691382157,
        "bw" : 675177,
        "iops" : 1318.706812,
        "runtime" : 60347,
        "total_ios" : 79580,
        "short_ios" : 0,
        "drop_ios" : 0,
        "slat_ns" : {
          "min" : 0,
          "max" : 0,
          "mean" : 0.000000,
          "stddev" : 0.000000,
          "N" : 0
        },
        "clat_ns" : {
          "min" : 55776,
          "max" : 217569713,
          "mean" : 424054.722820,
          "stddev" : 1995339.904354,
          "N" : 79580,
          "percentile" : {
            "1.000000" : 62208,
            "5.000000" : 337920,
            "10.000000" : 342016,
            "20.000000" : 346112,
            "30.000000" : 350208,
            "40.000000" : 358400,
            "50.000000" : 370688,
            "60.000000" : 403456,
            "70.000000" : 419840,
            "80.000000" : 440320,
            "90.000000" : 460800,
            "95.000000" : 493568,
            "99.000000" : 593920,
            "99.500000" : 643072,
            "99.900000" : 6455296,
            "99.950000" : 12779520,
            "99.990000" : 129499136
          }
        },
        "lat_ns" : {
          "min" : 55938,
          "max" : 217570543,
          "mean" : 424128.645954,
          "stddev" : 1995349.093576,
          "N" : 79580
        },
        "bw_min" : 126976,
        "bw_max" : 1207296,
        "bw_agg" : 100.000000,
        "bw_mean" : 679074.133333,
        "bw_dev" : 328617.093559,
        "bw_samples" : 120,
        "iops_min" : 248,
        "iops_max" : 2358,
        "iops_mean" : 1326.316667,
        "iops_stddev" : 641.830261,
        "iops_samples" : 120
      },
      "write" : {
        "io_bytes" : 20554711040,
        "io_kbytes" : 20072960,
        "bw_bytes" : 340608663,
        "bw" : 332625,
        "iops" : 649.659469,
        "runtime" : 60347,
        "total_ios" : 39205,
        "short_ios" : 0,
        "drop_ios" : 0,
        "slat_ns" : {
          "min" : 0,
          "max" : 0,
          "mean" : 0.000000,
          "stddev" : 0.000000,
          "N" : 0
        },
        "clat_ns" : {
          "min" : 63553,
          "max" : 713581,
          "mean" : 126813.810636,
          "stddev" : 36092.453663,
          "N" : 39205,
          "percentile" : {
            "1.000000" : 68096,
            "5.000000" : 111104,
            "10.000000" : 112128,
            "20.000000" : 113152,
            "30.000000" : 114176,
            "40.000000" : 115200,
            "50.000000" : 117248,
            "60.000000" : 118272,
            "70.000000" : 121344,
            "80.000000" : 125440,
            "90.000000" : 150528,
            "95.000000" : 203776,
            "99.000000" : 305152,
            "99.500000" : 313344,
            "99.900000" : 382976,
            "99.950000" : 403456,
            "99.990000" : 518144
          }
        },
        "lat_ns" : {
          "min" : 66451,
          "max" : 751141,
          "mean" : 131094.258717,
          "stddev" : 36344.727356,
          "N" : 39205
        },
        "bw_min" : 59392,
        "bw_max" : 593920,
        "bw_agg" : 100.000000,
        "bw_mean" : 334549.333333,
        "bw_dev" : 164025.032771,
        "bw_samples" : 120,
        "iops_min" : 116,
        "iops_max" : 1160,
        "iops_mean" : 653.416667,
        "iops_stddev" : 320.361392,
        "iops_samples" : 120
      },
      "trim" : {
        "io_bytes" : 0,
        "io_kbytes" : 0,
        "bw_bytes" : 0,
        "bw" : 0,
        "iops" : 0.000000,
        "runtime" : 0,
        "total_ios" : 0,
        "short_ios" : 0,
        "drop_ios" : 0,
        "slat_ns" : {
          "min" : 0,
          "max" : 0,
          "mean" : 0.000000,
          "stddev" : 0.000000,
          "N" : 0
        },
        "clat_ns" : {
          "min" : 0,
          "max" : 0,
          "mean" : 0.000000,
          "stddev" : 0.000000,
          "N" : 0
        },
        "lat_ns" : {
          "min" : 0,
          "max" : 0,
          "mean" : 0.000000,
          "stddev" : 0.000000,
          "N" : 0
        },
        "bw_min" : 0,
        "bw_max" : 0,
        "bw_agg" : 0.000000,
        "bw_mean" : 0.000000,
        "bw_dev" : 0.000000,
        "bw_samples" : 0,
        "iops_min" : 0,
        "iops_max" : 0,
        "iops_mean" : 0.000000,
        "iops_stddev" : 0.000000,
        "iops_samples" : 0
      },
      "sync" : {
        "total_ios" : 0,
        "lat_ns" : {
          "min" : 0,
          "max" : 0,
          "mean" : 0.000000,
          "stddev" : 0.000000,
          "N" : 0
        }
      },
      "job_runtime" : 60346,
      "usr_cpu" : 0.533590,
      "sys_cpu" : 35.238458,
      "ctx" : 80599,
      "majf" : 0,
      "minf" : 11,
      "iodepth_level" : {
        "1" : 100.000000,
        "2" : 0.000000,
        "4" : 0.000000,
        "8" : 0.000000,
        "16" : 0.000000,
        "32" : 0.000000,
        ">=64" : 0.000000
      },
      "iodepth_submit" : {
        "0" : 0.000000,
        "4" : 100.000000,
        "8" : 0.000000,
        "16" : 0.000000,
        "32" : 0.000000,
        "64" : 0.000000,
        ">=64" : 0.000000
      },
      "iodepth_complete" : {
        "0" : 0.000000,
        "4" : 100.000000,
        "8" : 0.000000,
        "16" : 0.000000,
        "32" : 0.000000,
        "64" : 0.000000,
        ">=64" : 0.000000
      },
      "latency_ns" : {
        "2" : 0.000000,
        "4" : 0.000000,
        "10" : 0.000000,
        "20" : 0.000000,
        "50" : 0.000000,
        "100" : 0.000000,
        "250" : 0.000000,
        "500" : 0.000000,
        "750" : 0.000000,
        "1000" : 0.000000
      },
      "latency_us" : {
        "2" : 0.000000,
        "4" : 0.000000,
        "10" : 0.000000,
        "20" : 0.000000,
        "50" : 0.000000,
        "100" : 3.384266,
        "250" : 31.317927,
        "500" : 62.258703,
        "750" : 2.878310,
        "1000" : 0.037042
      },
      "latency_ms" : {
        "2" : 0.012628,
        "4" : 0.017679,
        "10" : 0.051353,
        "20" : 0.013470,
        "50" : 0.018521,
        "100" : 0.010000,
        "250" : 0.010000,
        "500" : 0.000000,
        "750" : 0.000000,
        "1000" : 0.000000,
        "2000" : 0.000000,
        ">=2000" : 0.000000
      },
      "latency_depth" : 1,
      "latency_target" : 0,
      "latency_percentile" : 100.000000,
      "latency_window" : 0
    }
  ],
  "disk_util" : [
    {
      "name" : "nvme0n1",
      "read_ios" : 76804,
      "write_ios" : 35119,
      "read_sectors" : 78646768,
      "write_sectors" : 40357016,
      "read_merges" : 0,
      "write_merges" : 66,
      "read_ticks" : 23129,
      "write_ticks" : 1554067,
      "in_queue" : 1577403,
      "util" : 68.693413
    }
  ]
}
