{
  "fio version" : "fio-3.38",
  "timestamp" : 1729870942,
  "timestamp_ms" : 1729870942194,
  "time" : "Fri Oct 25 17:42:22 2024",
  "jobs" : [
    {
      "jobname" : "output",
      "groupid" : 0,
      "job_start" : 1729870882158,
      "error" : 0,
      "eta" : 0,
      "elapsed" : 61,
      "job options" : {
        "name" : "output",
        "loops" : "5",
        "runtime" : "60",
        "numjobs" : "1",
        "rwmixwrite" : "12.5",
        "bs" : "16k",
        "filesize" : "1G",
        "rw" : "rw",
        "direct" : "1"
      },
      "read" : {
        "io_bytes" : 406453977088,
        "io_kbytes" : 396927712,
        "bw_bytes" : 6774120049,
        "bw" : 6615351,
        "iops" : 413459.475675,
        "runtime" : 60001,
        "total_ios" : 24807982,
        "short_ios" : 0,
        "drop_ios" : 0,
        "slat_ns" : {
          "min" : 0,
          "max" : 0,
          "mean" : 0.000000,
          "stddev" : 0.000000,
          "N" : 0
        },
        "clat_ns" : {
          "min" : 566,
          "max" : 175120,
          "mean" : 1966.078294,
          "stddev" : 1594.186517,
          "N" : 24807982,
          "percentile" : {
            "1.000000" : 1608,
            "5.000000" : 1656,
            "10.000000" : 1688,
            "20.000000" : 1736,
            "30.000000" : 1768,
            "40.000000" : 1800,
            "50.000000" : 1832,
            "60.000000" : 1864,
            "70.000000" : 1912,
            "80.000000" : 1992,
            "90.000000" : 2096,
            "95.000000" : 2192,
            "99.000000" : 2512,
            "99.500000" : 5088,
            "99.900000" : 31616,
            "99.950000" : 34560,
            "99.990000" : 42240
          }
        },
        "lat_ns" : {
          "min" : 590,
          "max" : 175146,
          "mean" : 1990.726777,
          "stddev" : 1603.702123,
          "N" : 24807982
        },
        "bw_min" : 6474624,
        "bw_max" : 6796480,
        "bw_agg" : 100.000000,
        "bw_mean" : 6619839.462185,
        "bw_dev" : 72787.192792,
        "bw_samples" : 119,
        "iops_min" : 404664,
        "iops_max" : 424780,
        "iops_mean" : 413740.067227,
        "iops_stddev" : 4549.265703,
        "iops_samples" : 119
      },
      "write" : {
        "io_bytes" : 55447748608,
        "io_kbytes" : 54148192,
        "bw_bytes" : 924113741,
        "bw" : 902454,
        "iops" : 56403.426610,
        "runtime" : 60001,
        "total_ios" : 3384262,
        "short_ios" : 0,
        "drop_ios" : 0,
        "slat_ns" : {
          "min" : 0,
          "max" : 0,
          "mean" : 0.000000,
          "stddev" : 0.000000,
          "N" : 0
        },
        "clat_ns" : {
          "min" : 705,
          "max" : 72502,
          "mean" : 1745.146037,
          "stddev" : 1520.190988,
          "N" : 3384262,
          "percentile" : {
            "1.000000" : 1432,
            "5.000000" : 1464,
            "10.000000" : 1496,
            "20.000000" : 1528,
            "30.000000" : 1560,
            "40.000000" : 1592,
            "50.000000" : 1624,
            "60.000000" : 1656,
            "70.000000" : 1688,
            "80.000000" : 1768,
            "90.000000" : 1880,
            "95.000000" : 1960,
            "99.000000" : 2224,
            "99.500000" : 3984,
            "99.900000" : 31104,
            "99.950000" : 34048,
            "99.990000" : 42240
          }
        },
        "lat_ns" : {
          "min" : 755,
          "max" : 72570,
          "mean" : 1798.474757,
          "stddev" : 1541.904873,
          "N" : 3384262
        },
        "bw_min" : 877248,
        "bw_max" : 928960,
        "bw_agg" : 100.000000,
        "bw_mean" : 903109.647059,
        "bw_dev" : 11614.392677,
        "bw_samples" : 119,
        "iops_min" : 54828,
        "iops_max" : 58060,
        "iops_mean" : 56444.352941,
        "iops_stddev" : 725.899542,
        "iops_samples" : 119
      },
      "trim" : {
        "io_bytes" : 0,
        "io_kbytes" : 0,
        "bw_bytes" : 0,
        "bw" : 0,
        "iops" : 0.000000,
        "runtime" : 0,
        "total_ios" : 0,
        "short_ios" : 0,
        "drop_ios" : 0,
        "slat_ns" : {
          "min" : 0,
          "max" : 0,
          "mean" : 0.000000,
          "stddev" : 0.000000,
          "N" : 0
        },
        "clat_ns" : {
          "min" : 0,
          "max" : 0,
          "mean" : 0.000000,
          "stddev" : 0.000000,
          "N" : 0
        },
        "lat_ns" : {
          "min" : 0,
          "max" : 0,
          "mean" : 0.000000,
          "stddev" : 0.000000,
          "N" : 0
        },
        "bw_min" : 0,
        "bw_max" : 0,
        "bw_agg" : 0.000000,
        "bw_mean" : 0.000000,
        "bw_dev" : 0.000000,
        "bw_samples" : 0,
        "iops_min" : 0,
        "iops_max" : 0,
        "iops_mean" : 0.000000,
        "iops_stddev" : 0.000000,
        "iops_samples" : 0
      },
      "sync" : {
        "total_ios" : 0,
        "lat_ns" : {
          "min" : 0,
          "max" : 0,
          "mean" : 0.000000,
          "stddev" : 0.000000,
          "N" : 0
        }
      },
      "job_runtime" : 60000,
      "usr_cpu" : 12.708333,
      "sys_cpu" : 87.148333,
      "ctx" : 121,
      "majf" : 0,
      "minf" : 12,
      "iodepth_level" : {
        "1" : 100.000000,
        "2" : 0.000000,
        "4" : 0.000000,
        "8" : 0.000000,
        "16" : 0.000000,
        "32" : 0.000000,
        ">=64" : 0.000000
      },
      "iodepth_submit" : {
        "0" : 0.000000,
        "4" : 100.000000,
        "8" : 0.000000,
        "16" : 0.000000,
        "32" : 0.000000,
        "64" : 0.000000,
        ">=64" : 0.000000
      },
      "iodepth_complete" : {
        "0" : 0.000000,
        "4" : 100.000000,
        "8" : 0.000000,
        "16" : 0.000000,
        "32" : 0.000000,
        "64" : 0.000000,
        ">=64" : 0.000000
      },
      "latency_ns" : {
        "2" : 0.000000,
        "4" : 0.000000,
        "10" : 0.000000,
        "20" : 0.000000,
        "50" : 0.000000,
        "100" : 0.000000,
        "250" : 0.000000,
        "500" : 0.000000,
        "750" : 0.010000,
        "1000" : 0.017789
      },
      "latency_us" : {
        "2" : 82.622398,
        "4" : 16.786071,
        "10" : 0.158338,
        "20" : 0.185831,
        "50" : 0.224526,
        "100" : 0.010000,
        "250" : 0.010000,
        "500" : 0.000000,
        "750" : 0.000000,
        "1000" : 0.000000
      },
      "latency_ms" : {
        "2" : 0.000000,
        "4" : 0.000000,
        "10" : 0.000000,
        "20" : 0.000000,
        "50" : 0.000000,
        "100" : 0.000000,
        "250" : 0.000000,
        "500" : 0.000000,
        "750" : 0.000000,
        "1000" : 0.000000,
        "2000" : 0.000000,
        ">=2000" : 0.000000
      },
      "latency_depth" : 1,
      "latency_target" : 0,
      "latency_percentile" : 100.000000,
      "latency_window" : 0
    }
  ]
}
