{
  "fio version" : "fio-3.38",
  "timestamp" : 1729871002,
  "timestamp_ms" : 1729871002466,
  "time" : "Fri Oct 25 17:43:22 2024",
  "jobs" : [
    {
      "jobname" : "output",
      "groupid" : 0,
      "job_start" : 1729870942439,
      "error" : 0,
      "eta" : 0,
      "elapsed" : 61,
      "job options" : {
        "name" : "output",
        "loops" : "5",
        "runtime" : "60",
        "numjobs" : "1",
        "rwmixwrite" : "25.0",
        "bs" : "16k",
        "filesize" : "1G",
        "rw" : "rw",
        "direct" : "1"
      },
      "read" : {
        "io_bytes" : 343882776576,
        "io_kbytes" : 335823024,
        "bw_bytes" : 5731284088,
        "bw" : 5596957,
        "iops" : 349809.819836,
        "runtime" : 60001,
        "total_ios" : 20988939,
        "short_ios" : 0,
        "drop_ios" : 0,
        "slat_ns" : {
          "min" : 0,
          "max" : 0,
          "mean" : 0.000000,
          "stddev" : 0.000000,
          "N" : 0
        },
        "clat_ns" : {
          "min" : 569,
          "max" : 129555,
          "mean" : 2012.659574,
          "stddev" : 1635.037600,
          "N" : 20988939,
          "percentile" : {
            "1.000000" : 1624,
            "5.000000" : 1688,
            "10.000000" : 1720,
            "20.000000" : 1768,
            "30.000000" : 1800,
            "40.000000" : 1832,
            "50.000000" : 1864,
            "60.000000" : 1912,
            "70.000000" : 1976,
            "80.000000" : 2040,
            "90.000000" : 2160,
            "95.000000" : 2256,
            "99.000000" : 2608,
            "99.500000" : 5344,
            "99.900000" : 32128,
            "99.950000" : 35072,
            "99.990000" : 42752
          }
        },
        "lat_ns" : {
          "min" : 592,
          "max" : 129580,
          "mean" : 2037.669122,
          "stddev" : 1645.669062,
          "N" : 20988939
        },
        "bw_min" : 5482528,
        "bw_max" : 5691584,
        "bw_agg" : 100.000000,
        "bw_mean" : 5599428.840336,
        "bw_dev" : 34264.551220,
        "bw_samples" : 119,
        "iops_min" : 342658,
        "iops_max" : 355724,
        "iops_mean" : 349964.319328,
        "iops_stddev" : 2141.531259,
        "iops_samples" : 119
      },
      "write" : {
        "io_bytes" : 114647728128,
        "io_kbytes" : 111960672,
        "bw_bytes" : 1910763622,
        "bw" : 1865980,
        "iops" : 116623.756271,
        "runtime" : 60001,
        "total_ios" : 6997542,
        "short_ios" : 0,
        "drop_ios" : 0,
        "slat_ns" : {
          "min" : 0,
          "max" : 0,
          "mean" : 0.000000,
          "stddev" : 0.000000,
          "N" : 0
        },
        "clat_ns" : {
          "min" : 711,
          "max" : 131076,
          "mean" : 1748.169546,
          "stddev" : 1529.464074,
          "N" : 6997542,
          "percentile" : {
            "1.000000" : 1432,
            "5.000000" : 1464,
            "10.000000" : 1496,
            "20.000000" : 1544,
            "30.000000" : 1576,
            "40.000000" : 1592,
            "50.000000" : 1624,
            "60.000000" : 1656,
            "70.000000" : 1704,
            "80.000000" : 1752,
            "90.000000" : 1864,
            "95.000000" : 1960,
            "99.000000" : 2224,
            "99.500000" : 3728,
            "99.900000" : 31360,
            "99.950000" : 34560,
            "99.990000" : 41728
          }
        },
        "lat_ns" : {
          "min" : 764,
          "max" : 131137,
          "mean" : 1801.676436,
          "stddev" : 1554.769028,
          "N" : 6997542
        },
        "bw_min" : 1831072,
        "bw_max" : 1892128,
        "bw_agg" : 100.000000,
        "bw_mean" : 1866733.714286,
        "bw_dev" : 11894.458411,
        "bw_samples" : 119,
        "iops_min" : 114442,
        "iops_max" : 118258,
        "iops_mean" : 116670.840336,
        "iops_stddev" : 743.372138,
        "iops_samples" : 119
      },
      "trim" : {
        "io_bytes" : 0,
        "io_kbytes" : 0,
        "bw_bytes" : 0,
        "bw" : 0,
        "iops" : 0.000000,
        "runtime" : 0,
        "total_ios" : 0,
        "short_ios" : 0,
        "drop_ios" : 0,
        "slat_ns" : {
          "min" : 0,
          "max" : 0,
          "mean" : 0.000000,
          "stddev" : 0.000000,
          "N" : 0
        },
        "clat_ns" : {
          "min" : 0,
          "max" : 0,
          "mean" : 0.000000,
          "stddev" : 0.000000,
          "N" : 0
        },
        "lat_ns" : {
          "min" : 0,
          "max" : 0,
          "mean" : 0.000000,
          "stddev" : 0.000000,
          "N" : 0
        },
        "bw_min" : 0,
        "bw_max" : 0,
        "bw_agg" : 0.000000,
        "bw_mean" : 0.000000,
        "bw_dev" : 0.000000,
        "bw_samples" : 0,
        "iops_min" : 0,
        "iops_max" : 0,
        "iops_mean" : 0.000000,
        "iops_stddev" : 0.000000,
        "iops_samples" : 0
      },
      "sync" : {
        "total_ios" : 0,
        "lat_ns" : {
          "min" : 0,
          "max" : 0,
          "mean" : 0.000000,
          "stddev" : 0.000000,
          "N" : 0
        }
      },
      "job_runtime" : 60000,
      "usr_cpu" : 13.171667,
      "sys_cpu" : 86.663333,
      "ctx" : 455,
      "majf" : 0,
      "minf" : 10,
      "iodepth_level" : {
        "1" : 100.000000,
        "2" : 0.000000,
        "4" : 0.000000,
        "8" : 0.000000,
        "16" : 0.000000,
        "32" : 0.000000,
        ">=64" : 0.000000
      },
      "iodepth_submit" : {
        "0" : 0.000000,
        "4" : 100.000000,
        "8" : 0.000000,
        "16" : 0.000000,
        "32" : 0.000000,
        "64" : 0.000000,
        ">=64" : 0.000000
      },
      "iodepth_complete" : {
        "0" : 0.000000,
        "4" : 100.000000,
        "8" : 0.000000,
        "16" : 0.000000,
        "32" : 0.000000,
        "64" : 0.000000,
        ">=64" : 0.000000
      },
      "latency_ns" : {
        "2" : 0.000000,
        "4" : 0.000000,
        "10" : 0.000000,
        "20" : 0.000000,
        "50" : 0.000000,
        "100" : 0.000000,
        "250" : 0.000000,
        "500" : 0.000000,
        "750" : 0.010000,
        "1000" : 0.046001
      },
      "latency_us" : {
        "2" : 79.749737,
        "4" : 19.633805,
        "10" : 0.151720,
        "20" : 0.184932,
        "50" : 0.227378,
        "100" : 0.010000,
        "250" : 0.010000,
        "500" : 0.000000,
        "750" : 0.000000,
        "1000" : 0.000000
      },
      "latency_ms" : {
        "2" : 0.000000,
        "4" : 0.000000,
        "10" : 0.000000,
        "20" : 0.000000,
        "50" : 0.000000,
        "100" : 0.000000,
        "250" : 0.000000,
        "500" : 0.000000,
        "750" : 0.000000,
        "1000" : 0.000000,
        "2000" : 0.000000,
        ">=2000" : 0.000000
      },
      "latency_depth" : 1,
      "latency_target" : 0,
      "latency_percentile" : 100.000000,
      "latency_window" : 0
    }
  ]
}
