{
  "fio version" : "fio-3.38",
  "timestamp" : 1729871062,
  "timestamp_ms" : 1729871062748,
  "time" : "Fri Oct 25 17:44:22 2024",
  "jobs" : [
    {
      "jobname" : "output",
      "groupid" : 0,
      "job_start" : 1729871002711,
      "error" : 0,
      "eta" : 0,
      "elapsed" : 61,
      "job options" : {
        "name" : "output",
        "loops" : "5",
        "runtime" : "60",
        "numjobs" : "1",
        "rwmixwrite" : "37.5",
        "bs" : "16k",
        "filesize" : "1G",
        "rw" : "rw",
        "direct" : "1"
      },
      "read" : {
        "io_bytes" : 293520523264,
        "io_kbytes" : 286641136,
        "bw_bytes" : 4891927188,
        "bw" : 4777272,
        "iops" : 298579.540341,
        "runtime" : 60001,
        "total_ios" : 17915071,
        "short_ios" : 0,
        "drop_ios" : 0,
        "slat_ns" : {
          "min" : 0,
          "max" : 0,
          "mean" : 0.000000,
          "stddev" : 0.000000,
          "N" : 0
        },
        "clat_ns" : {
          "min" : 570,
          "max" : 116355,
          "mean" : 2017.019084,
          "stddev" : 1145.574569,
          "N" : 17915071,
          "percentile" : {
            "1.000000" : 1656,
            "5.000000" : 1720,
            "10.000000" : 1752,
            "20.000000" : 1800,
            "30.000000" : 1848,
            "40.000000" : 1880,
            "50.000000" : 1928,
            "60.000000" : 1976,
            "70.000000" : 2040,
            "80.000000" : 2128,
            "90.000000" : 2224,
            "95.000000" : 2320,
            "99.000000" : 2640,
            "99.500000" : 3152,
            "99.900000" : 24704,
            "99.950000" : 30592,
            "99.990000" : 37120
          }
        },
        "lat_ns" : {
          "min" : 594,
          "max" : 116379,
          "mean" : 2041.893268,
          "stddev" : 1153.127340,
          "N" : 17915071
        },
        "bw_min" : 4709856,
        "bw_max" : 4834752,
        "bw_agg" : 100.000000,
        "bw_mean" : 4780135.260504,
        "bw_dev" : 23727.646957,
        "bw_samples" : 119,
        "iops_min" : 294366,
        "iops_max" : 302172,
        "iops_mean" : 298758.537815,
        "iops_stddev" : 1482.894506,
        "iops_samples" : 119
      },
      "write" : {
        "io_bytes" : 172414730240,
        "io_kbytes" : 168373760,
        "bw_bytes" : 2873530945,
        "bw" : 2806182,
        "iops" : 175386.410226,
        "runtime" : 60001,
        "total_ios" : 10523360,
        "short_ios" : 0,
        "drop_ios" : 0,
        "slat_ns" : {
          "min" : 0,
          "max" : 0,
          "mean" : 0.000000,
          "stddev" : 0.000000,
          "N" : 0
        },
        "clat_ns" : {
          "min" : 716,
          "max" : 89997,
          "mean" : 1718.945542,
          "stddev" : 1059.175232,
          "N" : 10523360,
          "percentile" : {
            "1.000000" : 1448,
            "5.000000" : 1480,
            "10.000000" : 1512,
            "20.000000" : 1560,
            "30.000000" : 1592,
            "40.000000" : 1608,
            "50.000000" : 1640,
            "60.000000" : 1672,
            "70.000000" : 1704,
            "80.000000" : 1768,
            "90.000000" : 1880,
            "95.000000" : 1960,
            "99.000000" : 2192,
            "99.500000" : 2352,
            "99.900000" : 20096,
            "99.950000" : 29824,
            "99.990000" : 36096
          }
        },
        "lat_ns" : {
          "min" : 766,
          "max" : 90060,
          "mean" : 1772.735105,
          "stddev" : 1076.422579,
          "N" : 10523360
        },
        "bw_min" : 2766432,
        "bw_max" : 2841120,
        "bw_agg" : 100.000000,
        "bw_mean" : 2807991.394958,
        "bw_dev" : 15190.500195,
        "bw_samples" : 119,
        "iops_min" : 172902,
        "iops_max" : 177570,
        "iops_mean" : 175499.462185,
        "iops_stddev" : 949.406262,
        "iops_samples" : 119
      },
      "trim" : {
        "io_bytes" : 0,
        "io_kbytes" : 0,
        "bw_bytes" : 0,
        "bw" : 0,
        "iops" : 0.000000,
        "runtime" : 0,
        "total_ios" : 0,
        "short_ios" : 0,
        "drop_ios" : 0,
        "slat_ns" : {
          "min" : 0,
          "max" : 0,
          "mean" : 0.000000,
          "stddev" : 0.000000,
          "N" : 0
        },
        "clat_ns" : {
          "min" : 0,
          "max" : 0,
          "mean" : 0.000000,
          "stddev" : 0.000000,
          "N" : 0
        },
        "lat_ns" : {
          "min" : 0,
          "max" : 0,
          "mean" : 0.000000,
          "stddev" : 0.000000,
          "N" : 0
        },
        "bw_min" : 0,
        "bw_max" : 0,
        "bw_agg" : 0.000000,
        "bw_mean" : 0.000000,
        "bw_dev" : 0.000000,
        "bw_samples" : 0,
        "iops_min" : 0,
        "iops_max" : 0,
        "iops_mean" : 0.000000,
        "iops_stddev" : 0.000000,
        "iops_samples" : 0
      },
      "sync" : {
        "total_ios" : 0,
        "lat_ns" : {
          "min" : 0,
          "max" : 0,
          "mean" : 0.000000,
          "stddev" : 0.000000,
          "N" : 0
        }
      },
      "job_runtime" : 60000,
      "usr_cpu" : 13.878333,
      "sys_cpu" : 85.975000,
      "ctx" : 21,
      "majf" : 0,
      "minf" : 11,
      "iodepth_level" : {
        "1" : 100.000000,
        "2" : 0.000000,
        "4" : 0.000000,
        "8" : 0.000000,
        "16" : 0.000000,
        "32" : 0.000000,
        ">=64" : 0.000000
      },
      "iodepth_submit" : {
        "0" : 0.000000,
        "4" : 100.000000,
        "8" : 0.000000,
        "16" : 0.000000,
        "32" : 0.000000,
        "64" : 0.000000,
        ">=64" : 0.000000
      },
      "iodepth_complete" : {
        "0" : 0.000000,
        "4" : 100.000000,
        "8" : 0.000000,
        "16" : 0.000000,
        "32" : 0.000000,
        "64" : 0.000000,
        ">=64" : 0.000000
      },
      "latency_ns" : {
        "2" : 0.000000,
        "4" : 0.000000,
        "10" : 0.000000,
        "20" : 0.000000,
        "50" : 0.000000,
        "100" : 0.000000,
        "250" : 0.000000,
        "500" : 0.000000,
        "750" : 0.010000,
        "1000" : 0.059240
      },
      "latency_us" : {
        "2" : 76.459985,
        "4" : 23.117868,
        "10" : 0.141907,
        "20" : 0.104763,
        "50" : 0.110681,
        "100" : 0.010000,
        "250" : 0.010000,
        "500" : 0.000000,
        "750" : 0.000000,
        "1000" : 0.000000
      },
      "latency_ms" : {
        "2" : 0.000000,
        "4" : 0.000000,
        "10" : 0.000000,
        "20" : 0.000000,
        "50" : 0.000000,
        "100" : 0.000000,
        "250" : 0.000000,
        "500" : 0.000000,
        "750" : 0.000000,
        "1000" : 0.000000,
        "2000" : 0.000000,
        ">=2000" : 0.000000
      },
      "latency_depth" : 1,
      "latency_target" : 0,
      "latency_percentile" : 100.000000,
      "latency_window" : 0
    }
  ]
}
