{
  "fio version" : "fio-3.38",
  "timestamp" : 1729871123,
  "timestamp_ms" : 1729871123029,
  "time" : "Fri Oct 25 17:45:23 2024",
  "jobs" : [
    {
      "jobname" : "output",
      "groupid" : 0,
      "job_start" : 1729871062993,
      "error" : 0,
      "eta" : 0,
      "elapsed" : 61,
      "job options" : {
        "name" : "output",
        "loops" : "5",
        "runtime" : "60",
        "numjobs" : "1",
        "rwmixwrite" : "50.0",
        "bs" : "16k",
        "filesize" : "1G",
        "rw" : "rw",
        "direct" : "1"
      },
      "read" : {
        "io_bytes" : 229529518080,
        "io_kbytes" : 224149920,
        "bw_bytes" : 3825428210,
        "bw" : 3735769,
        "iops" : 233485.608573,
        "runtime" : 60001,
        "total_ios" : 14009370,
        "short_ios" : 0,
        "drop_ios" : 0,
        "slat_ns" : {
          "min" : 0,
          "max" : 0,
          "mean" : 0.000000,
          "stddev" : 0.000000,
          "N" : 0
        },
        "clat_ns" : {
          "min" : 572,
          "max" : 125568,
          "mean" : 2105.419979,
          "stddev" : 1400.305979,
          "N" : 14009370,
          "percentile" : {
            "1.000000" : 1672,
            "5.000000" : 1736,
            "10.000000" : 1784,
            "20.000000" : 1848,
            "30.000000" : 1896,
            "40.000000" : 1944,
            "50.000000" : 1992,
            "60.000000" : 2064,
            "70.000000" : 2128,
            "80.000000" : 2192,
            "90.000000" : 2320,
            "95.000000" : 2448,
            "99.000000" : 2832,
            "99.500000" : 4256,
            "99.900000" : 31360,
            "99.950000" : 34048,
            "99.990000" : 41216
          }
        },
        "lat_ns" : {
          "min" : 593,
          "max" : 125590,
          "mean" : 2130.421866,
          "stddev" : 1408.108596,
          "N" : 14009370
        },
        "bw_min" : 3682944,
        "bw_max" : 3984064,
        "bw_agg" : 100.000000,
        "bw_mean" : 3738210.420168,
        "bw_dev" : 36214.753605,
        "bw_samples" : 119,
        "iops_min" : 230184,
        "iops_max" : 249004,
        "iops_mean" : 233638.184874,
        "iops_stddev" : 2263.400427,
        "iops_samples" : 119
      },
      "write" : {
        "io_bytes" : 229479596032,
        "io_kbytes" : 224101168,
        "bw_bytes" : 3824596190,
        "bw" : 3734957,
        "iops" : 233434.826086,
        "runtime" : 60001,
        "total_ios" : 14006323,
        "short_ios" : 0,
        "drop_ios" : 0,
        "slat_ns" : {
          "min" : 0,
          "max" : 0,
          "mean" : 0.000000,
          "stddev" : 0.000000,
          "N" : 0
        },
        "clat_ns" : {
          "min" : 700,
          "max" : 252750,
          "mean" : 1754.149549,
          "stddev" : 1275.595169,
          "N" : 14006323,
          "percentile" : {
            "1.000000" : 1464,
            "5.000000" : 1496,
            "10.000000" : 1528,
            "20.000000" : 1576,
            "30.000000" : 1608,
            "40.000000" : 1640,
            "50.000000" : 1656,
            "60.000000" : 1688,
            "70.000000" : 1736,
            "80.000000" : 1784,
            "90.000000" : 1896,
            "95.000000" : 1976,
            "99.000000" : 2224,
            "99.500000" : 2736,
            "99.900000" : 28288,
            "99.950000" : 33536,
            "99.990000" : 40192
          }
        },
        "lat_ns" : {
          "min" : 747,
          "max" : 252808,
          "mean" : 1806.472416,
          "stddev" : 1294.439842,
          "N" : 14006323
        },
        "bw_min" : 3673344,
        "bw_max" : 3996512,
        "bw_agg" : 100.000000,
        "bw_mean" : 3737275.428571,
        "bw_dev" : 36262.216479,
        "bw_samples" : 119,
        "iops_min" : 229584,
        "iops_max" : 249782,
        "iops_mean" : 233579.697479,
        "iops_stddev" : 2266.379262,
        "iops_samples" : 119
      },
      "trim" : {
        "io_bytes" : 0,
        "io_kbytes" : 0,
        "bw_bytes" : 0,
        "bw" : 0,
        "iops" : 0.000000,
        "runtime" : 0,
        "total_ios" : 0,
        "short_ios" : 0,
        "drop_ios" : 0,
        "slat_ns" : {
          "min" : 0,
          "max" : 0,
          "mean" : 0.000000,
          "stddev" : 0.000000,
          "N" : 0
        },
        "clat_ns" : {
          "min" : 0,
          "max" : 0,
          "mean" : 0.000000,
          "stddev" : 0.000000,
          "N" : 0
        },
        "lat_ns" : {
          "min" : 0,
          "max" : 0,
          "mean" : 0.000000,
          "stddev" : 0.000000,
          "N" : 0
        },
        "bw_min" : 0,
        "bw_max" : 0,
        "bw_agg" : 0.000000,
        "bw_mean" : 0.000000,
        "bw_dev" : 0.000000,
        "bw_samples" : 0,
        "iops_min" : 0,
        "iops_max" : 0,
        "iops_mean" : 0.000000,
        "iops_stddev" : 0.000000,
        "iops_samples" : 0
      },
      "sync" : {
        "total_ios" : 0,
        "lat_ns" : {
          "min" : 0,
          "max" : 0,
          "mean" : 0.000000,
          "stddev" : 0.000000,
          "N" : 0
        }
      },
      "job_runtime" : 60000,
      "usr_cpu" : 13.923333,
      "sys_cpu" : 85.895000,
      "ctx" : 22,
      "majf" : 0,
      "minf" : 11,
      "iodepth_level" : {
        "1" : 100.000000,
        "2" : 0.000000,
        "4" : 0.000000,
        "8" : 0.000000,
        "16" : 0.000000,
        "32" : 0.000000,
        ">=64" : 0.000000
      },
      "iodepth_submit" : {
        "0" : 0.000000,
        "4" : 100.000000,
        "8" : 0.000000,
        "16" : 0.000000,
        "32" : 0.000000,
        "64" : 0.000000,
        ">=64" : 0.000000
      },
      "iodepth_complete" : {
        "0" : 0.000000,
        "4" : 100.000000,
        "8" : 0.000000,
        "16" : 0.000000,
        "32" : 0.000000,
        "64" : 0.000000,
        ">=64" : 0.000000
      },
      "latency_ns" : {
        "2" : 0.000000,
        "4" : 0.000000,
        "10" : 0.000000,
        "20" : 0.000000,
        "50" : 0.000000,
        "100" : 0.000000,
        "250" : 0.000000,
        "500" : 0.000000,
        "750" : 0.010000,
        "1000" : 0.117973
      },
      "latency_us" : {
        "2" : 73.594349,
        "4" : 25.819929,
        "10" : 0.175762,
        "20" : 0.136888,
        "50" : 0.145251,
        "100" : 0.010000,
        "250" : 0.010000,
        "500" : 0.010000,
        "750" : 0.000000,
        "1000" : 0.000000
      },
      "latency_ms" : {
        "2" : 0.000000,
        "4" : 0.000000,
        "10" : 0.000000,
        "20" : 0.000000,
        "50" : 0.000000,
        "100" : 0.000000,
        "250" : 0.000000,
        "500" : 0.000000,
        "750" : 0.000000,
        "1000" : 0.000000,
        "2000" : 0.000000,
        ">=2000" : 0.000000
      },
      "latency_depth" : 1,
      "latency_target" : 0,
      "latency_percentile" : 100.000000,
      "latency_window" : 0
    }
  ]
}
