{
  "fio version" : "fio-3.38",
  "timestamp" : 1729871183,
  "timestamp_ms" : 1729871183317,
  "time" : "Fri Oct 25 17:46:23 2024",
  "jobs" : [
    {
      "jobname" : "output",
      "groupid" : 0,
      "job_start" : 1729871123275,
      "error" : 0,
      "eta" : 0,
      "elapsed" : 61,
      "job options" : {
        "name" : "output",
        "loops" : "5",
        "runtime" : "60",
        "numjobs" : "1",
        "rwmixwrite" : "62.5",
        "bs" : "16k",
        "filesize" : "1G",
        "rw" : "rw",
        "direct" : "1"
      },
      "read" : {
        "io_bytes" : 174549467136,
        "io_kbytes" : 170458464,
        "bw_bytes" : 2909109300,
        "bw" : 2840927,
        "iops" : 177557.940701,
        "runtime" : 60001,
        "total_ios" : 10653654,
        "short_ios" : 0,
        "drop_ios" : 0,
        "slat_ns" : {
          "min" : 0,
          "max" : 0,
          "mean" : 0.000000,
          "stddev" : 0.000000,
          "N" : 0
        },
        "clat_ns" : {
          "min" : 576,
          "max" : 155316,
          "mean" : 2179.268306,
          "stddev" : 1602.226812,
          "N" : 10653654,
          "percentile" : {
            "1.000000" : 1688,
            "5.000000" : 1784,
            "10.000000" : 1832,
            "20.000000" : 1896,
            "30.000000" : 1944,
            "40.000000" : 1992,
            "50.000000" : 2064,
            "60.000000" : 2128,
            "70.000000" : 2192,
            "80.000000" : 2256,
            "90.000000" : 2384,
            "95.000000" : 2512,
            "99.000000" : 2896,
            "99.500000" : 4704,
            "99.900000" : 32640,
            "99.950000" : 35584,
            "99.990000" : 41728
          }
        },
        "lat_ns" : {
          "min" : 599,
          "max" : 155340,
          "mean" : 2204.528782,
          "stddev" : 1611.178715,
          "N" : 10653654
        },
        "bw_min" : 2802784,
        "bw_max" : 2888576,
        "bw_agg" : 100.000000,
        "bw_mean" : 2842938.352941,
        "bw_dev" : 14824.191694,
        "bw_samples" : 119,
        "iops_min" : 175174,
        "iops_max" : 180536,
        "iops_mean" : 177683.697479,
        "iops_stddev" : 926.573335,
        "iops_samples" : 119
      },
      "write" : {
        "io_bytes" : 284828205056,
        "io_kbytes" : 278152544,
        "bw_bytes" : 4747057633,
        "bw" : 4635798,
        "iops" : 289737.404377,
        "runtime" : 60001,
        "total_ios" : 17384534,
        "short_ios" : 0,
        "drop_ios" : 0,
        "slat_ns" : {
          "min" : 0,
          "max" : 0,
          "mean" : 0.000000,
          "stddev" : 0.000000,
          "N" : 0
        },
        "clat_ns" : {
          "min" : 727,
          "max" : 133386,
          "mean" : 1766.257983,
          "stddev" : 1438.420864,
          "N" : 17384534,
          "percentile" : {
            "1.000000" : 1464,
            "5.000000" : 1496,
            "10.000000" : 1528,
            "20.000000" : 1576,
            "30.000000" : 1608,
            "40.000000" : 1624,
            "50.000000" : 1656,
            "60.000000" : 1688,
            "70.000000" : 1736,
            "80.000000" : 1800,
            "90.000000" : 1896,
            "95.000000" : 1976,
            "99.000000" : 2224,
            "99.500000" : 2864,
            "99.900000" : 31360,
            "99.950000" : 34560,
            "99.990000" : 40192
          }
        },
        "lat_ns" : {
          "min" : 776,
          "max" : 133433,
          "mean" : 1818.788388,
          "stddev" : 1459.406748,
          "N" : 17384534
        },
        "bw_min" : 4567232,
        "bw_max" : 4691072,
        "bw_agg" : 100.000000,
        "bw_mean" : 4638930.823529,
        "bw_dev" : 23599.476986,
        "bw_samples" : 119,
        "iops_min" : 285452,
        "iops_max" : 293192,
        "iops_mean" : 289933.193277,
        "iops_stddev" : 1474.955267,
        "iops_samples" : 119
      },
      "trim" : {
        "io_bytes" : 0,
        "io_kbytes" : 0,
        "bw_bytes" : 0,
        "bw" : 0,
        "iops" : 0.000000,
        "runtime" : 0,
        "total_ios" : 0,
        "short_ios" : 0,
        "drop_ios" : 0,
        "slat_ns" : {
          "min" : 0,
          "max" : 0,
          "mean" : 0.000000,
          "stddev" : 0.000000,
          "N" : 0
        },
        "clat_ns" : {
          "min" : 0,
          "max" : 0,
          "mean" : 0.000000,
          "stddev" : 0.000000,
          "N" : 0
        },
        "lat_ns" : {
          "min" : 0,
          "max" : 0,
          "mean" : 0.000000,
          "stddev" : 0.000000,
          "N" : 0
        },
        "bw_min" : 0,
        "bw_max" : 0,
        "bw_agg" : 0.000000,
        "bw_mean" : 0.000000,
        "bw_dev" : 0.000000,
        "bw_samples" : 0,
        "iops_min" : 0,
        "iops_max" : 0,
        "iops_mean" : 0.000000,
        "iops_stddev" : 0.000000,
        "iops_samples" : 0
      },
      "sync" : {
        "total_ios" : 0,
        "lat_ns" : {
          "min" : 0,
          "max" : 0,
          "mean" : 0.000000,
          "stddev" : 0.000000,
          "N" : 0
        }
      },
      "job_runtime" : 60000,
      "usr_cpu" : 14.806667,
      "sys_cpu" : 85.056667,
      "ctx" : 61,
      "majf" : 0,
      "minf" : 9,
      "iodepth_level" : {
        "1" : 100.000000,
        "2" : 0.000000,
        "4" : 0.000000,
        "8" : 0.000000,
        "16" : 0.000000,
        "32" : 0.000000,
        ">=64" : 0.000000
      },
      "iodepth_submit" : {
        "0" : 0.000000,
        "4" : 100.000000,
        "8" : 0.000000,
        "16" : 0.000000,
        "32" : 0.000000,
        "64" : 0.000000,
        ">=64" : 0.000000
      },
      "iodepth_complete" : {
        "0" : 0.000000,
        "4" : 100.000000,
        "8" : 0.000000,
        "16" : 0.000000,
        "32" : 0.000000,
        "64" : 0.000000,
        ">=64" : 0.000000
      },
      "latency_ns" : {
        "2" : 0.000000,
        "4" : 0.000000,
        "10" : 0.000000,
        "20" : 0.000000,
        "50" : 0.000000,
        "100" : 0.000000,
        "250" : 0.000000,
        "500" : 0.000000,
        "750" : 0.010000,
        "1000" : 0.043494
      },
      "latency_us" : {
        "2" : 75.086400,
        "4" : 24.388509,
        "10" : 0.147099,
        "20" : 0.131927,
        "50" : 0.198626,
        "100" : 0.010000,
        "250" : 0.010000,
        "500" : 0.000000,
        "750" : 0.000000,
        "1000" : 0.000000
      },
      "latency_ms" : {
        "2" : 0.000000,
        "4" : 0.000000,
        "10" : 0.000000,
        "20" : 0.000000,
        "50" : 0.000000,
        "100" : 0.000000,
        "250" : 0.000000,
        "500" : 0.000000,
        "750" : 0.000000,
        "1000" : 0.000000,
        "2000" : 0.000000,
        ">=2000" : 0.000000
      },
      "latency_depth" : 1,
      "latency_target" : 0,
      "latency_percentile" : 100.000000,
      "latency_window" : 0
    }
  ]
}
