{
  "fio version" : "fio-3.38",
  "timestamp" : 1729871243,
  "timestamp_ms" : 1729871243599,
  "time" : "Fri Oct 25 17:47:23 2024",
  "jobs" : [
    {
      "jobname" : "output",
      "groupid" : 0,
      "job_start" : 1729871183563,
      "error" : 0,
      "eta" : 0,
      "elapsed" : 61,
      "job options" : {
        "name" : "output",
        "loops" : "5",
        "runtime" : "60",
        "numjobs" : "1",
        "rwmixwrite" : "75.0",
        "bs" : "16k",
        "filesize" : "1G",
        "rw" : "rw",
        "direct" : "1"
      },
      "read" : {
        "io_bytes" : 116104888320,
        "io_kbytes" : 113383680,
        "bw_bytes" : 1935049221,
        "bw" : 1889696,
        "iops" : 118106.031566,
        "runtime" : 60001,
        "total_ios" : 7086480,
        "short_ios" : 0,
        "drop_ios" : 0,
        "slat_ns" : {
          "min" : 0,
          "max" : 0,
          "mean" : 0.000000,
          "stddev" : 0.000000,
          "N" : 0
        },
        "clat_ns" : {
          "min" : 595,
          "max" : 209600,
          "mean" : 2243.164959,
          "stddev" : 1492.889312,
          "N" : 7086480,
          "percentile" : {
            "1.000000" : 1720,
            "5.000000" : 1816,
            "10.000000" : 1880,
            "20.000000" : 1944,
            "30.000000" : 2008,
            "40.000000" : 2064,
            "50.000000" : 2128,
            "60.000000" : 2192,
            "70.000000" : 2256,
            "80.000000" : 2352,
            "90.000000" : 2480,
            "95.000000" : 2608,
            "99.000000" : 2992,
            "99.500000" : 4512,
            "99.900000" : 31872,
            "99.950000" : 35072,
            "99.990000" : 41216
          }
        },
        "lat_ns" : {
          "min" : 619,
          "max" : 209624,
          "mean" : 2268.245664,
          "stddev" : 1499.929035,
          "N" : 7086480
        },
        "bw_min" : 1859872,
        "bw_max" : 1932640,
        "bw_agg" : 100.000000,
        "bw_mean" : 1890994.016807,
        "bw_dev" : 17186.375691,
        "bw_samples" : 119,
        "iops_min" : 116242,
        "iops_max" : 120790,
        "iops_mean" : 118187.126050,
        "iops_stddev" : 1074.167100,
        "iops_samples" : 119
      },
      "write" : {
        "io_bytes" : 348376203264,
        "io_kbytes" : 340211136,
        "bw_bytes" : 5806173284,
        "bw" : 5670091,
        "iops" : 354380.693655,
        "runtime" : 60001,
        "total_ios" : 21263196,
        "short_ios" : 0,
        "drop_ios" : 0,
        "slat_ns" : {
          "min" : 0,
          "max" : 0,
          "mean" : 0.000000,
          "stddev" : 0.000000,
          "N" : 0
        },
        "clat_ns" : {
          "min" : 726,
          "max" : 280804,
          "mean" : 1782.436487,
          "stddev" : 1327.945782,
          "N" : 21263196,
          "percentile" : {
            "1.000000" : 1480,
            "5.000000" : 1512,
            "10.000000" : 1544,
            "20.000000" : 1592,
            "30.000000" : 1624,
            "40.000000" : 1656,
            "50.000000" : 1688,
            "60.000000" : 1720,
            "70.000000" : 1768,
            "80.000000" : 1832,
            "90.000000" : 1928,
            "95.000000" : 1992,
            "99.000000" : 2256,
            "99.500000" : 2800,
            "99.900000" : 29824,
            "99.950000" : 33536,
            "99.990000" : 39680
          }
        },
        "lat_ns" : {
          "min" : 774,
          "max" : 280852,
          "mean" : 1834.486854,
          "stddev" : 1346.397687,
          "N" : 21263196
        },
        "bw_min" : 5578880,
        "bw_max" : 5794272,
        "bw_agg" : 100.000000,
        "bw_mean" : 5673722.890756,
        "bw_dev" : 47579.152862,
        "bw_samples" : 119,
        "iops_min" : 348680,
        "iops_max" : 362142,
        "iops_mean" : 354607.697479,
        "iops_stddev" : 2973.718732,
        "iops_samples" : 119
      },
      "trim" : {
        "io_bytes" : 0,
        "io_kbytes" : 0,
        "bw_bytes" : 0,
        "bw" : 0,
        "iops" : 0.000000,
        "runtime" : 0,
        "total_ios" : 0,
        "short_ios" : 0,
        "drop_ios" : 0,
        "slat_ns" : {
          "min" : 0,
          "max" : 0,
          "mean" : 0.000000,
          "stddev" : 0.000000,
          "N" : 0
        },
        "clat_ns" : {
          "min" : 0,
          "max" : 0,
          "mean" : 0.000000,
          "stddev" : 0.000000,
          "N" : 0
        },
        "lat_ns" : {
          "min" : 0,
          "max" : 0,
          "mean" : 0.000000,
          "stddev" : 0.000000,
          "N" : 0
        },
        "bw_min" : 0,
        "bw_max" : 0,
        "bw_agg" : 0.000000,
        "bw_mean" : 0.000000,
        "bw_dev" : 0.000000,
        "bw_samples" : 0,
        "iops_min" : 0,
        "iops_max" : 0,
        "iops_mean" : 0.000000,
        "iops_stddev" : 0.000000,
        "iops_samples" : 0
      },
      "sync" : {
        "total_ios" : 0,
        "lat_ns" : {
          "min" : 0,
          "max" : 0,
          "mean" : 0.000000,
          "stddev" : 0.000000,
          "N" : 0
        }
      },
      "job_runtime" : 60000,
      "usr_cpu" : 14.548333,
      "sys_cpu" : 85.296667,
      "ctx" : 147,
      "majf" : 0,
      "minf" : 9,
      "iodepth_level" : {
        "1" : 100.000000,
        "2" : 0.000000,
        "4" : 0.000000,
        "8" : 0.000000,
        "16" : 0.000000,
        "32" : 0.000000,
        ">=64" : 0.000000
      },
      "iodepth_submit" : {
        "0" : 0.000000,
        "4" : 100.000000,
        "8" : 0.000000,
        "16" : 0.000000,
        "32" : 0.000000,
        "64" : 0.000000,
        ">=64" : 0.000000
      },
      "iodepth_complete" : {
        "0" : 0.000000,
        "4" : 100.000000,
        "8" : 0.000000,
        "16" : 0.000000,
        "32" : 0.000000,
        "64" : 0.000000,
        ">=64" : 0.000000
      },
      "latency_ns" : {
        "2" : 0.000000,
        "4" : 0.000000,
        "10" : 0.000000,
        "20" : 0.000000,
        "50" : 0.000000,
        "100" : 0.000000,
        "250" : 0.000000,
        "500" : 0.000000,
        "750" : 0.010000,
        "1000" : 0.018018
      },
      "latency_us" : {
        "2" : 78.252256,
        "4" : 21.299827,
        "10" : 0.151688,
        "20" : 0.109814,
        "50" : 0.166224,
        "100" : 0.010000,
        "250" : 0.010000,
        "500" : 0.010000,
        "750" : 0.000000,
        "1000" : 0.000000
      },
      "latency_ms" : {
        "2" : 0.000000,
        "4" : 0.000000,
        "10" : 0.000000,
        "20" : 0.000000,
        "50" : 0.000000,
        "100" : 0.000000,
        "250" : 0.000000,
        "500" : 0.000000,
        "750" : 0.000000,
        "1000" : 0.000000,
        "2000" : 0.000000,
        ">=2000" : 0.000000
      },
      "latency_depth" : 1,
      "latency_target" : 0,
      "latency_percentile" : 100.000000,
      "latency_window" : 0
    }
  ]
}
