{
  "fio version" : "fio-3.38",
  "timestamp" : 1729871303,
  "timestamp_ms" : 1729871303883,
  "time" : "Fri Oct 25 17:48:23 2024",
  "jobs" : [
    {
      "jobname" : "output",
      "groupid" : 0,
      "job_start" : 1729871243844,
      "error" : 0,
      "eta" : 0,
      "elapsed" : 61,
      "job options" : {
        "name" : "output",
        "loops" : "5",
        "runtime" : "60",
        "numjobs" : "1",
        "rwmixwrite" : "87.5",
        "bs" : "16k",
        "filesize" : "1G",
        "rw" : "rw",
        "direct" : "1"
      },
      "read" : {
        "io_bytes" : 61851828224,
        "io_kbytes" : 60402176,
        "bw_bytes" : 1030846622,
        "bw" : 1006686,
        "iops" : 62917.884702,
        "runtime" : 60001,
        "total_ios" : 3775136,
        "short_ios" : 0,
        "drop_ios" : 0,
        "slat_ns" : {
          "min" : 0,
          "max" : 0,
          "mean" : 0.000000,
          "stddev" : 0.000000,
          "N" : 0
        },
        "clat_ns" : {
          "min" : 586,
          "max" : 68200,
          "mean" : 2305.826932,
          "stddev" : 1260.945637,
          "N" : 3775136,
          "percentile" : {
            "1.000000" : 1736,
            "5.000000" : 1864,
            "10.000000" : 1928,
            "20.000000" : 2024,
            "30.000000" : 2096,
            "40.000000" : 2160,
            "50.000000" : 2224,
            "60.000000" : 2288,
            "70.000000" : 2352,
            "80.000000" : 2448,
            "90.000000" : 2576,
            "95.000000" : 2704,
            "99.000000" : 3088,
            "99.500000" : 4192,
            "99.900000" : 27520,
            "99.950000" : 32384,
            "99.990000" : 38656
          }
        },
        "lat_ns" : {
          "min" : 610,
          "max" : 68226,
          "mean" : 2330.847641,
          "stddev" : 1267.493696,
          "N" : 3775136
        },
        "bw_min" : 982848,
        "bw_max" : 1030496,
        "bw_agg" : 100.000000,
        "bw_mean" : 1007560.067227,
        "bw_dev" : 9877.240787,
        "bw_samples" : 119,
        "iops_min" : 61428,
        "iops_max" : 64406,
        "iops_mean" : 62972.521008,
        "iops_stddev" : 617.346616,
        "iops_samples" : 119
      },
      "write" : {
        "io_bytes" : 414144200704,
        "io_kbytes" : 404437696,
        "bw_bytes" : 6902288306,
        "bw" : 6740515,
        "iops" : 421282.245296,
        "runtime" : 60001,
        "total_ios" : 25277356,
        "short_ios" : 0,
        "drop_ios" : 0,
        "slat_ns" : {
          "min" : 0,
          "max" : 0,
          "mean" : 0.000000,
          "stddev" : 0.000000,
          "N" : 0
        },
        "clat_ns" : {
          "min" : 735,
          "max" : 224951,
          "mean" : 1777.884327,
          "stddev" : 1095.875320,
          "N" : 25277356,
          "percentile" : {
            "1.000000" : 1480,
            "5.000000" : 1512,
            "10.000000" : 1560,
            "20.000000" : 1608,
            "30.000000" : 1640,
            "40.000000" : 1672,
            "50.000000" : 1704,
            "60.000000" : 1736,
            "70.000000" : 1784,
            "80.000000" : 1848,
            "90.000000" : 1944,
            "95.000000" : 2024,
            "99.000000" : 2256,
            "99.500000" : 2768,
            "99.900000" : 21888,
            "99.950000" : 30336,
            "99.990000" : 37120
          }
        },
        "lat_ns" : {
          "min" : 783,
          "max" : 225002,
          "mean" : 1829.293188,
          "stddev" : 1111.595818,
          "N" : 25277356
        },
        "bw_min" : 6601632,
        "bw_max" : 6840160,
        "bw_agg" : 100.000000,
        "bw_mean" : 6746265.008403,
        "bw_dev" : 57030.096067,
        "bw_samples" : 119,
        "iops_min" : 412602,
        "iops_max" : 427510,
        "iops_mean" : 421641.596639,
        "iops_stddev" : 3564.387390,
        "iops_samples" : 119
      },
      "trim" : {
        "io_bytes" : 0,
        "io_kbytes" : 0,
        "bw_bytes" : 0,
        "bw" : 0,
        "iops" : 0.000000,
        "runtime" : 0,
        "total_ios" : 0,
        "short_ios" : 0,
        "drop_ios" : 0,
        "slat_ns" : {
          "min" : 0,
          "max" : 0,
          "mean" : 0.000000,
          "stddev" : 0.000000,
          "N" : 0
        },
        "clat_ns" : {
          "min" : 0,
          "max" : 0,
          "mean" : 0.000000,
          "stddev" : 0.000000,
          "N" : 0
        },
        "lat_ns" : {
          "min" : 0,
          "max" : 0,
          "mean" : 0.000000,
          "stddev" : 0.000000,
          "N" : 0
        },
        "bw_min" : 0,
        "bw_max" : 0,
        "bw_agg" : 0.000000,
        "bw_mean" : 0.000000,
        "bw_dev" : 0.000000,
        "bw_samples" : 0,
        "iops_min" : 0,
        "iops_max" : 0,
        "iops_mean" : 0.000000,
        "iops_stddev" : 0.000000,
        "iops_samples" : 0
      },
      "sync" : {
        "total_ios" : 0,
        "lat_ns" : {
          "min" : 0,
          "max" : 0,
          "mean" : 0.000000,
          "stddev" : 0.000000,
          "N" : 0
        }
      },
      "job_runtime" : 60000,
      "usr_cpu" : 14.828333,
      "sys_cpu" : 85.026667,
      "ctx" : 156,
      "majf" : 0,
      "minf" : 9,
      "iodepth_level" : {
        "1" : 100.000000,
        "2" : 0.000000,
        "4" : 0.000000,
        "8" : 0.000000,
        "16" : 0.000000,
        "32" : 0.000000,
        ">=64" : 0.000000
      },
      "iodepth_submit" : {
        "0" : 0.000000,
        "4" : 100.000000,
        "8" : 0.000000,
        "16" : 0.000000,
        "32" : 0.000000,
        "64" : 0.000000,
        ">=64" : 0.000000
      },
      "iodepth_complete" : {
        "0" : 0.000000,
        "4" : 100.000000,
        "8" : 0.000000,
        "16" : 0.000000,
        "32" : 0.000000,
        "64" : 0.000000,
        ">=64" : 0.000000
      },
      "latency_ns" : {
        "2" : 0.000000,
        "4" : 0.000000,
        "10" : 0.000000,
        "20" : 0.000000,
        "50" : 0.000000,
        "100" : 0.000000,
        "250" : 0.000000,
        "500" : 0.000000,
        "750" : 0.010000,
        "1000" : 0.010416
      },
      "latency_us" : {
        "2" : 84.031442,
        "4" : 15.598930,
        "10" : 0.148800,
        "20" : 0.099985,
        "50" : 0.109109,
        "100" : 0.010000,
        "250" : 0.010000,
        "500" : 0.000000,
        "750" : 0.000000,
        "1000" : 0.000000
      },
      "latency_ms" : {
        "2" : 0.000000,
        "4" : 0.000000,
        "10" : 0.000000,
        "20" : 0.000000,
        "50" : 0.000000,
        "100" : 0.000000,
        "250" : 0.000000,
        "500" : 0.000000,
        "750" : 0.000000,
        "1000" : 0.000000,
        "2000" : 0.000000,
        ">=2000" : 0.000000
      },
      "latency_depth" : 1,
      "latency_target" : 0,
      "latency_percentile" : 100.000000,
      "latency_window" : 0
    }
  ]
}
