{
  "fio version" : "fio-3.38",
  "timestamp" : 1729779080,
  "timestamp_ms" : 1729779080915,
  "time" : "Thu Oct 24 16:11:20 2024",
  "jobs" : [
    {
      "jobname" : "output",
      "groupid" : 0,
      "job_start" : 1729779020871,
      "error" : 0,
      "eta" : 0,
      "elapsed" : 61,
      "job options" : {
        "name" : "output",
        "loops" : "5",
        "runtime" : "60",
        "numjobs" : "1",
        "rwmixwrite" : "33",
        "bs" : "16k",
        "filesize" : "1G",
        "rw" : "randrw",
        "direct" : "0"
      },
      "read" : {
        "io_bytes" : 10223468544,
        "io_kbytes" : 9983856,
        "bw_bytes" : 170388302,
        "bw" : 166394,
        "iops" : 10399.676672,
        "runtime" : 60001,
        "total_ios" : 623991,
        "short_ios" : 0,
        "drop_ios" : 0,
        "slat_ns" : {
          "min" : 0,
          "max" : 0,
          "mean" : 0.000000,
          "stddev" : 0.000000,
          "N" : 0
        },
        "clat_ns" : {
          "min" : 31333,
          "max" : 11378803,
          "mean" : 83421.114370,
          "stddev" : 80409.621767,
          "N" : 623991,
          "percentile" : {
            "1.000000" : 54016,
            "5.000000" : 56576,
            "10.000000" : 72192,
            "20.000000" : 73216,
            "30.000000" : 75264,
            "40.000000" : 77312,
            "50.000000" : 85504,
            "60.000000" : 88576,
            "70.000000" : 89600,
            "80.000000" : 91648,
            "90.000000" : 93696,
            "95.000000" : 95744,
            "99.000000" : 111104,
            "99.500000" : 132096,
            "99.900000" : 195584,
            "99.950000" : 272384,
            "99.990000" : 5210112
          }
        },
        "lat_ns" : {
          "min" : 31373,
          "max" : 11379298,
          "mean" : 83457.934727,
          "stddev" : 80412.621458,
          "N" : 623991
        },
        "bw_min" : 10624,
        "bw_max" : 212896,
        "bw_agg" : 99.994696,
        "bw_mean" : 166386.369748,
        "bw_dev" : 46376.968639,
        "bw_samples" : 119,
        "iops_min" : 664,
        "iops_max" : 13306,
        "iops_mean" : 10399.126050,
        "iops_stddev" : 2898.583086,
        "iops_samples" : 119
      },
      "write" : {
        "io_bytes" : 5041602560,
        "io_kbytes" : 4923440,
        "bw_bytes" : 84025308,
        "bw" : 82055,
        "iops" : 5128.497858,
        "runtime" : 60001,
        "total_ios" : 307715,
        "short_ios" : 0,
        "drop_ios" : 0,
        "slat_ns" : {
          "min" : 0,
          "max" : 0,
          "mean" : 0.000000,
          "stddev" : 0.000000,
          "N" : 0
        },
        "clat_ns" : {
          "min" : 3104,
          "max" : 279575,
          "mean" : 4428.522246,
          "stddev" : 5626.946642,
          "N" : 307715,
          "percentile" : {
            "1.000000" : 3344,
            "5.000000" : 3440,
            "10.000000" : 3504,
            "20.000000" : 3600,
            "30.000000" : 3696,
            "40.000000" : 3760,
            "50.000000" : 3856,
            "60.000000" : 3952,
            "70.000000" : 4128,
            "80.000000" : 4576,
            "90.000000" : 5472,
            "95.000000" : 5792,
            "99.000000" : 6880,
            "99.500000" : 11200,
            "99.900000" : 98816,
            "99.950000" : 179200,
            "99.990000" : 187392
          }
        },
        "lat_ns" : {
          "min" : 3168,
          "max" : 279686,
          "mean" : 4507.213197,
          "stddev" : 5633.071114,
          "N" : 307715
        },
        "bw_min" : 4640,
        "bw_max" : 105824,
        "bw_agg" : 100.000000,
        "bw_mean" : 82070.050420,
        "bw_dev" : 23010.776475,
        "bw_samples" : 119,
        "iops_min" : 290,
        "iops_max" : 6614,
        "iops_mean" : 5129.378151,
        "iops_stddev" : 1438.173530,
        "iops_samples" : 119
      },
      "trim" : {
        "io_bytes" : 0,
        "io_kbytes" : 0,
        "bw_bytes" : 0,
        "bw" : 0,
        "iops" : 0.000000,
        "runtime" : 0,
        "total_ios" : 0,
        "short_ios" : 0,
        "drop_ios" : 0,
        "slat_ns" : {
          "min" : 0,
          "max" : 0,
          "mean" : 0.000000,
          "stddev" : 0.000000,
          "N" : 0
        },
        "clat_ns" : {
          "min" : 0,
          "max" : 0,
          "mean" : 0.000000,
          "stddev" : 0.000000,
          "N" : 0
        },
        "lat_ns" : {
          "min" : 0,
          "max" : 0,
          "mean" : 0.000000,
          "stddev" : 0.000000,
          "N" : 0
        },
        "bw_min" : 0,
        "bw_max" : 0,
        "bw_agg" : 0.000000,
        "bw_mean" : 0.000000,
        "bw_dev" : 0.000000,
        "bw_samples" : 0,
        "iops_min" : 0,
        "iops_max" : 0,
        "iops_mean" : 0.000000,
        "iops_stddev" : 0.000000,
        "iops_samples" : 0
      },
      "sync" : {
        "total_ios" : 0,
        "lat_ns" : {
          "min" : 0,
          "max" : 0,
          "mean" : 0.000000,
          "stddev" : 0.000000,
          "N" : 0
        }
      },
      "job_runtime" : 60000,
      "usr_cpu" : 0.808333,
      "sys_cpu" : 10.998333,
      "ctx" : 638249,
      "majf" : 0,
      "minf" : 10,
      "iodepth_level" : {
        "1" : 100.000000,
        "2" : 0.000000,
        "4" : 0.000000,
        "8" : 0.000000,
        "16" : 0.000000,
        "32" : 0.000000,
        ">=64" : 0.000000
      },
      "iodepth_submit" : {
        "0" : 0.000000,
        "4" : 100.000000,
        "8" : 0.000000,
        "16" : 0.000000,
        "32" : 0.000000,
        "64" : 0.000000,
        ">=64" : 0.000000
      },
      "iodepth_complete" : {
        "0" : 0.000000,
        "4" : 100.000000,
        "8" : 0.000000,
        "16" : 0.000000,
        "32" : 0.000000,
        "64" : 0.000000,
        ">=64" : 0.000000
      },
      "latency_ns" : {
        "2" : 0.000000,
        "4" : 0.000000,
        "10" : 0.000000,
        "20" : 0.000000,
        "50" : 0.000000,
        "100" : 0.000000,
        "250" : 0.000000,
        "500" : 0.000000,
        "750" : 0.000000,
        "1000" : 0.000000
      },
      "latency_us" : {
        "2" : 0.000000,
        "4" : 21.010061,
        "10" : 11.832703,
        "20" : 0.044113,
        "50" : 0.075453,
        "100" : 65.922941,
        "250" : 1.060420,
        "500" : 0.039712,
        "750" : 0.010000,
        "1000" : 0.010000
      },
      "latency_ms" : {
        "2" : 0.010000,
        "4" : 0.010000,
        "10" : 0.010000,
        "20" : 0.010000,
        "50" : 0.000000,
        "100" : 0.000000,
        "250" : 0.000000,
        "500" : 0.000000,
        "750" : 0.000000,
        "1000" : 0.000000,
        "2000" : 0.000000,
        ">=2000" : 0.000000
      },
      "latency_depth" : 1,
      "latency_target" : 0,
      "latency_percentile" : 100.000000,
      "latency_window" : 0
    }
  ],
  "disk_util" : [
    {
      "name" : "nvme0n1",
      "read_ios" : 622817,
      "write_ios" : 215157,
      "read_sectors" : 19930144,
      "write_sectors" : 9850184,
      "read_merges" : 0,
      "write_merges" : 31,
      "read_ticks" : 48184,
      "write_ticks" : 140460,
      "in_queue" : 188706,
      "util" : 85.630890
    }
  ]
}
