{
  "fio version" : "fio-3.38",
  "timestamp" : 1729872328,
  "timestamp_ms" : 1729872328589,
  "time" : "Fri Oct 25 18:05:28 2024",
  "jobs" : [
    {
      "jobname" : "output",
      "groupid" : 0,
      "job_start" : 1729872268549,
      "error" : 0,
      "eta" : 0,
      "elapsed" : 61,
      "job options" : {
        "name" : "output",
        "loops" : "5",
        "runtime" : "60",
        "numjobs" : "1",
        "rwmixwrite" : "33",
        "bs" : "65536",
        "filesize" : "1G",
        "rw" : "randrw",
        "direct" : "1"
      },
      "read" : {
        "io_bytes" : 326786940928,
        "io_kbytes" : 319127872,
        "bw_bytes" : 5446358242,
        "bw" : 5318709,
        "iops" : 83104.831586,
        "runtime" : 60001,
        "total_ios" : 4986373,
        "short_ios" : 0,
        "drop_ios" : 0,
        "slat_ns" : {
          "min" : 0,
          "max" : 0,
          "mean" : 0.000000,
          "stddev" : 0.000000,
          "N" : 0
        },
        "clat_ns" : {
          "min" : 4204,
          "max" : 242881,
          "mean" : 8049.001495,
          "stddev" : 3449.627749,
          "N" : 4986373,
          "percentile" : {
            "1.000000" : 6688,
            "5.000000" : 6880,
            "10.000000" : 7008,
            "20.000000" : 7136,
            "30.000000" : 7264,
            "40.000000" : 7392,
            "50.000000" : 7520,
            "60.000000" : 7648,
            "70.000000" : 7840,
            "80.000000" : 8032,
            "90.000000" : 8384,
            "95.000000" : 8640,
            "99.000000" : 25216,
            "99.500000" : 36608,
            "99.900000" : 44800,
            "99.950000" : 50944,
            "99.990000" : 71168
          }
        },
        "lat_ns" : {
          "min" : 4240,
          "max" : 242909,
          "mean" : 8079.280425,
          "stddev" : 3455.349243,
          "N" : 4986373
        },
        "bw_min" : 5187584,
        "bw_max" : 5508224,
        "bw_agg" : 100.000000,
        "bw_mean" : 5321389.327731,
        "bw_dev" : 54541.674425,
        "bw_samples" : 119,
        "iops_min" : 81056,
        "iops_max" : 86066,
        "iops_mean" : 83146.689076,
        "iops_stddev" : 852.232460,
        "iops_samples" : 119
      },
      "write" : {
        "io_bytes" : 161040236544,
        "io_kbytes" : 157265856,
        "bw_bytes" : 2683959209,
        "bw" : 2621053,
        "iops" : 40953.967434,
        "runtime" : 60001,
        "total_ios" : 2457279,
        "short_ios" : 0,
        "drop_ios" : 0,
        "slat_ns" : {
          "min" : 0,
          "max" : 0,
          "mean" : 0.000000,
          "stddev" : 0.000000,
          "N" : 0
        },
        "clat_ns" : {
          "min" : 4759,
          "max" : 255976,
          "mean" : 6945.937920,
          "stddev" : 3216.027282,
          "N" : 2457279,
          "percentile" : {
            "1.000000" : 5792,
            "5.000000" : 5984,
            "10.000000" : 6048,
            "20.000000" : 6176,
            "30.000000" : 6304,
            "40.000000" : 6368,
            "50.000000" : 6496,
            "60.000000" : 6624,
            "70.000000" : 6752,
            "80.000000" : 6880,
            "90.000000" : 7200,
            "95.000000" : 7520,
            "99.000000" : 23680,
            "99.500000" : 34048,
            "99.900000" : 42752,
            "99.950000" : 48384,
            "99.990000" : 68096
          }
        },
        "lat_ns" : {
          "min" : 5037,
          "max" : 256186,
          "mean" : 7269.687928,
          "stddev" : 3295.518170,
          "N" : 2457279
        },
        "bw_min" : 2568320,
        "bw_max" : 2703360,
        "bw_agg" : 100.000000,
        "bw_mean" : 2621918.865546,
        "bw_dev" : 26215.141309,
        "bw_samples" : 119,
        "iops_min" : 40130,
        "iops_max" : 42240,
        "iops_mean" : 40967.478992,
        "iops_stddev" : 409.612919,
        "iops_samples" : 119
      },
      "trim" : {
        "io_bytes" : 0,
        "io_kbytes" : 0,
        "bw_bytes" : 0,
        "bw" : 0,
        "iops" : 0.000000,
        "runtime" : 0,
        "total_ios" : 0,
        "short_ios" : 0,
        "drop_ios" : 0,
        "slat_ns" : {
          "min" : 0,
          "max" : 0,
          "mean" : 0.000000,
          "stddev" : 0.000000,
          "N" : 0
        },
        "clat_ns" : {
          "min" : 0,
          "max" : 0,
          "mean" : 0.000000,
          "stddev" : 0.000000,
          "N" : 0
        },
        "lat_ns" : {
          "min" : 0,
          "max" : 0,
          "mean" : 0.000000,
          "stddev" : 0.000000,
          "N" : 0
        },
        "bw_min" : 0,
        "bw_max" : 0,
        "bw_agg" : 0.000000,
        "bw_mean" : 0.000000,
        "bw_dev" : 0.000000,
        "bw_samples" : 0,
        "iops_min" : 0,
        "iops_max" : 0,
        "iops_mean" : 0.000000,
        "iops_stddev" : 0.000000,
        "iops_samples" : 0
      },
      "sync" : {
        "total_ios" : 0,
        "lat_ns" : {
          "min" : 0,
          "max" : 0,
          "mean" : 0.000000,
          "stddev" : 0.000000,
          "N" : 0
        }
      },
      "job_runtime" : 60000,
      "usr_cpu" : 5.978333,
      "sys_cpu" : 93.861667,
      "ctx" : 239,
      "majf" : 0,
      "minf" : 8,
      "iodepth_level" : {
        "1" : 100.000000,
        "2" : 0.000000,
        "4" : 0.000000,
        "8" : 0.000000,
        "16" : 0.000000,
        "32" : 0.000000,
        ">=64" : 0.000000
      },
      "iodepth_submit" : {
        "0" : 0.000000,
        "4" : 100.000000,
        "8" : 0.000000,
        "16" : 0.000000,
        "32" : 0.000000,
        "64" : 0.000000,
        ">=64" : 0.000000
      },
      "iodepth_complete" : {
        "0" : 0.000000,
        "4" : 100.000000,
        "8" : 0.000000,
        "16" : 0.000000,
        "32" : 0.000000,
        "64" : 0.000000,
        ">=64" : 0.000000
      },
      "latency_ns" : {
        "2" : 0.000000,
        "4" : 0.000000,
        "10" : 0.000000,
        "20" : 0.000000,
        "50" : 0.000000,
        "100" : 0.000000,
        "250" : 0.000000,
        "500" : 0.000000,
        "750" : 0.000000,
        "1000" : 0.000000
      },
      "latency_us" : {
        "2" : 0.000000,
        "4" : 0.000000,
        "10" : 97.612019,
        "20" : 0.592935,
        "50" : 1.743714,
        "100" : 0.050513,
        "250" : 0.010000,
        "500" : 0.010000,
        "750" : 0.000000,
        "1000" : 0.000000
      },
      "latency_ms" : {
        "2" : 0.000000,
        "4" : 0.000000,
        "10" : 0.000000,
        "20" : 0.000000,
        "50" : 0.000000,
        "100" : 0.000000,
        "250" : 0.000000,
        "500" : 0.000000,
        "750" : 0.000000,
        "1000" : 0.000000,
        "2000" : 0.000000,
        ">=2000" : 0.000000
      },
      "latency_depth" : 1,
      "latency_target" : 0,
      "latency_percentile" : 100.000000,
      "latency_window" : 0
    }
  ]
}
