{
  "fio version" : "fio-3.38",
  "timestamp" : 1729872027,
  "timestamp_ms" : 1729872027186,
  "time" : "Fri Oct 25 18:00:27 2024",
  "jobs" : [
    {
      "jobname" : "output",
      "groupid" : 0,
      "job_start" : 1729871967155,
      "error" : 0,
      "eta" : 0,
      "elapsed" : 61,
      "job options" : {
        "name" : "output",
        "loops" : "5",
        "runtime" : "60",
        "numjobs" : "1",
        "rwmixwrite" : "33",
        "bs" : "2048",
        "filesize" : "1G",
        "rw" : "randrw",
        "direct" : "1"
      },
      "read" : {
        "io_bytes" : 85178175488,
        "io_kbytes" : 83181812,
        "bw_bytes" : 1419612597,
        "bw" : 1386340,
        "iops" : 693170.213830,
        "runtime" : 60001,
        "total_ios" : 41590906,
        "short_ios" : 0,
        "drop_ios" : 0,
        "slat_ns" : {
          "min" : 0,
          "max" : 0,
          "mean" : 0.000000,
          "stddev" : 0.000000,
          "N" : 0
        },
        "clat_ns" : {
          "min" : 298,
          "max" : 116759,
          "mean" : 690.743462,
          "stddev" : 333.522866,
          "N" : 41590906,
          "percentile" : {
            "1.000000" : 510,
            "5.000000" : 580,
            "10.000000" : 596,
            "20.000000" : 612,
            "30.000000" : 628,
            "40.000000" : 660,
            "50.000000" : 676,
            "60.000000" : 692,
            "70.000000" : 716,
            "80.000000" : 740,
            "90.000000" : 788,
            "95.000000" : 852,
            "99.000000" : 1048,
            "99.500000" : 1112,
            "99.900000" : 1336,
            "99.950000" : 4192,
            "99.990000" : 18048
          }
        },
        "lat_ns" : {
          "min" : 330,
          "max" : 132418,
          "mean" : 720.970787,
          "stddev" : 340.653198,
          "N" : 41590906
        },
        "bw_min" : 1357004,
        "bw_max" : 1400536,
        "bw_agg" : 100.000000,
        "bw_mean" : 1387056.201681,
        "bw_dev" : 7528.254933,
        "bw_samples" : 119,
        "iops_min" : 678502,
        "iops_max" : 700270,
        "iops_mean" : 693528.218487,
        "iops_stddev" : 3764.189181,
        "iops_samples" : 119
      },
      "write" : {
        "io_bytes" : 41968074752,
        "io_kbytes" : 40984448,
        "bw_bytes" : 699456254,
        "bw" : 683062,
        "iops" : 341531.374477,
        "runtime" : 60001,
        "total_ios" : 20492224,
        "short_ios" : 0,
        "drop_ios" : 0,
        "slat_ns" : {
          "min" : 0,
          "max" : 0,
          "mean" : 0.000000,
          "stddev" : 0.000000,
          "N" : 0
        },
        "clat_ns" : {
          "min" : 358,
          "max" : 126440,
          "mean" : 713.430416,
          "stddev" : 336.555244,
          "N" : 20492224,
          "percentile" : {
            "1.000000" : 532,
            "5.000000" : 604,
            "10.000000" : 620,
            "20.000000" : 636,
            "30.000000" : 652,
            "40.000000" : 676,
            "50.000000" : 700,
            "60.000000" : 716,
            "70.000000" : 740,
            "80.000000" : 764,
            "90.000000" : 804,
            "95.000000" : 860,
            "99.000000" : 1064,
            "99.500000" : 1112,
            "99.900000" : 1368,
            "99.950000" : 4256,
            "99.990000" : 18048
          }
        },
        "lat_ns" : {
          "min" : 397,
          "max" : 126479,
          "mean" : 753.694120,
          "stddev" : 344.776657,
          "N" : 20492224
        },
        "bw_min" : 667312,
        "bw_max" : 690716,
        "bw_agg" : 100.000000,
        "bw_mean" : 683431.025210,
        "bw_dev" : 3909.189034,
        "bw_samples" : 119,
        "iops_min" : 333656,
        "iops_max" : 345358,
        "iops_mean" : 341715.529412,
        "iops_stddev" : 1954.588200,
        "iops_samples" : 119
      },
      "trim" : {
        "io_bytes" : 0,
        "io_kbytes" : 0,
        "bw_bytes" : 0,
        "bw" : 0,
        "iops" : 0.000000,
        "runtime" : 0,
        "total_ios" : 0,
        "short_ios" : 0,
        "drop_ios" : 0,
        "slat_ns" : {
          "min" : 0,
          "max" : 0,
          "mean" : 0.000000,
          "stddev" : 0.000000,
          "N" : 0
        },
        "clat_ns" : {
          "min" : 0,
          "max" : 0,
          "mean" : 0.000000,
          "stddev" : 0.000000,
          "N" : 0
        },
        "lat_ns" : {
          "min" : 0,
          "max" : 0,
          "mean" : 0.000000,
          "stddev" : 0.000000,
          "N" : 0
        },
        "bw_min" : 0,
        "bw_max" : 0,
        "bw_agg" : 0.000000,
        "bw_mean" : 0.000000,
        "bw_dev" : 0.000000,
        "bw_samples" : 0,
        "iops_min" : 0,
        "iops_max" : 0,
        "iops_mean" : 0.000000,
        "iops_stddev" : 0.000000,
        "iops_samples" : 0
      },
      "sync" : {
        "total_ios" : 0,
        "lat_ns" : {
          "min" : 0,
          "max" : 0,
          "mean" : 0.000000,
          "stddev" : 0.000000,
          "N" : 0
        }
      },
      "job_runtime" : 60000,
      "usr_cpu" : 36.773333,
      "sys_cpu" : 63.063333,
      "ctx" : 226,
      "majf" : 0,
      "minf" : 12,
      "iodepth_level" : {
        "1" : 100.000000,
        "2" : 0.000000,
        "4" : 0.000000,
        "8" : 0.000000,
        "16" : 0.000000,
        "32" : 0.000000,
        ">=64" : 0.000000
      },
      "iodepth_submit" : {
        "0" : 0.000000,
        "4" : 100.000000,
        "8" : 0.000000,
        "16" : 0.000000,
        "32" : 0.000000,
        "64" : 0.000000,
        ">=64" : 0.000000
      },
      "iodepth_complete" : {
        "0" : 0.000000,
        "4" : 100.000000,
        "8" : 0.000000,
        "16" : 0.000000,
        "32" : 0.000000,
        "64" : 0.000000,
        ">=64" : 0.000000
      },
      "latency_ns" : {
        "2" : 0.000000,
        "4" : 0.000000,
        "10" : 0.000000,
        "20" : 0.000000,
        "50" : 0.000000,
        "100" : 0.000000,
        "250" : 0.000000,
        "500" : 0.640200,
        "750" : 80.007050,
        "1000" : 17.605161
      },
      "latency_us" : {
        "2" : 1.673899,
        "4" : 0.019585,
        "10" : 0.029586,
        "20" : 0.018296,
        "50" : 0.010000,
        "100" : 0.010000,
        "250" : 0.010000,
        "500" : 0.000000,
        "750" : 0.000000,
        "1000" : 0.000000
      },
      "latency_ms" : {
        "2" : 0.000000,
        "4" : 0.000000,
        "10" : 0.000000,
        "20" : 0.000000,
        "50" : 0.000000,
        "100" : 0.000000,
        "250" : 0.000000,
        "500" : 0.000000,
        "750" : 0.000000,
        "1000" : 0.000000,
        "2000" : 0.000000,
        ">=2000" : 0.000000
      },
      "latency_depth" : 1,
      "latency_target" : 0,
      "latency_percentile" : 100.000000,
      "latency_window" : 0
    }
  ]
}
