{
  "fio version" : "fio-3.38",
  "timestamp" : 1729872147,
  "timestamp_ms" : 1729872147737,
  "time" : "Fri Oct 25 18:02:27 2024",
  "jobs" : [
    {
      "jobname" : "output",
      "groupid" : 0,
      "job_start" : 1729872087706,
      "error" : 0,
      "eta" : 0,
      "elapsed" : 61,
      "job options" : {
        "name" : "output",
        "loops" : "5",
        "runtime" : "60",
        "numjobs" : "1",
        "rwmixwrite" : "33",
        "bs" : "8192",
        "filesize" : "1G",
        "rw" : "randrw",
        "direct" : "1"
      },
      "read" : {
        "io_bytes" : 215371284480,
        "io_kbytes" : 210323520,
        "bw_bytes" : 3589461583,
        "bw" : 3505333,
        "iops" : 438166.697222,
        "runtime" : 60001,
        "total_ios" : 26290440,
        "short_ios" : 0,
        "drop_ios" : 0,
        "slat_ns" : {
          "min" : 0,
          "max" : 0,
          "mean" : 0.000000,
          "stddev" : 0.000000,
          "N" : 0
        },
        "clat_ns" : {
          "min" : 518,
          "max" : 197275,
          "mean" : 1298.728707,
          "stddev" : 901.245103,
          "N" : 26290440,
          "percentile" : {
            "1.000000" : 1048,
            "5.000000" : 1096,
            "10.000000" : 1128,
            "20.000000" : 1160,
            "30.000000" : 1192,
            "40.000000" : 1224,
            "50.000000" : 1240,
            "60.000000" : 1272,
            "70.000000" : 1304,
            "80.000000" : 1336,
            "90.000000" : 1416,
            "95.000000" : 1528,
            "99.000000" : 1736,
            "99.500000" : 1816,
            "99.900000" : 18048,
            "99.950000" : 24960,
            "99.990000" : 35584
          }
        },
        "lat_ns" : {
          "min" : 547,
          "max" : 197308,
          "mean" : 1327.479328,
          "stddev" : 910.440847,
          "N" : 26290440
        },
        "bw_min" : 3401344,
        "bw_max" : 3561712,
        "bw_agg" : 100.000000,
        "bw_mean" : 3506939.966387,
        "bw_dev" : 25671.420139,
        "bw_samples" : 119,
        "iops_min" : 425168,
        "iops_max" : 445214,
        "iops_mean" : 438367.563025,
        "iops_stddev" : 3208.967743,
        "iops_samples" : 119
      },
      "write" : {
        "io_bytes" : 106072596480,
        "io_kbytes" : 103586520,
        "bw_bytes" : 1767847143,
        "bw" : 1726413,
        "iops" : 215801.653306,
        "runtime" : 60001,
        "total_ios" : 12948315,
        "short_ios" : 0,
        "drop_ios" : 0,
        "slat_ns" : {
          "min" : 0,
          "max" : 0,
          "mean" : 0.000000,
          "stddev" : 0.000000,
          "N" : 0
        },
        "clat_ns" : {
          "min" : 747,
          "max" : 110063,
          "mean" : 1192.935221,
          "stddev" : 864.146951,
          "N" : 12948315,
          "percentile" : {
            "1.000000" : 964,
            "5.000000" : 1004,
            "10.000000" : 1032,
            "20.000000" : 1080,
            "30.000000" : 1096,
            "40.000000" : 1128,
            "50.000000" : 1144,
            "60.000000" : 1176,
            "70.000000" : 1192,
            "80.000000" : 1240,
            "90.000000" : 1288,
            "95.000000" : 1384,
            "99.000000" : 1592,
            "99.500000" : 1656,
            "99.900000" : 17536,
            "99.950000" : 23424,
            "99.990000" : 35072
          }
        },
        "lat_ns" : {
          "min" : 796,
          "max" : 110113,
          "mean" : 1243.413700,
          "stddev" : 882.104509,
          "N" : 12948315
        },
        "bw_min" : 1671984,
        "bw_max" : 1756752,
        "bw_agg" : 100.000000,
        "bw_mean" : 1727228.235294,
        "bw_dev" : 13275.827273,
        "bw_samples" : 119,
        "iops_min" : 208998,
        "iops_max" : 219594,
        "iops_mean" : 215903.529412,
        "iops_stddev" : 1659.515709,
        "iops_samples" : 119
      },
      "trim" : {
        "io_bytes" : 0,
        "io_kbytes" : 0,
        "bw_bytes" : 0,
        "bw" : 0,
        "iops" : 0.000000,
        "runtime" : 0,
        "total_ios" : 0,
        "short_ios" : 0,
        "drop_ios" : 0,
        "slat_ns" : {
          "min" : 0,
          "max" : 0,
          "mean" : 0.000000,
          "stddev" : 0.000000,
          "N" : 0
        },
        "clat_ns" : {
          "min" : 0,
          "max" : 0,
          "mean" : 0.000000,
          "stddev" : 0.000000,
          "N" : 0
        },
        "lat_ns" : {
          "min" : 0,
          "max" : 0,
          "mean" : 0.000000,
          "stddev" : 0.000000,
          "N" : 0
        },
        "bw_min" : 0,
        "bw_max" : 0,
        "bw_agg" : 0.000000,
        "bw_mean" : 0.000000,
        "bw_dev" : 0.000000,
        "bw_samples" : 0,
        "iops_min" : 0,
        "iops_max" : 0,
        "iops_mean" : 0.000000,
        "iops_stddev" : 0.000000,
        "iops_samples" : 0
      },
      "sync" : {
        "total_ios" : 0,
        "lat_ns" : {
          "min" : 0,
          "max" : 0,
          "mean" : 0.000000,
          "stddev" : 0.000000,
          "N" : 0
        }
      },
      "job_runtime" : 60000,
      "usr_cpu" : 23.156667,
      "sys_cpu" : 76.685000,
      "ctx" : 121,
      "majf" : 0,
      "minf" : 9,
      "iodepth_level" : {
        "1" : 100.000000,
        "2" : 0.000000,
        "4" : 0.000000,
        "8" : 0.000000,
        "16" : 0.000000,
        "32" : 0.000000,
        ">=64" : 0.000000
      },
      "iodepth_submit" : {
        "0" : 0.000000,
        "4" : 100.000000,
        "8" : 0.000000,
        "16" : 0.000000,
        "32" : 0.000000,
        "64" : 0.000000,
        ">=64" : 0.000000
      },
      "iodepth_complete" : {
        "0" : 0.000000,
        "4" : 100.000000,
        "8" : 0.000000,
        "16" : 0.000000,
        "32" : 0.000000,
        "64" : 0.000000,
        ">=64" : 0.000000
      },
      "latency_ns" : {
        "2" : 0.000000,
        "4" : 0.000000,
        "10" : 0.000000,
        "20" : 0.000000,
        "50" : 0.000000,
        "100" : 0.000000,
        "250" : 0.000000,
        "500" : 0.000000,
        "750" : 0.010000,
        "1000" : 1.540051
      },
      "latency_us" : {
        "2" : 98.147500,
        "4" : 0.114945,
        "10" : 0.062660,
        "20" : 0.069549,
        "50" : 0.064923,
        "100" : 0.010000,
        "250" : 0.010000,
        "500" : 0.000000,
        "750" : 0.000000,
        "1000" : 0.000000
      },
      "latency_ms" : {
        "2" : 0.000000,
        "4" : 0.000000,
        "10" : 0.000000,
        "20" : 0.000000,
        "50" : 0.000000,
        "100" : 0.000000,
        "250" : 0.000000,
        "500" : 0.000000,
        "750" : 0.000000,
        "1000" : 0.000000,
        "2000" : 0.000000,
        ">=2000" : 0.000000
      },
      "latency_depth" : 1,
      "latency_target" : 0,
      "latency_percentile" : 100.000000,
      "latency_window" : 0
    }
  ]
}
