{
  "fio version" : "fio-3.38",
  "timestamp" : 1729872268,
  "timestamp_ms" : 1729872268303,
  "time" : "Fri Oct 25 18:04:28 2024",
  "jobs" : [
    {
      "jobname" : "output",
      "groupid" : 0,
      "job_start" : 1729872208256,
      "error" : 0,
      "eta" : 0,
      "elapsed" : 61,
      "job options" : {
        "name" : "output",
        "loops" : "5",
        "runtime" : "60",
        "numjobs" : "1",
        "rwmixwrite" : "33",
        "bs" : "32768",
        "filesize" : "1G",
        "rw" : "randrw",
        "direct" : "1"
      },
      "read" : {
        "io_bytes" : 304989896704,
        "io_kbytes" : 297841696,
        "bw_bytes" : 5083080227,
        "bw" : 4963945,
        "iops" : 155123.297945,
        "runtime" : 60001,
        "total_ios" : 9307553,
        "short_ios" : 0,
        "drop_ios" : 0,
        "slat_ns" : {
          "min" : 0,
          "max" : 0,
          "mean" : 0.000000,
          "stddev" : 0.000000,
          "N" : 0
        },
        "clat_ns" : {
          "min" : 1655,
          "max" : 268312,
          "mean" : 4189.240389,
          "stddev" : 2355.582965,
          "N" : 9307553,
          "percentile" : {
            "1.000000" : 3472,
            "5.000000" : 3568,
            "10.000000" : 3632,
            "20.000000" : 3728,
            "30.000000" : 3792,
            "40.000000" : 3856,
            "50.000000" : 3920,
            "60.000000" : 4016,
            "70.000000" : 4128,
            "80.000000" : 4192,
            "90.000000" : 4384,
            "95.000000" : 4576,
            "99.000000" : 7968,
            "99.500000" : 21376,
            "99.900000" : 37120,
            "99.950000" : 40192,
            "99.990000" : 52992
          }
        },
        "lat_ns" : {
          "min" : 1679,
          "max" : 268341,
          "mean" : 4218.351640,
          "stddev" : 2362.906824,
          "N" : 9307553
        },
        "bw_min" : 4867520,
        "bw_max" : 5124480,
        "bw_agg" : 100.000000,
        "bw_mean" : 4967764.436975,
        "bw_dev" : 36063.202249,
        "bw_samples" : 119,
        "iops_min" : 152110,
        "iops_max" : 160140,
        "iops_mean" : 155242.705882,
        "iops_stddev" : 1126.889933,
        "iops_samples" : 119
      },
      "write" : {
        "io_bytes" : 150221750272,
        "io_kbytes" : 146700928,
        "bw_bytes" : 2503654110,
        "bw" : 2444974,
        "iops" : 76405.459909,
        "runtime" : 60001,
        "total_ios" : 4584404,
        "short_ios" : 0,
        "drop_ios" : 0,
        "slat_ns" : {
          "min" : 0,
          "max" : 0,
          "mean" : 0.000000,
          "stddev" : 0.000000,
          "N" : 0
        },
        "clat_ns" : {
          "min" : 2490,
          "max" : 127027,
          "mean" : 3609.635097,
          "stddev" : 2173.185050,
          "N" : 4584404,
          "percentile" : {
            "1.000000" : 3024,
            "5.000000" : 3088,
            "10.000000" : 3152,
            "20.000000" : 3216,
            "30.000000" : 3248,
            "40.000000" : 3312,
            "50.000000" : 3376,
            "60.000000" : 3440,
            "70.000000" : 3536,
            "80.000000" : 3632,
            "90.000000" : 3792,
            "95.000000" : 3920,
            "99.000000" : 6048,
            "99.500000" : 20096,
            "99.900000" : 36096,
            "99.950000" : 39168,
            "99.990000" : 50944
          }
        },
        "lat_ns" : {
          "min" : 2654,
          "max" : 127185,
          "mean" : 3779.227373,
          "stddev" : 2227.027838,
          "N" : 4584404
        },
        "bw_min" : 2379200,
        "bw_max" : 2531648,
        "bw_agg" : 100.000000,
        "bw_mean" : 2446803.361345,
        "bw_dev" : 22020.136079,
        "bw_samples" : 119,
        "iops_min" : 74350,
        "iops_max" : 79114,
        "iops_mean" : 76462.588235,
        "iops_stddev" : 688.130277,
        "iops_samples" : 119
      },
      "trim" : {
        "io_bytes" : 0,
        "io_kbytes" : 0,
        "bw_bytes" : 0,
        "bw" : 0,
        "iops" : 0.000000,
        "runtime" : 0,
        "total_ios" : 0,
        "short_ios" : 0,
        "drop_ios" : 0,
        "slat_ns" : {
          "min" : 0,
          "max" : 0,
          "mean" : 0.000000,
          "stddev" : 0.000000,
          "N" : 0
        },
        "clat_ns" : {
          "min" : 0,
          "max" : 0,
          "mean" : 0.000000,
          "stddev" : 0.000000,
          "N" : 0
        },
        "lat_ns" : {
          "min" : 0,
          "max" : 0,
          "mean" : 0.000000,
          "stddev" : 0.000000,
          "N" : 0
        },
        "bw_min" : 0,
        "bw_max" : 0,
        "bw_agg" : 0.000000,
        "bw_mean" : 0.000000,
        "bw_dev" : 0.000000,
        "bw_samples" : 0,
        "iops_min" : 0,
        "iops_max" : 0,
        "iops_mean" : 0.000000,
        "iops_stddev" : 0.000000,
        "iops_samples" : 0
      },
      "sync" : {
        "total_ios" : 0,
        "lat_ns" : {
          "min" : 0,
          "max" : 0,
          "mean" : 0.000000,
          "stddev" : 0.000000,
          "N" : 0
        }
      },
      "job_runtime" : 60000,
      "usr_cpu" : 9.508333,
      "sys_cpu" : 90.348333,
      "ctx" : 150,
      "majf" : 0,
      "minf" : 9,
      "iodepth_level" : {
        "1" : 100.000000,
        "2" : 0.000000,
        "4" : 0.000000,
        "8" : 0.000000,
        "16" : 0.000000,
        "32" : 0.000000,
        ">=64" : 0.000000
      },
      "iodepth_submit" : {
        "0" : 0.000000,
        "4" : 100.000000,
        "8" : 0.000000,
        "16" : 0.000000,
        "32" : 0.000000,
        "64" : 0.000000,
        ">=64" : 0.000000
      },
      "iodepth_complete" : {
        "0" : 0.000000,
        "4" : 100.000000,
        "8" : 0.000000,
        "16" : 0.000000,
        "32" : 0.000000,
        "64" : 0.000000,
        ">=64" : 0.000000
      },
      "latency_ns" : {
        "2" : 0.000000,
        "4" : 0.000000,
        "10" : 0.000000,
        "20" : 0.000000,
        "50" : 0.000000,
        "100" : 0.000000,
        "250" : 0.000000,
        "500" : 0.000000,
        "750" : 0.000000,
        "1000" : 0.000000
      },
      "latency_us" : {
        "2" : 0.010000,
        "4" : 70.856770,
        "10" : 28.251743,
        "20" : 0.209438,
        "50" : 0.668171,
        "100" : 0.013756,
        "250" : 0.010000,
        "500" : 0.010000,
        "750" : 0.000000,
        "1000" : 0.000000
      },
      "latency_ms" : {
        "2" : 0.000000,
        "4" : 0.000000,
        "10" : 0.000000,
        "20" : 0.000000,
        "50" : 0.000000,
        "100" : 0.000000,
        "250" : 0.000000,
        "500" : 0.000000,
        "750" : 0.000000,
        "1000" : 0.000000,
        "2000" : 0.000000,
        ">=2000" : 0.000000
      },
      "latency_depth" : 1,
      "latency_target" : 0,
      "latency_percentile" : 100.000000,
      "latency_window" : 0
    }
  ]
}
