{
  "fio version" : "fio-3.38",
  "timestamp" : 1729872208,
  "timestamp_ms" : 1729872208010,
  "time" : "Fri Oct 25 18:03:28 2024",
  "jobs" : [
    {
      "jobname" : "output",
      "groupid" : 0,
      "job_start" : 1729872147983,
      "error" : 0,
      "eta" : 0,
      "elapsed" : 61,
      "job options" : {
        "name" : "output",
        "loops" : "5",
        "runtime" : "60",
        "numjobs" : "1",
        "rwmixwrite" : "33",
        "bs" : "16384",
        "filesize" : "1G",
        "rw" : "randrw",
        "direct" : "1"
      },
      "read" : {
        "io_bytes" : 269020479488,
        "io_kbytes" : 262715312,
        "bw_bytes" : 4483599931,
        "bw" : 4378515,
        "iops" : 273657.222380,
        "runtime" : 60001,
        "total_ios" : 16419707,
        "short_ios" : 0,
        "drop_ios" : 0,
        "slat_ns" : {
          "min" : 0,
          "max" : 0,
          "mean" : 0.000000,
          "stddev" : 0.000000,
          "N" : 0
        },
        "clat_ns" : {
          "min" : 887,
          "max" : 121269,
          "mean" : 2263.672968,
          "stddev" : 1693.556998,
          "N" : 16419707,
          "percentile" : {
            "1.000000" : 1832,
            "5.000000" : 1912,
            "10.000000" : 1960,
            "20.000000" : 2008,
            "30.000000" : 2064,
            "40.000000" : 2096,
            "50.000000" : 2128,
            "60.000000" : 2160,
            "70.000000" : 2224,
            "80.000000" : 2288,
            "90.000000" : 2384,
            "95.000000" : 2512,
            "99.000000" : 2864,
            "99.500000" : 5728,
            "99.900000" : 33536,
            "99.950000" : 36096,
            "99.990000" : 43264
          }
        },
        "lat_ns" : {
          "min" : 917,
          "max" : 121298,
          "mean" : 2292.328217,
          "stddev" : 1703.023950,
          "N" : 16419707
        },
        "bw_min" : 4311936,
        "bw_max" : 4458464,
        "bw_agg" : 100.000000,
        "bw_mean" : 4380680.067227,
        "bw_dev" : 22838.350037,
        "bw_samples" : 119,
        "iops_min" : 269496,
        "iops_max" : 278654,
        "iops_mean" : 273792.521008,
        "iops_stddev" : 1427.411678,
        "iops_samples" : 119
      },
      "write" : {
        "io_bytes" : 132533436416,
        "io_kbytes" : 129427184,
        "bw_bytes" : 2208853792,
        "bw" : 2157083,
        "iops" : 134817.736371,
        "runtime" : 60001,
        "total_ios" : 8089199,
        "short_ios" : 0,
        "drop_ios" : 0,
        "slat_ns" : {
          "min" : 0,
          "max" : 0,
          "mean" : 0.000000,
          "stddev" : 0.000000,
          "N" : 0
        },
        "clat_ns" : {
          "min" : 1287,
          "max" : 92405,
          "mean" : 2001.174064,
          "stddev" : 1594.000621,
          "N" : 8089199,
          "percentile" : {
            "1.000000" : 1624,
            "5.000000" : 1704,
            "10.000000" : 1736,
            "20.000000" : 1784,
            "30.000000" : 1816,
            "40.000000" : 1848,
            "50.000000" : 1880,
            "60.000000" : 1912,
            "70.000000" : 1960,
            "80.000000" : 2008,
            "90.000000" : 2128,
            "95.000000" : 2224,
            "99.000000" : 2448,
            "99.500000" : 4448,
            "99.900000" : 33024,
            "99.950000" : 35584,
            "99.990000" : 42752
          }
        },
        "lat_ns" : {
          "min" : 1343,
          "max" : 92472,
          "mean" : 2063.000089,
          "stddev" : 1618.799875,
          "N" : 8089199
        },
        "bw_min" : 2125312,
        "bw_max" : 2196032,
        "bw_agg" : 100.000000,
        "bw_mean" : 2158296.739496,
        "bw_dev" : 12503.199948,
        "bw_samples" : 119,
        "iops_min" : 132832,
        "iops_max" : 137252,
        "iops_mean" : 134893.546218,
        "iops_stddev" : 781.449997,
        "iops_samples" : 119
      },
      "trim" : {
        "io_bytes" : 0,
        "io_kbytes" : 0,
        "bw_bytes" : 0,
        "bw" : 0,
        "iops" : 0.000000,
        "runtime" : 0,
        "total_ios" : 0,
        "short_ios" : 0,
        "drop_ios" : 0,
        "slat_ns" : {
          "min" : 0,
          "max" : 0,
          "mean" : 0.000000,
          "stddev" : 0.000000,
          "N" : 0
        },
        "clat_ns" : {
          "min" : 0,
          "max" : 0,
          "mean" : 0.000000,
          "stddev" : 0.000000,
          "N" : 0
        },
        "lat_ns" : {
          "min" : 0,
          "max" : 0,
          "mean" : 0.000000,
          "stddev" : 0.000000,
          "N" : 0
        },
        "bw_min" : 0,
        "bw_max" : 0,
        "bw_agg" : 0.000000,
        "bw_mean" : 0.000000,
        "bw_dev" : 0.000000,
        "bw_samples" : 0,
        "iops_min" : 0,
        "iops_max" : 0,
        "iops_mean" : 0.000000,
        "iops_stddev" : 0.000000,
        "iops_samples" : 0
      },
      "sync" : {
        "total_ios" : 0,
        "lat_ns" : {
          "min" : 0,
          "max" : 0,
          "mean" : 0.000000,
          "stddev" : 0.000000,
          "N" : 0
        }
      },
      "job_runtime" : 60000,
      "usr_cpu" : 15.140000,
      "sys_cpu" : 84.691667,
      "ctx" : 302,
      "majf" : 0,
      "minf" : 9,
      "iodepth_level" : {
        "1" : 100.000000,
        "2" : 0.000000,
        "4" : 0.000000,
        "8" : 0.000000,
        "16" : 0.000000,
        "32" : 0.000000,
        ">=64" : 0.000000
      },
      "iodepth_submit" : {
        "0" : 0.000000,
        "4" : 100.000000,
        "8" : 0.000000,
        "16" : 0.000000,
        "32" : 0.000000,
        "64" : 0.000000,
        ">=64" : 0.000000
      },
      "iodepth_complete" : {
        "0" : 0.000000,
        "4" : 100.000000,
        "8" : 0.000000,
        "16" : 0.000000,
        "32" : 0.000000,
        "64" : 0.000000,
        ">=64" : 0.000000
      },
      "latency_ns" : {
        "2" : 0.000000,
        "4" : 0.000000,
        "10" : 0.000000,
        "20" : 0.000000,
        "50" : 0.000000,
        "100" : 0.000000,
        "250" : 0.000000,
        "500" : 0.000000,
        "750" : 0.000000,
        "1000" : 0.010000
      },
      "latency_us" : {
        "2" : 37.521128,
        "4" : 61.886491,
        "10" : 0.189943,
        "20" : 0.152891,
        "50" : 0.247759,
        "100" : 0.010000,
        "250" : 0.010000,
        "500" : 0.000000,
        "750" : 0.000000,
        "1000" : 0.000000
      },
      "latency_ms" : {
        "2" : 0.000000,
        "4" : 0.000000,
        "10" : 0.000000,
        "20" : 0.000000,
        "50" : 0.000000,
        "100" : 0.000000,
        "250" : 0.000000,
        "500" : 0.000000,
        "750" : 0.000000,
        "1000" : 0.000000,
        "2000" : 0.000000,
        ">=2000" : 0.000000
      },
      "latency_depth" : 1,
      "latency_target" : 0,
      "latency_percentile" : 100.000000,
      "latency_window" : 0
    }
  ]
}
