{
  "fio version" : "fio-3.38",
  "timestamp" : 1729872569,
  "timestamp_ms" : 1729872569761,
  "time" : "Fri Oct 25 18:09:29 2024",
  "jobs" : [
    {
      "jobname" : "output",
      "groupid" : 0,
      "job_start" : 1729872509710,
      "error" : 0,
      "eta" : 0,
      "elapsed" : 61,
      "job options" : {
        "name" : "output",
        "loops" : "5",
        "runtime" : "60",
        "numjobs" : "1",
        "rwmixwrite" : "33",
        "bs" : "1048576",
        "filesize" : "1G",
        "rw" : "randrw",
        "direct" : "1"
      },
      "read" : {
        "io_bytes" : 285682434048,
        "io_kbytes" : 278986752,
        "bw_bytes" : 4761294545,
        "bw" : 4649701,
        "iops" : 4540.724321,
        "runtime" : 60001,
        "total_ios" : 272448,
        "short_ios" : 0,
        "drop_ios" : 0,
        "slat_ns" : {
          "min" : 0,
          "max" : 0,
          "mean" : 0.000000,
          "stddev" : 0.000000,
          "N" : 0
        },
        "clat_ns" : {
          "min" : 64667,
          "max" : 742529,
          "mean" : 139822.510512,
          "stddev" : 21887.408745,
          "N" : 272448,
          "percentile" : {
            "1.000000" : 120320,
            "5.000000" : 122368,
            "10.000000" : 124416,
            "20.000000" : 126464,
            "30.000000" : 128512,
            "40.000000" : 130560,
            "50.000000" : 132096,
            "60.000000" : 136192,
            "70.000000" : 142336,
            "80.000000" : 146432,
            "90.000000" : 160768,
            "95.000000" : 185344,
            "99.000000" : 224256,
            "99.500000" : 238592,
            "99.900000" : 292864,
            "99.950000" : 346112,
            "99.990000" : 552960
          }
        },
        "lat_ns" : {
          "min" : 64693,
          "max" : 743284,
          "mean" : 139858.296387,
          "stddev" : 21892.757593,
          "N" : 272448
        },
        "bw_min" : 4438016,
        "bw_max" : 4950016,
        "bw_agg" : 100.000000,
        "bw_mean" : 4654501.647059,
        "bw_dev" : 98346.062121,
        "bw_samples" : 119,
        "iops_min" : 4334,
        "iops_max" : 4834,
        "iops_mean" : 4545.411765,
        "iops_stddev" : 96.041076,
        "iops_samples" : 119
      },
      "write" : {
        "io_bytes" : 141307150336,
        "io_kbytes" : 137995264,
        "bw_bytes" : 2355079920,
        "bw" : 2299882,
        "iops" : 2245.979234,
        "runtime" : 60001,
        "total_ios" : 134761,
        "short_ios" : 0,
        "drop_ios" : 0,
        "slat_ns" : {
          "min" : 0,
          "max" : 0,
          "mean" : 0.000000,
          "stddev" : 0.000000,
          "N" : 0
        },
        "clat_ns" : {
          "min" : 119898,
          "max" : 847806,
          "mean" : 149654.454449,
          "stddev" : 22515.806561,
          "N" : 134761,
          "percentile" : {
            "1.000000" : 129536,
            "5.000000" : 132096,
            "10.000000" : 134144,
            "20.000000" : 136192,
            "30.000000" : 138240,
            "40.000000" : 138240,
            "50.000000" : 142336,
            "60.000000" : 144384,
            "70.000000" : 152576,
            "80.000000" : 158720,
            "90.000000" : 175104,
            "95.000000" : 197632,
            "99.000000" : 230400,
            "99.500000" : 244736,
            "99.900000" : 288768,
            "99.950000" : 325632,
            "99.990000" : 577536
          }
        },
        "lat_ns" : {
          "min" : 131404,
          "max" : 861348,
          "mean" : 160787.266880,
          "stddev" : 23631.279853,
          "N" : 134761
        },
        "bw_min" : 2160640,
        "bw_max" : 2498560,
        "bw_agg" : 100.000000,
        "bw_mean" : 2301211.966387,
        "bw_dev" : 65895.545842,
        "bw_samples" : 119,
        "iops_min" : 2110,
        "iops_max" : 2440,
        "iops_mean" : 2247.277311,
        "iops_stddev" : 64.351119,
        "iops_samples" : 119
      },
      "trim" : {
        "io_bytes" : 0,
        "io_kbytes" : 0,
        "bw_bytes" : 0,
        "bw" : 0,
        "iops" : 0.000000,
        "runtime" : 0,
        "total_ios" : 0,
        "short_ios" : 0,
        "drop_ios" : 0,
        "slat_ns" : {
          "min" : 0,
          "max" : 0,
          "mean" : 0.000000,
          "stddev" : 0.000000,
          "N" : 0
        },
        "clat_ns" : {
          "min" : 0,
          "max" : 0,
          "mean" : 0.000000,
          "stddev" : 0.000000,
          "N" : 0
        },
        "lat_ns" : {
          "min" : 0,
          "max" : 0,
          "mean" : 0.000000,
          "stddev" : 0.000000,
          "N" : 0
        },
        "bw_min" : 0,
        "bw_max" : 0,
        "bw_agg" : 0.000000,
        "bw_mean" : 0.000000,
        "bw_dev" : 0.000000,
        "bw_samples" : 0,
        "iops_min" : 0,
        "iops_max" : 0,
        "iops_mean" : 0.000000,
        "iops_stddev" : 0.000000,
        "iops_samples" : 0
      },
      "sync" : {
        "total_ios" : 0,
        "lat_ns" : {
          "min" : 0,
          "max" : 0,
          "mean" : 0.000000,
          "stddev" : 0.000000,
          "N" : 0
        }
      },
      "job_runtime" : 60000,
      "usr_cpu" : 3.008333,
      "sys_cpu" : 96.738333,
      "ctx" : 295,
      "majf" : 0,
      "minf" : 8,
      "iodepth_level" : {
        "1" : 100.000000,
        "2" : 0.000000,
        "4" : 0.000000,
        "8" : 0.000000,
        "16" : 0.000000,
        "32" : 0.000000,
        ">=64" : 0.000000
      },
      "iodepth_submit" : {
        "0" : 0.000000,
        "4" : 100.000000,
        "8" : 0.000000,
        "16" : 0.000000,
        "32" : 0.000000,
        "64" : 0.000000,
        ">=64" : 0.000000
      },
      "iodepth_complete" : {
        "0" : 0.000000,
        "4" : 100.000000,
        "8" : 0.000000,
        "16" : 0.000000,
        "32" : 0.000000,
        "64" : 0.000000,
        ">=64" : 0.000000
      },
      "latency_ns" : {
        "2" : 0.000000,
        "4" : 0.000000,
        "10" : 0.000000,
        "20" : 0.000000,
        "50" : 0.000000,
        "100" : 0.000000,
        "250" : 0.000000,
        "500" : 0.000000,
        "750" : 0.000000,
        "1000" : 0.000000
      },
      "latency_us" : {
        "2" : 0.000000,
        "4" : 0.000000,
        "10" : 0.000000,
        "20" : 0.000000,
        "50" : 0.000000,
        "100" : 0.010000,
        "250" : 99.662581,
        "500" : 0.319492,
        "750" : 0.016208,
        "1000" : 0.010000
      },
      "latency_ms" : {
        "2" : 0.000000,
        "4" : 0.000000,
        "10" : 0.000000,
        "20" : 0.000000,
        "50" : 0.000000,
        "100" : 0.000000,
        "250" : 0.000000,
        "500" : 0.000000,
        "750" : 0.000000,
        "1000" : 0.000000,
        "2000" : 0.000000,
        ">=2000" : 0.000000
      },
      "latency_depth" : 1,
      "latency_target" : 0,
      "latency_percentile" : 100.000000,
      "latency_window" : 0
    }
  ]
}
