{
  "fio version" : "fio-3.38",
  "timestamp" : 1729872388,
  "timestamp_ms" : 1729872388879,
  "time" : "Fri Oct 25 18:06:28 2024",
  "jobs" : [
    {
      "jobname" : "output",
      "groupid" : 0,
      "job_start" : 1729872328834,
      "error" : 0,
      "eta" : 0,
      "elapsed" : 61,
      "job options" : {
        "name" : "output",
        "loops" : "5",
        "runtime" : "60",
        "numjobs" : "1",
        "rwmixwrite" : "33",
        "bs" : "131072",
        "filesize" : "1G",
        "rw" : "randrw",
        "direct" : "1"
      },
      "read" : {
        "io_bytes" : 338319245312,
        "io_kbytes" : 330389888,
        "bw_bytes" : 5638560112,
        "bw" : 5506406,
        "iops" : 43018.799687,
        "runtime" : 60001,
        "total_ios" : 2581171,
        "short_ios" : 0,
        "drop_ios" : 0,
        "slat_ns" : {
          "min" : 0,
          "max" : 0,
          "mean" : 0.000000,
          "stddev" : 0.000000,
          "N" : 0
        },
        "clat_ns" : {
          "min" : 8489,
          "max" : 258103,
          "mean" : 15794.478426,
          "stddev" : 4773.044948,
          "N" : 2581171,
          "percentile" : {
            "1.000000" : 13376,
            "5.000000" : 13632,
            "10.000000" : 13888,
            "20.000000" : 14144,
            "30.000000" : 14400,
            "40.000000" : 14656,
            "50.000000" : 14912,
            "60.000000" : 15168,
            "70.000000" : 15424,
            "80.000000" : 15808,
            "90.000000" : 16512,
            "95.000000" : 17792,
            "99.000000" : 42752,
            "99.500000" : 46848,
            "99.900000" : 59648,
            "99.950000" : 70144,
            "99.990000" : 94720
          }
        },
        "lat_ns" : {
          "min" : 8529,
          "max" : 258348,
          "mean" : 15826.370052,
          "stddev" : 4778.817436,
          "N" : 2581171
        },
        "bw_min" : 5378560,
        "bw_max" : 5695744,
        "bw_agg" : 100.000000,
        "bw_mean" : 5509922.420168,
        "bw_dev" : 89329.775485,
        "bw_samples" : 119,
        "iops_min" : 42020,
        "iops_max" : 44498,
        "iops_mean" : 43046.268908,
        "iops_stddev" : 697.894505,
        "iops_samples" : 119
      },
      "write" : {
        "io_bytes" : 166601031680,
        "io_kbytes" : 162696320,
        "bw_bytes" : 2776637584,
        "bw" : 2711560,
        "iops" : 21184.063599,
        "runtime" : 60001,
        "total_ios" : 1271065,
        "short_ios" : 0,
        "drop_ios" : 0,
        "slat_ns" : {
          "min" : 0,
          "max" : 0,
          "mean" : 0.000000,
          "stddev" : 0.000000,
          "N" : 0
        },
        "clat_ns" : {
          "min" : 10840,
          "max" : 258630,
          "mean" : 13531.057272,
          "stddev" : 4479.613863,
          "N" : 1271065,
          "percentile" : {
            "1.000000" : 11584,
            "5.000000" : 11840,
            "10.000000" : 11968,
            "20.000000" : 12096,
            "30.000000" : 12352,
            "40.000000" : 12480,
            "50.000000" : 12608,
            "60.000000" : 12864,
            "70.000000" : 13120,
            "80.000000" : 13504,
            "90.000000" : 14400,
            "95.000000" : 15040,
            "99.000000" : 39168,
            "99.500000" : 44288,
            "99.900000" : 55552,
            "99.950000" : 66048,
            "99.990000" : 96768
          }
        },
        "lat_ns" : {
          "min" : 11288,
          "max" : 259222,
          "mean" : 14233.349933,
          "stddev" : 4598.558501,
          "N" : 1271065
        },
        "bw_min" : 2604032,
        "bw_max" : 2812672,
        "bw_agg" : 100.000000,
        "bw_mean" : 2713479.529412,
        "bw_dev" : 47142.325732,
        "bw_samples" : 119,
        "iops_min" : 20344,
        "iops_max" : 21974,
        "iops_mean" : 21199.058824,
        "iops_stddev" : 368.299420,
        "iops_samples" : 119
      },
      "trim" : {
        "io_bytes" : 0,
        "io_kbytes" : 0,
        "bw_bytes" : 0,
        "bw" : 0,
        "iops" : 0.000000,
        "runtime" : 0,
        "total_ios" : 0,
        "short_ios" : 0,
        "drop_ios" : 0,
        "slat_ns" : {
          "min" : 0,
          "max" : 0,
          "mean" : 0.000000,
          "stddev" : 0.000000,
          "N" : 0
        },
        "clat_ns" : {
          "min" : 0,
          "max" : 0,
          "mean" : 0.000000,
          "stddev" : 0.000000,
          "N" : 0
        },
        "lat_ns" : {
          "min" : 0,
          "max" : 0,
          "mean" : 0.000000,
          "stddev" : 0.000000,
          "N" : 0
        },
        "bw_min" : 0,
        "bw_max" : 0,
        "bw_agg" : 0.000000,
        "bw_mean" : 0.000000,
        "bw_dev" : 0.000000,
        "bw_samples" : 0,
        "iops_min" : 0,
        "iops_max" : 0,
        "iops_mean" : 0.000000,
        "iops_stddev" : 0.000000,
        "iops_samples" : 0
      },
      "sync" : {
        "total_ios" : 0,
        "lat_ns" : {
          "min" : 0,
          "max" : 0,
          "mean" : 0.000000,
          "stddev" : 0.000000,
          "N" : 0
        }
      },
      "job_runtime" : 60000,
      "usr_cpu" : 4.108333,
      "sys_cpu" : 95.733333,
      "ctx" : 130,
      "majf" : 0,
      "minf" : 8,
      "iodepth_level" : {
        "1" : 100.000000,
        "2" : 0.000000,
        "4" : 0.000000,
        "8" : 0.000000,
        "16" : 0.000000,
        "32" : 0.000000,
        ">=64" : 0.000000
      },
      "iodepth_submit" : {
        "0" : 0.000000,
        "4" : 100.000000,
        "8" : 0.000000,
        "16" : 0.000000,
        "32" : 0.000000,
        "64" : 0.000000,
        ">=64" : 0.000000
      },
      "iodepth_complete" : {
        "0" : 0.000000,
        "4" : 100.000000,
        "8" : 0.000000,
        "16" : 0.000000,
        "32" : 0.000000,
        "64" : 0.000000,
        ">=64" : 0.000000
      },
      "latency_ns" : {
        "2" : 0.000000,
        "4" : 0.000000,
        "10" : 0.000000,
        "20" : 0.000000,
        "50" : 0.000000,
        "100" : 0.000000,
        "250" : 0.000000,
        "500" : 0.000000,
        "750" : 0.000000,
        "1000" : 0.000000
      },
      "latency_us" : {
        "2" : 0.000000,
        "4" : 0.000000,
        "10" : 0.010000,
        "20" : 96.326783,
        "50" : 3.431514,
        "100" : 0.233812,
        "250" : 0.010000,
        "500" : 0.010000,
        "750" : 0.000000,
        "1000" : 0.000000
      },
      "latency_ms" : {
        "2" : 0.000000,
        "4" : 0.000000,
        "10" : 0.000000,
        "20" : 0.000000,
        "50" : 0.000000,
        "100" : 0.000000,
        "250" : 0.000000,
        "500" : 0.000000,
        "750" : 0.000000,
        "1000" : 0.000000,
        "2000" : 0.000000,
        ">=2000" : 0.000000
      },
      "latency_depth" : 1,
      "latency_target" : 0,
      "latency_percentile" : 100.000000,
      "latency_window" : 0
    }
  ]
}
