{
  "fio version" : "fio-3.38",
  "timestamp" : 1729872509,
  "timestamp_ms" : 1729872509463,
  "time" : "Fri Oct 25 18:08:29 2024",
  "jobs" : [
    {
      "jobname" : "output",
      "groupid" : 0,
      "job_start" : 1729872449416,
      "error" : 0,
      "eta" : 0,
      "elapsed" : 61,
      "job options" : {
        "name" : "output",
        "loops" : "5",
        "runtime" : "60",
        "numjobs" : "1",
        "rwmixwrite" : "33",
        "bs" : "524288",
        "filesize" : "1G",
        "rw" : "randrw",
        "direct" : "1"
      },
      "read" : {
        "io_bytes" : 313211748352,
        "io_kbytes" : 305870848,
        "bw_bytes" : 5220108804,
        "bw" : 5097762,
        "iops" : 9956.567391,
        "runtime" : 60001,
        "total_ios" : 597404,
        "short_ios" : 0,
        "drop_ios" : 0,
        "slat_ns" : {
          "min" : 0,
          "max" : 0,
          "mean" : 0.000000,
          "stddev" : 0.000000,
          "N" : 0
        },
        "clat_ns" : {
          "min" : 41296,
          "max" : 458640,
          "mean" : 67962.411745,
          "stddev" : 12306.395718,
          "N" : 597404,
          "percentile" : {
            "1.000000" : 58624,
            "5.000000" : 59648,
            "10.000000" : 60672,
            "20.000000" : 61696,
            "30.000000" : 62720,
            "40.000000" : 63232,
            "50.000000" : 64256,
            "60.000000" : 65280,
            "70.000000" : 67072,
            "80.000000" : 70144,
            "90.000000" : 78336,
            "95.000000" : 90624,
            "99.000000" : 125440,
            "99.500000" : 136192,
            "99.900000" : 162816,
            "99.950000" : 177152,
            "99.990000" : 288768
          }
        },
        "lat_ns" : {
          "min" : 41338,
          "max" : 458978,
          "mean" : 67998.437941,
          "stddev" : 12311.625237,
          "N" : 597404
        },
        "bw_min" : 4929536,
        "bw_max" : 5320704,
        "bw_agg" : 100.000000,
        "bw_mean" : 5101327.058824,
        "bw_dev" : 68866.131505,
        "bw_samples" : 119,
        "iops_min" : 9628,
        "iops_max" : 10392,
        "iops_mean" : 9963.529412,
        "iops_stddev" : 134.504163,
        "iops_samples" : 119
      },
      "write" : {
        "io_bytes" : 154605715456,
        "io_kbytes" : 150982144,
        "bw_bytes" : 2576718978,
        "bw" : 2516327,
        "iops" : 4914.701422,
        "runtime" : 60001,
        "total_ios" : 294887,
        "short_ios" : 0,
        "drop_ios" : 0,
        "slat_ns" : {
          "min" : 0,
          "max" : 0,
          "mean" : 0.000000,
          "stddev" : 0.000000,
          "N" : 0
        },
        "clat_ns" : {
          "min" : 46339,
          "max" : 500388,
          "mean" : 59718.407268,
          "stddev" : 11176.186434,
          "N" : 294887,
          "percentile" : {
            "1.000000" : 52480,
            "5.000000" : 52992,
            "10.000000" : 53504,
            "20.000000" : 54016,
            "30.000000" : 54528,
            "40.000000" : 55040,
            "50.000000" : 56064,
            "60.000000" : 57600,
            "70.000000" : 58624,
            "80.000000" : 62208,
            "90.000000" : 70144,
            "95.000000" : 81408,
            "99.000000" : 107008,
            "99.500000" : 123392,
            "99.900000" : 144384,
            "99.950000" : 158720,
            "99.990000" : 244736
          }
        },
        "lat_ns" : {
          "min" : 51087,
          "max" : 503734,
          "mean" : 64442.735292,
          "stddev" : 11680.884349,
          "N" : 294887
        },
        "bw_min" : 2401280,
        "bw_max" : 2635776,
        "bw_agg" : 100.000000,
        "bw_mean" : 2518059.025210,
        "bw_dev" : 47387.143928,
        "bw_samples" : 119,
        "iops_min" : 4690,
        "iops_max" : 5148,
        "iops_mean" : 4918.084034,
        "iops_stddev" : 92.524443,
        "iops_samples" : 119
      },
      "trim" : {
        "io_bytes" : 0,
        "io_kbytes" : 0,
        "bw_bytes" : 0,
        "bw" : 0,
        "iops" : 0.000000,
        "runtime" : 0,
        "total_ios" : 0,
        "short_ios" : 0,
        "drop_ios" : 0,
        "slat_ns" : {
          "min" : 0,
          "max" : 0,
          "mean" : 0.000000,
          "stddev" : 0.000000,
          "N" : 0
        },
        "clat_ns" : {
          "min" : 0,
          "max" : 0,
          "mean" : 0.000000,
          "stddev" : 0.000000,
          "N" : 0
        },
        "lat_ns" : {
          "min" : 0,
          "max" : 0,
          "mean" : 0.000000,
          "stddev" : 0.000000,
          "N" : 0
        },
        "bw_min" : 0,
        "bw_max" : 0,
        "bw_agg" : 0.000000,
        "bw_mean" : 0.000000,
        "bw_dev" : 0.000000,
        "bw_samples" : 0,
        "iops_min" : 0,
        "iops_max" : 0,
        "iops_mean" : 0.000000,
        "iops_stddev" : 0.000000,
        "iops_samples" : 0
      },
      "sync" : {
        "total_ios" : 0,
        "lat_ns" : {
          "min" : 0,
          "max" : 0,
          "mean" : 0.000000,
          "stddev" : 0.000000,
          "N" : 0
        }
      },
      "job_runtime" : 60000,
      "usr_cpu" : 3.375000,
      "sys_cpu" : 96.395000,
      "ctx" : 220,
      "majf" : 0,
      "minf" : 8,
      "iodepth_level" : {
        "1" : 100.000000,
        "2" : 0.000000,
        "4" : 0.000000,
        "8" : 0.000000,
        "16" : 0.000000,
        "32" : 0.000000,
        ">=64" : 0.000000
      },
      "iodepth_submit" : {
        "0" : 0.000000,
        "4" : 100.000000,
        "8" : 0.000000,
        "16" : 0.000000,
        "32" : 0.000000,
        "64" : 0.000000,
        ">=64" : 0.000000
      },
      "iodepth_complete" : {
        "0" : 0.000000,
        "4" : 100.000000,
        "8" : 0.000000,
        "16" : 0.000000,
        "32" : 0.000000,
        "64" : 0.000000,
        ">=64" : 0.000000
      },
      "latency_ns" : {
        "2" : 0.000000,
        "4" : 0.000000,
        "10" : 0.000000,
        "20" : 0.000000,
        "50" : 0.000000,
        "100" : 0.000000,
        "250" : 0.000000,
        "500" : 0.000000,
        "750" : 0.000000,
        "1000" : 0.000000
      },
      "latency_us" : {
        "2" : 0.000000,
        "4" : 0.000000,
        "10" : 0.000000,
        "20" : 0.000000,
        "50" : 0.010000,
        "100" : 97.424719,
        "250" : 2.560151,
        "500" : 0.012888,
        "750" : 0.010000,
        "1000" : 0.000000
      },
      "latency_ms" : {
        "2" : 0.000000,
        "4" : 0.000000,
        "10" : 0.000000,
        "20" : 0.000000,
        "50" : 0.000000,
        "100" : 0.000000,
        "250" : 0.000000,
        "500" : 0.000000,
        "750" : 0.000000,
        "1000" : 0.000000,
        "2000" : 0.000000,
        ">=2000" : 0.000000
      },
      "latency_depth" : 1,
      "latency_target" : 0,
      "latency_percentile" : 100.000000,
      "latency_window" : 0
    }
  ]
}
