{
  "fio version" : "fio-3.38",
  "timestamp" : 1729872087,
  "timestamp_ms" : 1729872087461,
  "time" : "Fri Oct 25 18:01:27 2024",
  "jobs" : [
    {
      "jobname" : "output",
      "groupid" : 0,
      "job_start" : 1729872027432,
      "error" : 0,
      "eta" : 0,
      "elapsed" : 61,
      "job options" : {
        "name" : "output",
        "loops" : "5",
        "runtime" : "60",
        "numjobs" : "1",
        "rwmixwrite" : "33",
        "bs" : "4096",
        "filesize" : "1G",
        "rw" : "randrw",
        "direct" : "1"
      },
      "read" : {
        "io_bytes" : 156485545984,
        "io_kbytes" : 152817916,
        "bw_bytes" : 2608048965,
        "bw" : 2546922,
        "iops" : 636730.704488,
        "runtime" : 60001,
        "total_ios" : 38204479,
        "short_ios" : 0,
        "drop_ios" : 0,
        "slat_ns" : {
          "min" : 0,
          "max" : 0,
          "mean" : 0.000000,
          "stddev" : 0.000000,
          "N" : 0
        },
        "clat_ns" : {
          "min" : 396,
          "max" : 158934,
          "mean" : 804.103783,
          "stddev" : 931.146824,
          "N" : 38204479,
          "percentile" : {
            "1.000000" : 612,
            "5.000000" : 668,
            "10.000000" : 684,
            "20.000000" : 700,
            "30.000000" : 716,
            "40.000000" : 740,
            "50.000000" : 764,
            "60.000000" : 780,
            "70.000000" : 804,
            "80.000000" : 828,
            "90.000000" : 868,
            "95.000000" : 924,
            "99.000000" : 1128,
            "99.500000" : 1208,
            "99.900000" : 17024,
            "99.950000" : 29312,
            "99.990000" : 36608
          }
        },
        "lat_ns" : {
          "min" : 425,
          "max" : 158962,
          "mean" : 832.597903,
          "stddev" : 945.844524,
          "N" : 38204479
        },
        "bw_min" : 2476720,
        "bw_max" : 2584576,
        "bw_agg" : 100.000000,
        "bw_mean" : 2548045.983193,
        "bw_dev" : 14918.933546,
        "bw_samples" : 119,
        "iops_min" : 619180,
        "iops_max" : 646142,
        "iops_mean" : 637011.613445,
        "iops_stddev" : 3729.601563,
        "iops_samples" : 119
      },
      "write" : {
        "io_bytes" : 77101264896,
        "io_kbytes" : 75294204,
        "bw_bytes" : 1284999664,
        "bw" : 1254882,
        "iops" : 313720.621323,
        "runtime" : 60001,
        "total_ios" : 18823551,
        "short_ios" : 0,
        "drop_ios" : 0,
        "slat_ns" : {
          "min" : 0,
          "max" : 0,
          "mean" : 0.000000,
          "stddev" : 0.000000,
          "N" : 0
        },
        "clat_ns" : {
          "min" : 408,
          "max" : 88924,
          "mean" : 766.263108,
          "stddev" : 911.366134,
          "N" : 18823551,
          "percentile" : {
            "1.000000" : 580,
            "5.000000" : 644,
            "10.000000" : 652,
            "20.000000" : 668,
            "30.000000" : 684,
            "40.000000" : 708,
            "50.000000" : 724,
            "60.000000" : 740,
            "70.000000" : 764,
            "80.000000" : 788,
            "90.000000" : 828,
            "95.000000" : 868,
            "99.000000" : 1080,
            "99.500000" : 1160,
            "99.900000" : 17024,
            "99.950000" : 28544,
            "99.990000" : 36608
          }
        },
        "lat_ns" : {
          "min" : 449,
          "max" : 88968,
          "mean" : 808.781282,
          "stddev" : 933.473270,
          "N" : 18823551
        },
        "bw_min" : 1223496,
        "bw_max" : 1274640,
        "bw_agg" : 100.000000,
        "bw_mean" : 1255427.697479,
        "bw_dev" : 8078.179610,
        "bw_samples" : 119,
        "iops_min" : 305874,
        "iops_max" : 318660,
        "iops_mean" : 313856.924370,
        "iops_stddev" : 2019.544902,
        "iops_samples" : 119
      },
      "trim" : {
        "io_bytes" : 0,
        "io_kbytes" : 0,
        "bw_bytes" : 0,
        "bw" : 0,
        "iops" : 0.000000,
        "runtime" : 0,
        "total_ios" : 0,
        "short_ios" : 0,
        "drop_ios" : 0,
        "slat_ns" : {
          "min" : 0,
          "max" : 0,
          "mean" : 0.000000,
          "stddev" : 0.000000,
          "N" : 0
        },
        "clat_ns" : {
          "min" : 0,
          "max" : 0,
          "mean" : 0.000000,
          "stddev" : 0.000000,
          "N" : 0
        },
        "lat_ns" : {
          "min" : 0,
          "max" : 0,
          "mean" : 0.000000,
          "stddev" : 0.000000,
          "N" : 0
        },
        "bw_min" : 0,
        "bw_max" : 0,
        "bw_agg" : 0.000000,
        "bw_mean" : 0.000000,
        "bw_dev" : 0.000000,
        "bw_samples" : 0,
        "iops_min" : 0,
        "iops_max" : 0,
        "iops_mean" : 0.000000,
        "iops_stddev" : 0.000000,
        "iops_samples" : 0
      },
      "sync" : {
        "total_ios" : 0,
        "lat_ns" : {
          "min" : 0,
          "max" : 0,
          "mean" : 0.000000,
          "stddev" : 0.000000,
          "N" : 0
        }
      },
      "job_runtime" : 60000,
      "usr_cpu" : 32.893333,
      "sys_cpu" : 66.970000,
      "ctx" : 20,
      "majf" : 0,
      "minf" : 12,
      "iodepth_level" : {
        "1" : 100.000000,
        "2" : 0.000000,
        "4" : 0.000000,
        "8" : 0.000000,
        "16" : 0.000000,
        "32" : 0.000000,
        ">=64" : 0.000000
      },
      "iodepth_submit" : {
        "0" : 0.000000,
        "4" : 100.000000,
        "8" : 0.000000,
        "16" : 0.000000,
        "32" : 0.000000,
        "64" : 0.000000,
        ">=64" : 0.000000
      },
      "iodepth_complete" : {
        "0" : 0.000000,
        "4" : 100.000000,
        "8" : 0.000000,
        "16" : 0.000000,
        "32" : 0.000000,
        "64" : 0.000000,
        ">=64" : 0.000000
      },
      "latency_ns" : {
        "2" : 0.000000,
        "4" : 0.000000,
        "10" : 0.000000,
        "20" : 0.000000,
        "50" : 0.000000,
        "100" : 0.000000,
        "250" : 0.000000,
        "500" : 0.010000,
        "750" : 50.696885,
        "1000" : 46.864572
      },
      "latency_us" : {
        "2" : 2.261609,
        "4" : 0.032381,
        "10" : 0.020963,
        "20" : 0.047854,
        "50" : 0.072989,
        "100" : 0.010000,
        "250" : 0.010000,
        "500" : 0.000000,
        "750" : 0.000000,
        "1000" : 0.000000
      },
      "latency_ms" : {
        "2" : 0.000000,
        "4" : 0.000000,
        "10" : 0.000000,
        "20" : 0.000000,
        "50" : 0.000000,
        "100" : 0.000000,
        "250" : 0.000000,
        "500" : 0.000000,
        "750" : 0.000000,
        "1000" : 0.000000,
        "2000" : 0.000000,
        ">=2000" : 0.000000
      },
      "latency_depth" : 1,
      "latency_target" : 0,
      "latency_percentile" : 100.000000,
      "latency_window" : 0
    }
  ]
}
