{
  "fio version" : "fio-3.38",
  "timestamp" : 1729872449,
  "timestamp_ms" : 1729872449170,
  "time" : "Fri Oct 25 18:07:29 2024",
  "jobs" : [
    {
      "jobname" : "output",
      "groupid" : 0,
      "job_start" : 1729872389124,
      "error" : 0,
      "eta" : 0,
      "elapsed" : 61,
      "job options" : {
        "name" : "output",
        "loops" : "5",
        "runtime" : "60",
        "numjobs" : "1",
        "rwmixwrite" : "33",
        "bs" : "262144",
        "filesize" : "1G",
        "rw" : "randrw",
        "direct" : "1"
      },
      "read" : {
        "io_bytes" : 330793484288,
        "io_kbytes" : 323040512,
        "bw_bytes" : 5513132852,
        "bw" : 5383918,
        "iops" : 21030.932818,
        "runtime" : 60001,
        "total_ios" : 1261877,
        "short_ios" : 0,
        "drop_ios" : 0,
        "slat_ns" : {
          "min" : 0,
          "max" : 0,
          "mean" : 0.000000,
          "stddev" : 0.000000,
          "N" : 0
        },
        "clat_ns" : {
          "min" : 22443,
          "max" : 320114,
          "mean" : 32761.120401,
          "stddev" : 7794.859407,
          "N" : 1261877,
          "percentile" : {
            "1.000000" : 27776,
            "5.000000" : 28288,
            "10.000000" : 28544,
            "20.000000" : 29056,
            "30.000000" : 29568,
            "40.000000" : 30080,
            "50.000000" : 30592,
            "60.000000" : 31104,
            "70.000000" : 31872,
            "80.000000" : 33024,
            "90.000000" : 36096,
            "95.000000" : 48384,
            "99.000000" : 66048,
            "99.500000" : 72192,
            "99.900000" : 99840,
            "99.950000" : 113152,
            "99.990000" : 156672
          }
        },
        "lat_ns" : {
          "min" : 22483,
          "max" : 320161,
          "mean" : 32794.357743,
          "stddev" : 7799.949329,
          "N" : 1261877
        },
        "bw_min" : 5256704,
        "bw_max" : 5557248,
        "bw_agg" : 100.000000,
        "bw_mean" : 5388055.663866,
        "bw_dev" : 56365.570387,
        "bw_samples" : 119,
        "iops_min" : 20534,
        "iops_max" : 21708,
        "iops_mean" : 21047.109244,
        "iops_stddev" : 220.202018,
        "iops_samples" : 119
      },
      "write" : {
        "io_bytes" : 163027353600,
        "io_kbytes" : 159206400,
        "bw_bytes" : 2717077275,
        "bw" : 2653395,
        "iops" : 10364.827253,
        "runtime" : 60001,
        "total_ios" : 621900,
        "short_ios" : 0,
        "drop_ios" : 0,
        "slat_ns" : {
          "min" : 0,
          "max" : 0,
          "mean" : 0.000000,
          "stddev" : 0.000000,
          "N" : 0
        },
        "clat_ns" : {
          "min" : 17581,
          "max" : 303817,
          "mean" : 27260.409394,
          "stddev" : 7115.147630,
          "N" : 621900,
          "percentile" : {
            "1.000000" : 23168,
            "5.000000" : 23680,
            "10.000000" : 23936,
            "20.000000" : 24192,
            "30.000000" : 24448,
            "40.000000" : 24704,
            "50.000000" : 25216,
            "60.000000" : 25984,
            "70.000000" : 26240,
            "80.000000" : 27520,
            "90.000000" : 29824,
            "95.000000" : 41728,
            "99.000000" : 59136,
            "99.500000" : 63744,
            "99.900000" : 87552,
            "99.950000" : 99840,
            "99.990000" : 146432
          }
        },
        "lat_ns" : {
          "min" : 19301,
          "max" : 310347,
          "mean" : 28971.138247,
          "stddev" : 7356.355202,
          "N" : 621900
        },
        "bw_min" : 2528768,
        "bw_max" : 2765312,
        "bw_agg" : 100.000000,
        "bw_mean" : 2655636.436975,
        "bw_dev" : 40363.376771,
        "bw_samples" : 119,
        "iops_min" : 9878,
        "iops_max" : 10802,
        "iops_mean" : 10373.579832,
        "iops_stddev" : 157.669441,
        "iops_samples" : 119
      },
      "trim" : {
        "io_bytes" : 0,
        "io_kbytes" : 0,
        "bw_bytes" : 0,
        "bw" : 0,
        "iops" : 0.000000,
        "runtime" : 0,
        "total_ios" : 0,
        "short_ios" : 0,
        "drop_ios" : 0,
        "slat_ns" : {
          "min" : 0,
          "max" : 0,
          "mean" : 0.000000,
          "stddev" : 0.000000,
          "N" : 0
        },
        "clat_ns" : {
          "min" : 0,
          "max" : 0,
          "mean" : 0.000000,
          "stddev" : 0.000000,
          "N" : 0
        },
        "lat_ns" : {
          "min" : 0,
          "max" : 0,
          "mean" : 0.000000,
          "stddev" : 0.000000,
          "N" : 0
        },
        "bw_min" : 0,
        "bw_max" : 0,
        "bw_agg" : 0.000000,
        "bw_mean" : 0.000000,
        "bw_dev" : 0.000000,
        "bw_samples" : 0,
        "iops_min" : 0,
        "iops_max" : 0,
        "iops_mean" : 0.000000,
        "iops_stddev" : 0.000000,
        "iops_samples" : 0
      },
      "sync" : {
        "total_ios" : 0,
        "lat_ns" : {
          "min" : 0,
          "max" : 0,
          "mean" : 0.000000,
          "stddev" : 0.000000,
          "N" : 0
        }
      },
      "job_runtime" : 60000,
      "usr_cpu" : 3.360000,
      "sys_cpu" : 96.455000,
      "ctx" : 305,
      "majf" : 0,
      "minf" : 10,
      "iodepth_level" : {
        "1" : 100.000000,
        "2" : 0.000000,
        "4" : 0.000000,
        "8" : 0.000000,
        "16" : 0.000000,
        "32" : 0.000000,
        ">=64" : 0.000000
      },
      "iodepth_submit" : {
        "0" : 0.000000,
        "4" : 100.000000,
        "8" : 0.000000,
        "16" : 0.000000,
        "32" : 0.000000,
        "64" : 0.000000,
        ">=64" : 0.000000
      },
      "iodepth_complete" : {
        "0" : 0.000000,
        "4" : 100.000000,
        "8" : 0.000000,
        "16" : 0.000000,
        "32" : 0.000000,
        "64" : 0.000000,
        ">=64" : 0.000000
      },
      "latency_ns" : {
        "2" : 0.000000,
        "4" : 0.000000,
        "10" : 0.000000,
        "20" : 0.000000,
        "50" : 0.000000,
        "100" : 0.000000,
        "250" : 0.000000,
        "500" : 0.000000,
        "750" : 0.000000,
        "1000" : 0.000000
      },
      "latency_us" : {
        "2" : 0.000000,
        "4" : 0.000000,
        "10" : 0.000000,
        "20" : 0.010000,
        "50" : 96.270472,
        "100" : 3.647672,
        "250" : 0.081114,
        "500" : 0.010000,
        "750" : 0.000000,
        "1000" : 0.000000
      },
      "latency_ms" : {
        "2" : 0.000000,
        "4" : 0.000000,
        "10" : 0.000000,
        "20" : 0.000000,
        "50" : 0.000000,
        "100" : 0.000000,
        "250" : 0.000000,
        "500" : 0.000000,
        "750" : 0.000000,
        "1000" : 0.000000,
        "2000" : 0.000000,
        ">=2000" : 0.000000
      },
      "latency_depth" : 1,
      "latency_target" : 0,
      "latency_percentile" : 100.000000,
      "latency_window" : 0
    }
  ]
}
