{
  "fio version" : "fio-3.38",
  "timestamp" : 1729871966,
  "timestamp_ms" : 1729871966909,
  "time" : "Fri Oct 25 17:59:26 2024",
  "jobs" : [
    {
      "jobname" : "output",
      "groupid" : 0,
      "job_start" : 1729871906876,
      "error" : 0,
      "eta" : 0,
      "elapsed" : 61,
      "job options" : {
        "name" : "output",
        "loops" : "5",
        "runtime" : "60",
        "numjobs" : "1",
        "rwmixwrite" : "33",
        "bs" : "1024",
        "filesize" : "1G",
        "rw" : "randrw",
        "direct" : "1"
      },
      "read" : {
        "io_bytes" : 45763197952,
        "io_kbytes" : 44690623,
        "bw_bytes" : 762707254,
        "bw" : 744831,
        "iops" : 744831.302812,
        "runtime" : 60001,
        "total_ios" : 44690623,
        "short_ios" : 0,
        "drop_ios" : 0,
        "slat_ns" : {
          "min" : 0,
          "max" : 0,
          "mean" : 0.000000,
          "stddev" : 0.000000,
          "N" : 0
        },
        "clat_ns" : {
          "min" : 269,
          "max" : 223919,
          "mean" : 629.346703,
          "stddev" : 666.566615,
          "N" : 44690623,
          "percentile" : {
            "1.000000" : 446,
            "5.000000" : 516,
            "10.000000" : 532,
            "20.000000" : 548,
            "30.000000" : 556,
            "40.000000" : 580,
            "50.000000" : 604,
            "60.000000" : 620,
            "70.000000" : 636,
            "80.000000" : 668,
            "90.000000" : 700,
            "95.000000" : 756,
            "99.000000" : 956,
            "99.500000" : 1032,
            "99.900000" : 3216,
            "99.950000" : 17536,
            "99.990000" : 33536
          }
        },
        "lat_ns" : {
          "min" : 294,
          "max" : 223949,
          "mean" : 657.970705,
          "stddev" : 681.102894,
          "N" : 44690623
        },
        "bw_min" : 720308,
        "bw_max" : 758054,
        "bw_agg" : 100.000000,
        "bw_mean" : 745260.789916,
        "bw_dev" : 6168.765441,
        "bw_samples" : 119,
        "iops_min" : 720310,
        "iops_max" : 758054,
        "iops_mean" : 745261.042017,
        "iops_stddev" : 6168.824490,
        "iops_samples" : 119
      },
      "write" : {
        "io_bytes" : 22547601408,
        "io_kbytes" : 22019142,
        "bw_bytes" : 375787093,
        "bw" : 366979,
        "iops" : 366979.583674,
        "runtime" : 60001,
        "total_ios" : 22019142,
        "short_ios" : 0,
        "drop_ios" : 0,
        "slat_ns" : {
          "min" : 0,
          "max" : 0,
          "mean" : 0.000000,
          "stddev" : 0.000000,
          "N" : 0
        },
        "clat_ns" : {
          "min" : 311,
          "max" : 198901,
          "mean" : 664.012692,
          "stddev" : 691.558103,
          "N" : 22019142,
          "percentile" : {
            "1.000000" : 478,
            "5.000000" : 548,
            "10.000000" : 564,
            "20.000000" : 580,
            "30.000000" : 596,
            "40.000000" : 612,
            "50.000000" : 636,
            "60.000000" : 652,
            "70.000000" : 676,
            "80.000000" : 700,
            "90.000000" : 732,
            "95.000000" : 780,
            "99.000000" : 980,
            "99.500000" : 1048,
            "99.900000" : 3536,
            "99.950000" : 17792,
            "99.990000" : 33536
          }
        },
        "lat_ns" : {
          "min" : 343,
          "max" : 198936,
          "mean" : 701.876530,
          "stddev" : 710.192212,
          "N" : 22019142
        },
        "bw_min" : 355740,
        "bw_max" : 371876,
        "bw_agg" : 100.000000,
        "bw_mean" : 367194.991597,
        "bw_dev" : 3048.609140,
        "bw_samples" : 119,
        "iops_min" : 355740,
        "iops_max" : 371876,
        "iops_mean" : 367194.991597,
        "iops_stddev" : 3048.609140,
        "iops_samples" : 119
      },
      "trim" : {
        "io_bytes" : 0,
        "io_kbytes" : 0,
        "bw_bytes" : 0,
        "bw" : 0,
        "iops" : 0.000000,
        "runtime" : 0,
        "total_ios" : 0,
        "short_ios" : 0,
        "drop_ios" : 0,
        "slat_ns" : {
          "min" : 0,
          "max" : 0,
          "mean" : 0.000000,
          "stddev" : 0.000000,
          "N" : 0
        },
        "clat_ns" : {
          "min" : 0,
          "max" : 0,
          "mean" : 0.000000,
          "stddev" : 0.000000,
          "N" : 0
        },
        "lat_ns" : {
          "min" : 0,
          "max" : 0,
          "mean" : 0.000000,
          "stddev" : 0.000000,
          "N" : 0
        },
        "bw_min" : 0,
        "bw_max" : 0,
        "bw_agg" : 0.000000,
        "bw_mean" : 0.000000,
        "bw_dev" : 0.000000,
        "bw_samples" : 0,
        "iops_min" : 0,
        "iops_max" : 0,
        "iops_mean" : 0.000000,
        "iops_stddev" : 0.000000,
        "iops_samples" : 0
      },
      "sync" : {
        "total_ios" : 0,
        "lat_ns" : {
          "min" : 0,
          "max" : 0,
          "mean" : 0.000000,
          "stddev" : 0.000000,
          "N" : 0
        }
      },
      "job_runtime" : 60000,
      "usr_cpu" : 38.815000,
      "sys_cpu" : 61.043333,
      "ctx" : 30,
      "majf" : 0,
      "minf" : 9,
      "iodepth_level" : {
        "1" : 100.000000,
        "2" : 0.000000,
        "4" : 0.000000,
        "8" : 0.000000,
        "16" : 0.000000,
        "32" : 0.000000,
        ">=64" : 0.000000
      },
      "iodepth_submit" : {
        "0" : 0.000000,
        "4" : 100.000000,
        "8" : 0.000000,
        "16" : 0.000000,
        "32" : 0.000000,
        "64" : 0.000000,
        ">=64" : 0.000000
      },
      "iodepth_complete" : {
        "0" : 0.000000,
        "4" : 100.000000,
        "8" : 0.000000,
        "16" : 0.000000,
        "32" : 0.000000,
        "64" : 0.000000,
        ">=64" : 0.000000
      },
      "latency_ns" : {
        "2" : 0.000000,
        "4" : 0.000000,
        "10" : 0.000000,
        "20" : 0.000000,
        "50" : 0.000000,
        "100" : 0.000000,
        "250" : 0.000000,
        "500" : 3.045935,
        "750" : 90.796868,
        "1000" : 5.439355
      },
      "latency_us" : {
        "2" : 0.607608,
        "4" : 0.024595,
        "10" : 0.017287,
        "20" : 0.029429,
        "50" : 0.038774,
        "100" : 0.010000,
        "250" : 0.010000,
        "500" : 0.000000,
        "750" : 0.000000,
        "1000" : 0.000000
      },
      "latency_ms" : {
        "2" : 0.000000,
        "4" : 0.000000,
        "10" : 0.000000,
        "20" : 0.000000,
        "50" : 0.000000,
        "100" : 0.000000,
        "250" : 0.000000,
        "500" : 0.000000,
        "750" : 0.000000,
        "1000" : 0.000000,
        "2000" : 0.000000,
        ">=2000" : 0.000000
      },
      "latency_depth" : 1,
      "latency_target" : 0,
      "latency_percentile" : 100.000000,
      "latency_window" : 0
    }
  ]
}
