{
  "fio version" : "fio-3.38",
  "timestamp" : 1729778658,
  "timestamp_ms" : 1729778658060,
  "time" : "Thu Oct 24 16:04:18 2024",
  "jobs" : [
    {
      "jobname" : "output",
      "groupid" : 0,
      "job_start" : 1729778598009,
      "error" : 0,
      "eta" : 0,
      "elapsed" : 61,
      "job options" : {
        "name" : "output",
        "loops" : "5",
        "runtime" : "60",
        "numjobs" : "1",
        "rwmixwrite" : "33",
        "bs" : "32768",
        "filesize" : "1G",
        "rw" : "randrw",
        "direct" : "0"
      },
      "read" : {
        "io_bytes" : 15095824384,
        "io_kbytes" : 14742016,
        "bw_bytes" : 251592879,
        "bw" : 245696,
        "iops" : 7678.005367,
        "runtime" : 60001,
        "total_ios" : 460688,
        "short_ios" : 0,
        "drop_ios" : 0,
        "slat_ns" : {
          "min" : 0,
          "max" : 0,
          "mean" : 0.000000,
          "stddev" : 0.000000,
          "N" : 0
        },
        "clat_ns" : {
          "min" : 47799,
          "max" : 13561029,
          "mean" : 107209.447685,
          "stddev" : 124618.905119,
          "N" : 460688,
          "percentile" : {
            "1.000000" : 72192,
            "5.000000" : 77312,
            "10.000000" : 89600,
            "20.000000" : 92672,
            "30.000000" : 95744,
            "40.000000" : 96768,
            "50.000000" : 102912,
            "60.000000" : 107008,
            "70.000000" : 109056,
            "80.000000" : 111104,
            "90.000000" : 117248,
            "95.000000" : 152576,
            "99.000000" : 177152,
            "99.500000" : 201728,
            "99.900000" : 284672,
            "99.950000" : 329728,
            "99.990000" : 7372800
          }
        },
        "lat_ns" : {
          "min" : 47830,
          "max" : 13561178,
          "mean" : 107248.234328,
          "stddev" : 124621.177081,
          "N" : 460688
        },
        "bw_min" : 18944,
        "bw_max" : 337216,
        "bw_agg" : 99.917715,
        "bw_mean" : 245494.857143,
        "bw_dev" : 75049.364096,
        "bw_samples" : 119,
        "iops_min" : 592,
        "iops_max" : 10538,
        "iops_mean" : 7671.697479,
        "iops_stddev" : 2345.312955,
        "iops_samples" : 119
      },
      "write" : {
        "io_bytes" : 7446626304,
        "io_kbytes" : 7272096,
        "bw_bytes" : 124108369,
        "bw" : 121199,
        "iops" : 3787.486875,
        "runtime" : 60001,
        "total_ios" : 227253,
        "short_ios" : 0,
        "drop_ios" : 0,
        "slat_ns" : {
          "min" : 0,
          "max" : 0,
          "mean" : 0.000000,
          "stddev" : 0.000000,
          "N" : 0
        },
        "clat_ns" : {
          "min" : 6071,
          "max" : 315258,
          "mean" : 8344.797226,
          "stddev" : 8082.402462,
          "N" : 227253,
          "percentile" : {
            "1.000000" : 6432,
            "5.000000" : 6624,
            "10.000000" : 6688,
            "20.000000" : 6880,
            "30.000000" : 7008,
            "40.000000" : 7200,
            "50.000000" : 7392,
            "60.000000" : 7712,
            "70.000000" : 8256,
            "80.000000" : 8768,
            "90.000000" : 9280,
            "95.000000" : 9664,
            "99.000000" : 14784,
            "99.500000" : 44288,
            "99.900000" : 181248,
            "99.950000" : 189440,
            "99.990000" : 195584
          }
        },
        "lat_ns" : {
          "min" : 6240,
          "max" : 315432,
          "mean" : 8521.586985,
          "stddev" : 8092.412011,
          "N" : 227253
        },
        "bw_min" : 10624,
        "bw_max" : 168960,
        "bw_agg" : 99.930215,
        "bw_mean" : 121115.966387,
        "bw_dev" : 37041.896219,
        "bw_samples" : 119,
        "iops_min" : 332,
        "iops_max" : 5280,
        "iops_mean" : 3784.873950,
        "iops_stddev" : 1157.559257,
        "iops_samples" : 119
      },
      "trim" : {
        "io_bytes" : 0,
        "io_kbytes" : 0,
        "bw_bytes" : 0,
        "bw" : 0,
        "iops" : 0.000000,
        "runtime" : 0,
        "total_ios" : 0,
        "short_ios" : 0,
        "drop_ios" : 0,
        "slat_ns" : {
          "min" : 0,
          "max" : 0,
          "mean" : 0.000000,
          "stddev" : 0.000000,
          "N" : 0
        },
        "clat_ns" : {
          "min" : 0,
          "max" : 0,
          "mean" : 0.000000,
          "stddev" : 0.000000,
          "N" : 0
        },
        "lat_ns" : {
          "min" : 0,
          "max" : 0,
          "mean" : 0.000000,
          "stddev" : 0.000000,
          "N" : 0
        },
        "bw_min" : 0,
        "bw_max" : 0,
        "bw_agg" : 0.000000,
        "bw_mean" : 0.000000,
        "bw_dev" : 0.000000,
        "bw_samples" : 0,
        "iops_min" : 0,
        "iops_max" : 0,
        "iops_mean" : 0.000000,
        "iops_stddev" : 0.000000,
        "iops_samples" : 0
      },
      "sync" : {
        "total_ios" : 0,
        "lat_ns" : {
          "min" : 0,
          "max" : 0,
          "mean" : 0.000000,
          "stddev" : 0.000000,
          "N" : 0
        }
      },
      "job_runtime" : 60000,
      "usr_cpu" : 0.658333,
      "sys_cpu" : 14.428333,
      "ctx" : 467750,
      "majf" : 0,
      "minf" : 13,
      "iodepth_level" : {
        "1" : 100.000000,
        "2" : 0.000000,
        "4" : 0.000000,
        "8" : 0.000000,
        "16" : 0.000000,
        "32" : 0.000000,
        ">=64" : 0.000000
      },
      "iodepth_submit" : {
        "0" : 0.000000,
        "4" : 100.000000,
        "8" : 0.000000,
        "16" : 0.000000,
        "32" : 0.000000,
        "64" : 0.000000,
        ">=64" : 0.000000
      },
      "iodepth_complete" : {
        "0" : 0.000000,
        "4" : 100.000000,
        "8" : 0.000000,
        "16" : 0.000000,
        "32" : 0.000000,
        "64" : 0.000000,
        ">=64" : 0.000000
      },
      "latency_ns" : {
        "2" : 0.000000,
        "4" : 0.000000,
        "10" : 0.000000,
        "20" : 0.000000,
        "50" : 0.000000,
        "100" : 0.000000,
        "250" : 0.000000,
        "500" : 0.000000,
        "750" : 0.000000,
        "1000" : 0.000000
      },
      "latency_us" : {
        "2" : 0.000000,
        "4" : 0.000000,
        "10" : 31.879769,
        "20" : 0.877110,
        "50" : 0.122103,
        "100" : 31.720598,
        "250" : 35.227149,
        "500" : 0.146815,
        "750" : 0.010000,
        "1000" : 0.010000
      },
      "latency_ms" : {
        "2" : 0.010000,
        "4" : 0.010000,
        "10" : 0.018025,
        "20" : 0.010000,
        "50" : 0.000000,
        "100" : 0.000000,
        "250" : 0.000000,
        "500" : 0.000000,
        "750" : 0.000000,
        "1000" : 0.000000,
        "2000" : 0.000000,
        ">=2000" : 0.000000
      },
      "latency_depth" : 1,
      "latency_target" : 0,
      "latency_percentile" : 100.000000,
      "latency_window" : 0
    }
  ],
  "disk_util" : [
    {
      "name" : "nvme0n1",
      "read_ios" : 459744,
      "write_ios" : 162050,
      "read_sectors" : 29423616,
      "write_sectors" : 14538176,
      "read_merges" : 0,
      "write_merges" : 24,
      "read_ticks" : 44659,
      "write_ticks" : 449939,
      "in_queue" : 494658,
      "util" : 83.851004
    }
  ]
}
