{
  "fio version" : "fio-3.38",
  "timestamp" : 1729778416,
  "timestamp_ms" : 1729778416889,
  "time" : "Thu Oct 24 16:00:16 2024",
  "jobs" : [
    {
      "jobname" : "output",
      "groupid" : 0,
      "job_start" : 1729778356854,
      "error" : 0,
      "eta" : 0,
      "elapsed" : 61,
      "job options" : {
        "name" : "output",
        "loops" : "5",
        "runtime" : "60",
        "numjobs" : "1",
        "rwmixwrite" : "33",
        "bs" : "2048",
        "filesize" : "1G",
        "rw" : "randrw",
        "direct" : "0"
      },
      "read" : {
        "io_bytes" : 2223497216,
        "io_kbytes" : 2171384,
        "bw_bytes" : 37057669,
        "bw" : 36189,
        "iops" : 18094.565091,
        "runtime" : 60001,
        "total_ios" : 1085692,
        "short_ios" : 0,
        "drop_ios" : 0,
        "slat_ns" : {
          "min" : 0,
          "max" : 0,
          "mean" : 0.000000,
          "stddev" : 0.000000,
          "N" : 0
        },
        "clat_ns" : {
          "min" : 309,
          "max" : 9678802,
          "mean" : 35496.816242,
          "stddev" : 56982.451523,
          "N" : 1085692,
          "percentile" : {
            "1.000000" : 548,
            "5.000000" : 612,
            "10.000000" : 652,
            "20.000000" : 700,
            "30.000000" : 740,
            "40.000000" : 788,
            "50.000000" : 46848,
            "60.000000" : 58112,
            "70.000000" : 67072,
            "80.000000" : 68096,
            "90.000000" : 82432,
            "95.000000" : 83456,
            "99.000000" : 85504,
            "99.500000" : 88576,
            "99.900000" : 119296,
            "99.950000" : 152576,
            "99.990000" : 2113536
          }
        },
        "lat_ns" : {
          "min" : 335,
          "max" : 9678955,
          "mean" : 35527.540099,
          "stddev" : 56986.361456,
          "N" : 1085692
        },
        "bw_min" : 1704,
        "bw_max" : 92908,
        "bw_agg" : 100.000000,
        "bw_mean" : 36327.773109,
        "bw_dev" : 18759.033645,
        "bw_samples" : 119,
        "iops_min" : 852,
        "iops_max" : 46454,
        "iops_mean" : 18163.882353,
        "iops_stddev" : 9379.521098,
        "iops_samples" : 119
      },
      "write" : {
        "io_bytes" : 1095329792,
        "io_kbytes" : 1069658,
        "bw_bytes" : 18255192,
        "bw" : 17827,
        "iops" : 8913.668106,
        "runtime" : 60001,
        "total_ios" : 534829,
        "short_ios" : 0,
        "drop_ios" : 0,
        "slat_ns" : {
          "min" : 0,
          "max" : 0,
          "mean" : 0.000000,
          "stddev" : 0.000000,
          "N" : 0
        },
        "clat_ns" : {
          "min" : 485,
          "max" : 11069855,
          "mean" : 35844.923114,
          "stddev" : 58696.466342,
          "N" : 534829,
          "percentile" : {
            "1.000000" : 700,
            "5.000000" : 812,
            "10.000000" : 876,
            "20.000000" : 964,
            "30.000000" : 1032,
            "40.000000" : 1144,
            "50.000000" : 47360,
            "60.000000" : 58624,
            "70.000000" : 67072,
            "80.000000" : 69120,
            "90.000000" : 82432,
            "95.000000" : 83456,
            "99.000000" : 85504,
            "99.500000" : 88576,
            "99.900000" : 119296,
            "99.950000" : 146432,
            "99.990000" : 1908736
          }
        },
        "lat_ns" : {
          "min" : 523,
          "max" : 11069992,
          "mean" : 35887.420379,
          "stddev" : 58699.191334,
          "N" : 534829
        },
        "bw_min" : 784,
        "bw_max" : 46540,
        "bw_agg" : 100.000000,
        "bw_mean" : 17894.764706,
        "bw_dev" : 9236.992949,
        "bw_samples" : 119,
        "iops_min" : 392,
        "iops_max" : 23270,
        "iops_mean" : 8947.378151,
        "iops_stddev" : 4618.500555,
        "iops_samples" : 119
      },
      "trim" : {
        "io_bytes" : 0,
        "io_kbytes" : 0,
        "bw_bytes" : 0,
        "bw" : 0,
        "iops" : 0.000000,
        "runtime" : 0,
        "total_ios" : 0,
        "short_ios" : 0,
        "drop_ios" : 0,
        "slat_ns" : {
          "min" : 0,
          "max" : 0,
          "mean" : 0.000000,
          "stddev" : 0.000000,
          "N" : 0
        },
        "clat_ns" : {
          "min" : 0,
          "max" : 0,
          "mean" : 0.000000,
          "stddev" : 0.000000,
          "N" : 0
        },
        "lat_ns" : {
          "min" : 0,
          "max" : 0,
          "mean" : 0.000000,
          "stddev" : 0.000000,
          "N" : 0
        },
        "bw_min" : 0,
        "bw_max" : 0,
        "bw_agg" : 0.000000,
        "bw_mean" : 0.000000,
        "bw_dev" : 0.000000,
        "bw_samples" : 0,
        "iops_min" : 0,
        "iops_max" : 0,
        "iops_mean" : 0.000000,
        "iops_stddev" : 0.000000,
        "iops_samples" : 0
      },
      "sync" : {
        "total_ios" : 0,
        "lat_ns" : {
          "min" : 0,
          "max" : 0,
          "mean" : 0.000000,
          "stddev" : 0.000000,
          "N" : 0
        }
      },
      "job_runtime" : 60000,
      "usr_cpu" : 1.141667,
      "sys_cpu" : 5.253333,
      "ctx" : 845512,
      "majf" : 0,
      "minf" : 12,
      "iodepth_level" : {
        "1" : 100.000000,
        "2" : 0.000000,
        "4" : 0.000000,
        "8" : 0.000000,
        "16" : 0.000000,
        "32" : 0.000000,
        ">=64" : 0.000000
      },
      "iodepth_submit" : {
        "0" : 0.000000,
        "4" : 100.000000,
        "8" : 0.000000,
        "16" : 0.000000,
        "32" : 0.000000,
        "64" : 0.000000,
        ">=64" : 0.000000
      },
      "iodepth_complete" : {
        "0" : 0.000000,
        "4" : 100.000000,
        "8" : 0.000000,
        "16" : 0.000000,
        "32" : 0.000000,
        "64" : 0.000000,
        ">=64" : 0.000000
      },
      "latency_ns" : {
        "2" : 0.000000,
        "4" : 0.000000,
        "10" : 0.000000,
        "20" : 0.000000,
        "50" : 0.000000,
        "100" : 0.000000,
        "250" : 0.000000,
        "500" : 0.283736,
        "750" : 22.201132,
        "1000" : 17.568115
      },
      "latency_us" : {
        "2" : 8.469005,
        "4" : 0.153839,
        "10" : 0.031348,
        "20" : 0.010000,
        "50" : 10.053433,
        "100" : 41.033470,
        "250" : 0.176363,
        "500" : 0.010000,
        "750" : 0.010000,
        "1000" : 0.010000
      },
      "latency_ms" : {
        "2" : 0.010000,
        "4" : 0.010000,
        "10" : 0.010000,
        "20" : 0.010000,
        "50" : 0.000000,
        "100" : 0.000000,
        "250" : 0.000000,
        "500" : 0.000000,
        "750" : 0.000000,
        "1000" : 0.000000,
        "2000" : 0.000000,
        ">=2000" : 0.000000
      },
      "latency_depth" : 1,
      "latency_target" : 0,
      "latency_percentile" : 100.000000,
      "latency_window" : 0
    }
  ],
  "disk_util" : [
    {
      "name" : "nvme0n1",
      "read_ios" : 829539,
      "write_ios" : 321013,
      "read_sectors" : 6636312,
      "write_sectors" : 3889384,
      "read_merges" : 0,
      "write_merges" : 84,
      "read_ticks" : 54211,
      "write_ticks" : 47987,
      "in_queue" : 102248,
      "util" : 91.631785
    }
  ]
}
