{
  "fio version" : "fio-3.38",
  "timestamp" : 1729778477,
  "timestamp_ms" : 1729778477183,
  "time" : "Thu Oct 24 16:01:17 2024",
  "jobs" : [
    {
      "jobname" : "output",
      "groupid" : 0,
      "job_start" : 1729778417133,
      "error" : 0,
      "eta" : 0,
      "elapsed" : 61,
      "job options" : {
        "name" : "output",
        "loops" : "5",
        "runtime" : "60",
        "numjobs" : "1",
        "rwmixwrite" : "33",
        "bs" : "4096",
        "filesize" : "1G",
        "rw" : "randrw",
        "direct" : "0"
      },
      "read" : {
        "io_bytes" : 3216367616,
        "io_kbytes" : 3140984,
        "bw_bytes" : 53605233,
        "bw" : 52348,
        "iops" : 13087.215213,
        "runtime" : 60001,
        "total_ios" : 785246,
        "short_ios" : 0,
        "drop_ios" : 0,
        "slat_ns" : {
          "min" : 0,
          "max" : 0,
          "mean" : 0.000000,
          "stddev" : 0.000000,
          "N" : 0
        },
        "clat_ns" : {
          "min" : 11826,
          "max" : 7260247,
          "mean" : 72760.618345,
          "stddev" : 44004.669235,
          "N" : 785246,
          "percentile" : {
            "1.000000" : 47872,
            "5.000000" : 65280,
            "10.000000" : 66048,
            "20.000000" : 66048,
            "30.000000" : 67072,
            "40.000000" : 68096,
            "50.000000" : 68096,
            "60.000000" : 69120,
            "70.000000" : 81408,
            "80.000000" : 82432,
            "90.000000" : 83456,
            "95.000000" : 84480,
            "99.000000" : 89600,
            "99.500000" : 100864,
            "99.900000" : 146432,
            "99.950000" : 181248,
            "99.990000" : 2310144
          }
        },
        "lat_ns" : {
          "min" : 11855,
          "max" : 7260332,
          "mean" : 72788.509735,
          "stddev" : 44006.854719,
          "N" : 785246
        },
        "bw_min" : 9272,
        "bw_max" : 55064,
        "bw_agg" : 100.000000,
        "bw_mean" : 52523.428571,
        "bw_dev" : 6907.849316,
        "bw_samples" : 119,
        "iops_min" : 2318,
        "iops_max" : 13766,
        "iops_mean" : 13130.857143,
        "iops_stddev" : 1726.962329,
        "iops_samples" : 119
      },
      "write" : {
        "io_bytes" : 1585471488,
        "io_kbytes" : 1548312,
        "bw_bytes" : 26424084,
        "bw" : 25804,
        "iops" : 6451.192480,
        "runtime" : 60001,
        "total_ios" : 387078,
        "short_ios" : 0,
        "drop_ios" : 0,
        "slat_ns" : {
          "min" : 0,
          "max" : 0,
          "mean" : 0.000000,
          "stddev" : 0.000000,
          "N" : 0
        },
        "clat_ns" : {
          "min" : 944,
          "max" : 298380,
          "mean" : 1539.391709,
          "stddev" : 3076.291331,
          "N" : 387078,
          "percentile" : {
            "1.000000" : 1048,
            "5.000000" : 1112,
            "10.000000" : 1160,
            "20.000000" : 1208,
            "30.000000" : 1256,
            "40.000000" : 1288,
            "50.000000" : 1320,
            "60.000000" : 1368,
            "70.000000" : 1400,
            "80.000000" : 1480,
            "90.000000" : 1832,
            "95.000000" : 2224,
            "99.000000" : 3344,
            "99.500000" : 3888,
            "99.900000" : 35584,
            "99.950000" : 69120,
            "99.990000" : 179200
          }
        },
        "lat_ns" : {
          "min" : 988,
          "max" : 298414,
          "mean" : 1582.458771,
          "stddev" : 3087.972159,
          "N" : 387078
        },
        "bw_min" : 5184,
        "bw_max" : 28416,
        "bw_agg" : 100.000000,
        "bw_mean" : 25891.025210,
        "bw_dev" : 3395.793368,
        "bw_samples" : 119,
        "iops_min" : 1296,
        "iops_max" : 7104,
        "iops_mean" : 6472.756303,
        "iops_stddev" : 848.948342,
        "iops_samples" : 119
      },
      "trim" : {
        "io_bytes" : 0,
        "io_kbytes" : 0,
        "bw_bytes" : 0,
        "bw" : 0,
        "iops" : 0.000000,
        "runtime" : 0,
        "total_ios" : 0,
        "short_ios" : 0,
        "drop_ios" : 0,
        "slat_ns" : {
          "min" : 0,
          "max" : 0,
          "mean" : 0.000000,
          "stddev" : 0.000000,
          "N" : 0
        },
        "clat_ns" : {
          "min" : 0,
          "max" : 0,
          "mean" : 0.000000,
          "stddev" : 0.000000,
          "N" : 0
        },
        "lat_ns" : {
          "min" : 0,
          "max" : 0,
          "mean" : 0.000000,
          "stddev" : 0.000000,
          "N" : 0
        },
        "bw_min" : 0,
        "bw_max" : 0,
        "bw_agg" : 0.000000,
        "bw_mean" : 0.000000,
        "bw_dev" : 0.000000,
        "bw_samples" : 0,
        "iops_min" : 0,
        "iops_max" : 0,
        "iops_mean" : 0.000000,
        "iops_stddev" : 0.000000,
        "iops_samples" : 0
      },
      "sync" : {
        "total_ios" : 0,
        "lat_ns" : {
          "min" : 0,
          "max" : 0,
          "mean" : 0.000000,
          "stddev" : 0.000000,
          "N" : 0
        }
      },
      "job_runtime" : 60000,
      "usr_cpu" : 0.918333,
      "sys_cpu" : 5.211667,
      "ctx" : 808191,
      "majf" : 0,
      "minf" : 13,
      "iodepth_level" : {
        "1" : 100.000000,
        "2" : 0.000000,
        "4" : 0.000000,
        "8" : 0.000000,
        "16" : 0.000000,
        "32" : 0.000000,
        ">=64" : 0.000000
      },
      "iodepth_submit" : {
        "0" : 0.000000,
        "4" : 100.000000,
        "8" : 0.000000,
        "16" : 0.000000,
        "32" : 0.000000,
        "64" : 0.000000,
        ">=64" : 0.000000
      },
      "iodepth_complete" : {
        "0" : 0.000000,
        "4" : 100.000000,
        "8" : 0.000000,
        "16" : 0.000000,
        "32" : 0.000000,
        "64" : 0.000000,
        ">=64" : 0.000000
      },
      "latency_ns" : {
        "2" : 0.000000,
        "4" : 0.000000,
        "10" : 0.000000,
        "20" : 0.000000,
        "50" : 0.000000,
        "100" : 0.000000,
        "250" : 0.000000,
        "500" : 0.000000,
        "750" : 0.000000,
        "1000" : 0.071738
      },
      "latency_us" : {
        "2" : 30.569279,
        "4" : 2.227285,
        "10" : 0.085130,
        "20" : 0.014245,
        "50" : 1.695265,
        "100" : 64.974615,
        "250" : 0.338729,
        "500" : 0.011942,
        "750" : 0.010000,
        "1000" : 0.010000
      },
      "latency_ms" : {
        "2" : 0.010000,
        "4" : 0.010000,
        "10" : 0.010000,
        "20" : 0.000000,
        "50" : 0.000000,
        "100" : 0.000000,
        "250" : 0.000000,
        "500" : 0.000000,
        "750" : 0.000000,
        "1000" : 0.000000,
        "2000" : 0.000000,
        ">=2000" : 0.000000
      },
      "latency_depth" : 1,
      "latency_target" : 0,
      "latency_percentile" : 100.000000,
      "latency_window" : 0
    }
  ],
  "disk_util" : [
    {
      "name" : "nvme0n1",
      "read_ios" : 783858,
      "write_ios" : 290180,
      "read_sectors" : 6270864,
      "write_sectors" : 3147648,
      "read_merges" : 0,
      "write_merges" : 24,
      "read_ticks" : 54458,
      "write_ticks" : 30357,
      "in_queue" : 84874,
      "util" : 91.788157
    }
  ]
}
