{
  "fio version" : "fio-3.38",
  "timestamp" : 1729875441,
  "timestamp_ms" : 1729875441309,
  "time" : "Fri Oct 25 18:57:21 2024",
  "jobs" : [
    {
      "jobname" : "output",
      "groupid" : 0,
      "job_start" : 1729875381282,
      "error" : 0,
      "eta" : 0,
      "elapsed" : 61,
      "job options" : {
        "name" : "output",
        "loops" : "5",
        "runtime" : "60",
        "numjobs" : "2",
        "rwmixwrite" : "33",
        "bs" : "16k",
        "filesize" : "1G",
        "rw" : "randrw",
        "direct" : "1"
      },
      "read" : {
        "io_bytes" : 188077637632,
        "io_kbytes" : 183669568,
        "bw_bytes" : 3134627293,
        "bw" : 3061159,
        "iops" : 191322.466667,
        "runtime" : 60000,
        "total_ios" : 11479348,
        "short_ios" : 0,
        "drop_ios" : 0,
        "slat_ns" : {
          "min" : 0,
          "max" : 0,
          "mean" : 0.000000,
          "stddev" : 0.000000,
          "N" : 0
        },
        "clat_ns" : {
          "min" : 1247,
          "max" : 969246,
          "mean" : 3168.865823,
          "stddev" : 1342.026403,
          "N" : 11479348,
          "percentile" : {
            "1.000000" : 2384,
            "5.000000" : 2512,
            "10.000000" : 2608,
            "20.000000" : 2736,
            "30.000000" : 2864,
            "40.000000" : 2960,
            "50.000000" : 3056,
            "60.000000" : 3152,
            "70.000000" : 3280,
            "80.000000" : 3440,
            "90.000000" : 3728,
            "95.000000" : 3984,
            "99.000000" : 5344,
            "99.500000" : 6688,
            "99.900000" : 16192,
            "99.950000" : 21632,
            "99.990000" : 31360
          }
        },
        "lat_ns" : {
          "min" : 1286,
          "max" : 969283,
          "mean" : 3206.322029,
          "stddev" : 1359.629939,
          "N" : 11479348
        },
        "bw_min" : 2897664,
        "bw_max" : 3221920,
        "bw_agg" : 49.493518,
        "bw_mean" : 3062403.705882,
        "bw_dev" : 76480.286902,
        "bw_samples" : 119,
        "iops_min" : 181104,
        "iops_max" : 201370,
        "iops_mean" : 191400.327731,
        "iops_stddev" : 4780.012772,
        "iops_samples" : 119
      },
      "write" : {
        "io_bytes" : 92664397824,
        "io_kbytes" : 90492576,
        "bw_bytes" : 1544406630,
        "bw" : 1508209,
        "iops" : 94263.100000,
        "runtime" : 60000,
        "total_ios" : 5655786,
        "short_ios" : 0,
        "drop_ios" : 0,
        "slat_ns" : {
          "min" : 0,
          "max" : 0,
          "mean" : 0.000000,
          "stddev" : 0.000000,
          "N" : 0
        },
        "clat_ns" : {
          "min" : 1795,
          "max" : 1008805,
          "mean" : 3131.797761,
          "stddev" : 1378.131508,
          "N" : 5655786,
          "percentile" : {
            "1.000000" : 2320,
            "5.000000" : 2480,
            "10.000000" : 2576,
            "20.000000" : 2704,
            "30.000000" : 2800,
            "40.000000" : 2896,
            "50.000000" : 3024,
            "60.000000" : 3120,
            "70.000000" : 3248,
            "80.000000" : 3408,
            "90.000000" : 3664,
            "95.000000" : 3984,
            "99.000000" : 5216,
            "99.500000" : 6688,
            "99.900000" : 16320,
            "99.950000" : 21888,
            "99.990000" : 32640
          }
        },
        "lat_ns" : {
          "min" : 1855,
          "max" : 1008880,
          "mean" : 3209.654283,
          "stddev" : 1406.051782,
          "N" : 5655786
        },
        "bw_min" : 1428192,
        "bw_max" : 1598368,
        "bw_agg" : 49.482020,
        "bw_mean" : 1508776.941176,
        "bw_dev" : 37966.048593,
        "bw_samples" : 119,
        "iops_min" : 89262,
        "iops_max" : 99898,
        "iops_mean" : 94298.537815,
        "iops_stddev" : 2372.870902,
        "iops_samples" : 119
      },
      "trim" : {
        "io_bytes" : 0,
        "io_kbytes" : 0,
        "bw_bytes" : 0,
        "bw" : 0,
        "iops" : 0.000000,
        "runtime" : 0,
        "total_ios" : 0,
        "short_ios" : 0,
        "drop_ios" : 0,
        "slat_ns" : {
          "min" : 0,
          "max" : 0,
          "mean" : 0.000000,
          "stddev" : 0.000000,
          "N" : 0
        },
        "clat_ns" : {
          "min" : 0,
          "max" : 0,
          "mean" : 0.000000,
          "stddev" : 0.000000,
          "N" : 0
        },
        "lat_ns" : {
          "min" : 0,
          "max" : 0,
          "mean" : 0.000000,
          "stddev" : 0.000000,
          "N" : 0
        },
        "bw_min" : 0,
        "bw_max" : 0,
        "bw_agg" : 0.000000,
        "bw_mean" : 0.000000,
        "bw_dev" : 0.000000,
        "bw_samples" : 0,
        "iops_min" : 0,
        "iops_max" : 0,
        "iops_mean" : 0.000000,
        "iops_stddev" : 0.000000,
        "iops_samples" : 0
      },
      "sync" : {
        "total_ios" : 0,
        "lat_ns" : {
          "min" : 0,
          "max" : 0,
          "mean" : 0.000000,
          "stddev" : 0.000000,
          "N" : 0
        }
      },
      "job_runtime" : 60000,
      "usr_cpu" : 12.920000,
      "sys_cpu" : 86.793333,
      "ctx" : 764,
      "majf" : 0,
      "minf" : 10,
      "iodepth_level" : {
        "1" : 100.000000,
        "2" : 0.000000,
        "4" : 0.000000,
        "8" : 0.000000,
        "16" : 0.000000,
        "32" : 0.000000,
        ">=64" : 0.000000
      },
      "iodepth_submit" : {
        "0" : 0.000000,
        "4" : 100.000000,
        "8" : 0.000000,
        "16" : 0.000000,
        "32" : 0.000000,
        "64" : 0.000000,
        ">=64" : 0.000000
      },
      "iodepth_complete" : {
        "0" : 0.000000,
        "4" : 100.000000,
        "8" : 0.000000,
        "16" : 0.000000,
        "32" : 0.000000,
        "64" : 0.000000,
        ">=64" : 0.000000
      },
      "latency_ns" : {
        "2" : 0.000000,
        "4" : 0.000000,
        "10" : 0.000000,
        "20" : 0.000000,
        "50" : 0.000000,
        "100" : 0.000000,
        "250" : 0.000000,
        "500" : 0.000000,
        "750" : 0.000000,
        "1000" : 0.000000
      },
      "latency_us" : {
        "2" : 0.010000,
        "4" : 95.074570,
        "10" : 4.697127,
        "20" : 0.149523,
        "50" : 0.075290,
        "100" : 0.010000,
        "250" : 0.010000,
        "500" : 0.010000,
        "750" : 0.010000,
        "1000" : 0.010000
      },
      "latency_ms" : {
        "2" : 0.010000,
        "4" : 0.000000,
        "10" : 0.000000,
        "20" : 0.000000,
        "50" : 0.000000,
        "100" : 0.000000,
        "250" : 0.000000,
        "500" : 0.000000,
        "750" : 0.000000,
        "1000" : 0.000000,
        "2000" : 0.000000,
        ">=2000" : 0.000000
      },
      "latency_depth" : 1,
      "latency_target" : 0,
      "latency_percentile" : 100.000000,
      "latency_window" : 0
    },
    {
      "jobname" : "output",
      "groupid" : 0,
      "job_start" : 1729875381282,
      "error" : 0,
      "eta" : 0,
      "elapsed" : 61,
      "job options" : {
        "name" : "output",
        "loops" : "5",
        "runtime" : "60",
        "numjobs" : "2",
        "rwmixwrite" : "33",
        "bs" : "16k",
        "filesize" : "1G",
        "rw" : "randrw",
        "direct" : "1"
      },
      "read" : {
        "io_bytes" : 192087654400,
        "io_kbytes" : 187585600,
        "bw_bytes" : 3201407549,
        "bw" : 3126374,
        "iops" : 195398.410026,
        "runtime" : 60001,
        "total_ios" : 11724100,
        "short_ios" : 0,
        "drop_ios" : 0,
        "slat_ns" : {
          "min" : 0,
          "max" : 0,
          "mean" : 0.000000,
          "stddev" : 0.000000,
          "N" : 0
        },
        "clat_ns" : {
          "min" : 1108,
          "max" : 593622,
          "mean" : 3095.028093,
          "stddev" : 938.742129,