{
  "fio version" : "fio-3.38",
  "timestamp" : 1729875355,
  "timestamp_ms" : 1729875355597,
  "time" : "Fri Oct 25 18:55:55 2024",
  "jobs" : [
    {
      "jobname" : "output",
      "groupid" : 0,
      "job_start" : 1729875295564,
      "error" : 0,
      "eta" : 0,
      "elapsed" : 61,
      "job options" : {
        "name" : "output",
        "loops" : "5",
        "runtime" : "60",
        "numjobs" : "1",
        "rwmixwrite" : "33",
        "bs" : "16k",
        "filesize" : "1G",
        "rw" : "randrw",
        "direct" : "1"
      },
      "read" : {
        "io_bytes" : 247924326400,
        "io_kbytes" : 242113600,
        "bw_bytes" : 4132003239,
        "bw" : 4035159,
        "iops" : 252197.463376,
        "runtime" : 60001,
        "total_ios" : 15132100,
        "short_ios" : 0,
        "drop_ios" : 0,
        "slat_ns" : {
          "min" : 0,
          "max" : 0,
          "mean" : 0.000000,
          "stddev" : 0.000000,
          "N" : 0
        },
        "clat_ns" : {
          "min" : 1050,
          "max" : 793990,
          "mean" : 2301.433348,
          "stddev" : 1507.007761,
          "N" : 15132100,
          "percentile" : {
            "1.000000" : 1864,
            "5.000000" : 1928,
            "10.000000" : 1976,
            "20.000000" : 2024,
            "30.000000" : 2064,
            "40.000000" : 2096,
            "50.000000" : 2160,
            "60.000000" : 2192,
            "70.000000" : 2256,
            "80.000000" : 2352,
            "90.000000" : 2512,
            "95.000000" : 2640,
            "99.000000" : 3504,
            "99.500000" : 8256,
            "99.900000" : 28288,
            "99.950000" : 32384,
            "99.990000" : 41728
          }
        },
        "lat_ns" : {
          "min" : 1080,
          "max" : 794016,
          "mean" : 2332.761100,
          "stddev" : 1516.940861,
          "N" : 15132100
        },
        "bw_min" : 3843296,
        "bw_max" : 4183008,
        "bw_agg" : 100.000000,
        "bw_mean" : 4037761.344538,
        "bw_dev" : 60980.292528,
        "bw_samples" : 119,
        "iops_min" : 240208,
        "iops_max" : 261438,
        "iops_mean" : 252360.184874,
        "iops_stddev" : 3811.224715,
        "iops_samples" : 119
      },
      "write" : {
        "io_bytes" : 122154434560,
        "io_kbytes" : 119291440,
        "bw_bytes" : 2035873311,
        "bw" : 1988157,
        "iops" : 124259.845669,
        "runtime" : 60001,
        "total_ios" : 7455715,
        "short_ios" : 0,
        "drop_ios" : 0,
        "slat_ns" : {
          "min" : 0,
          "max" : 0,
          "mean" : 0.000000,
          "stddev" : 0.000000,
          "N" : 0
        },
        "clat_ns" : {
          "min" : 1590,
          "max" : 823177,
          "mean" : 2484.592770,
          "stddev" : 1637.862810,
          "N" : 7455715,
          "percentile" : {
            "1.000000" : 1880,
            "5.000000" : 1976,
            "10.000000" : 2040,
            "20.000000" : 2128,
            "30.000000" : 2192,
            "40.000000" : 2256,
            "50.000000" : 2320,
            "60.000000" : 2384,
            "70.000000" : 2480,
            "80.000000" : 2576,
            "90.000000" : 2736,
            "95.000000" : 3024,
            "99.000000" : 4128,
            "99.500000" : 10048,
            "99.900000" : 29312,
            "99.950000" : 33024,
            "99.990000" : 42752
          }
        },
        "lat_ns" : {
          "min" : 1650,
          "max" : 823248,
          "mean" : 2551.631129,
          "stddev" : 1657.816478,
          "N" : 7455715
        },
        "bw_min" : 1897856,
        "bw_max" : 2064096,
        "bw_agg" : 100.000000,
        "bw_mean" : 1989591.932773,
        "bw_dev" : 29687.784141,
        "bw_samples" : 119,
        "iops_min" : 118616,
        "iops_max" : 129006,
        "iops_mean" : 124349.495798,
        "iops_stddev" : 1855.497215,
        "iops_samples" : 119
      },
      "trim" : {
        "io_bytes" : 0,
        "io_kbytes" : 0,
        "bw_bytes" : 0,
        "bw" : 0,
        "iops" : 0.000000,
        "runtime" : 0,
        "total_ios" : 0,
        "short_ios" : 0,
        "drop_ios" : 0,
        "slat_ns" : {
          "min" : 0,
          "max" : 0,
          "mean" : 0.000000,
          "stddev" : 0.000000,
          "N" : 0
        },
        "clat_ns" : {
          "min" : 0,
          "max" : 0,
          "mean" : 0.000000,
          "stddev" : 0.000000,
          "N" : 0
        },
        "lat_ns" : {
          "min" : 0,
          "max" : 0,
          "mean" : 0.000000,
          "stddev" : 0.000000,
          "N" : 0
        },
        "bw_min" : 0,
        "bw_max" : 0,
        "bw_agg" : 0.000000,
        "bw_mean" : 0.000000,
        "bw_dev" : 0.000000,
        "bw_samples" : 0,
        "iops_min" : 0,
        "iops_max" : 0,
        "iops_mean" : 0.000000,
        "iops_stddev" : 0.000000,
        "iops_samples" : 0
      },
      "sync" : {
        "total_ios" : 0,
        "lat_ns" : {
          "min" : 0,
          "max" : 0,
          "mean" : 0.000000,
          "stddev" : 0.000000,
          "N" : 0
        }
      },
      "job_runtime" : 60000,
      "usr_cpu" : 15.148333,
      "sys_cpu" : 84.658333,
      "ctx" : 314,
      "majf" : 0,
      "minf" : 10,
      "iodepth_level" : {
        "1" : 100.000000,
        "2" : 0.000000,
        "4" : 0.000000,
        "8" : 0.000000,
        "16" : 0.000000,
        "32" : 0.000000,
        ">=64" : 0.000000
      },
      "iodepth_submit" : {
        "0" : 0.000000,
        "4" : 100.000000,
        "8" : 0.000000,
        "16" : 0.000000,
        "32" : 0.000000,
        "64" : 0.000000,
        ">=64" : 0.000000
      },
      "iodepth_complete" : {
        "0" : 0.000000,
        "4" : 100.000000,
        "8" : 0.000000,
        "16" : 0.000000,
        "32" : 0.000000,
        "64" : 0.000000,
        ">=64" : 0.000000
      },
      "latency_ns" : {
        "2" : 0.000000,
        "4" : 0.000000,
        "10" : 0.000000,
        "20" : 0.000000,
        "50" : 0.000000,
        "100" : 0.000000,
        "250" : 0.000000,
        "500" : 0.000000,
        "750" : 0.000000,
        "1000" : 0.000000
      },
      "latency_us" : {
        "2" : 12.058236,
        "4" : 87.026501,
        "10" : 0.451389,
        "20" : 0.199594,
        "50" : 0.262115,
        "100" : 0.010000,
        "250" : 0.010000,
        "500" : 0.010000,
        "750" : 0.000000,
        "1000" : 0.010000
      },
      "latency_ms" : {
        "2" : 0.000000,
        "4" : 0.000000,
        "10" : 0.000000,
        "20" : 0.000000,
        "50" : 0.000000,
        "100" : 0.000000,
        "250" : 0.000000,
        "500" : 0.000000,
        "750" : 0.000000,
        "1000" : 0.000000,
        "2000" : 0.000000,
        ">=2000" : 0.000000
      },
      "latency_depth" : 1,
      "latency_target" : 0,
      "latency_percentile" : 100.000000,
      "latency_window" : 0
    }
  ]
}
