{
  "fio version" : "fio-3.38",
  "timestamp" : 1729689441,
  "timestamp_ms" : 1729689441881,
  "time" : "Wed Oct 23 15:17:21 2024",
  "jobs" : [
    {
      "jobname" : "output",
      "groupid" : 0,
      "job_start" : 1729689381845,
      "error" : 0,
      "eta" : 0,
      "elapsed" : 61,
      "job options" : {
        "name" : "output",
        "loops" : "5",
        "runtime" : "60",
        "numjobs" : "1",
        "rwmixwrite" : "33",
        "bs" : "1024",
        "filesize" : "1G",
        "rw" : "randrw",
        "direct" : "0"
      },
      "read" : {
        "io_bytes" : 2335404032,
        "io_kbytes" : 2280668,
        "bw_bytes" : 38922751,
        "bw" : 38010,
        "iops" : 38010.499825,
        "runtime" : 60001,
        "total_ios" : 2280668,
        "short_ios" : 0,
        "drop_ios" : 0,
        "slat_ns" : {
          "min" : 0,
          "max" : 0,
          "mean" : 0.000000,
          "stddev" : 0.000000,
          "N" : 0
        },
        "clat_ns" : {
          "min" : 316,
          "max" : 16305483,
          "mean" : 16378.391327,
          "stddev" : 52564.662824,
          "N" : 2280668,
          "percentile" : {
            "1.000000" : 540,
            "5.000000" : 596,
            "10.000000" : 628,
            "20.000000" : 676,
            "30.000000" : 716,
            "40.000000" : 748,
            "50.000000" : 796,
            "60.000000" : 868,
            "70.000000" : 1160,
            "80.000000" : 47872,
            "90.000000" : 50944,
            "95.000000" : 66048,
            "99.000000" : 83456,
            "99.500000" : 86528,
            "99.900000" : 144384,
            "99.950000" : 197632,
            "99.990000" : 823296
          }
        },
        "lat_ns" : {
          "min" : 344,
          "max" : 16305509,
          "mean" : 16415.648961,
          "stddev" : 52566.165400,
          "N" : 2280668
        },
        "bw_min" : 1338,
        "bw_max" : 252742,
        "bw_agg" : 100.000000,
        "bw_mean" : 38154.873950,
        "bw_dev" : 45749.163726,
        "bw_samples" : 119,
        "iops_min" : 1338,
        "iops_max" : 252742,
        "iops_mean" : 38154.873950,
        "iops_stddev" : 45749.163726,
        "iops_samples" : 119
      },
      "write" : {
        "io_bytes" : 1150907392,
        "io_kbytes" : 1123933,
        "bw_bytes" : 19181470,
        "bw" : 18731,
        "iops" : 18731.904468,
        "runtime" : 60001,
        "total_ios" : 1123933,
        "short_ios" : 0,
        "drop_ios" : 0,
        "slat_ns" : {
          "min" : 0,
          "max" : 0,
          "mean" : 0.000000,
          "stddev" : 0.000000,
          "N" : 0
        },
        "clat_ns" : {
          "min" : 641,
          "max" : 34918905,
          "mean" : 17645.357633,
          "stddev" : 63983.844639,
          "N" : 1123933,
          "percentile" : {
            "1.000000" : 956,
            "5.000000" : 1080,
            "10.000000" : 1176,
            "20.000000" : 1400,
            "30.000000" : 1640,
            "40.000000" : 1912,
            "50.000000" : 2128,
            "60.000000" : 2416,
            "70.000000" : 3472,
            "80.000000" : 49408,
            "90.000000" : 52480,
            "95.000000" : 68096,
            "99.000000" : 85504,
            "99.500000" : 88576,
            "99.900000" : 148480,
            "99.950000" : 201728,
            "99.990000" : 667648
          }
        },
        "lat_ns" : {
          "min" : 677,
          "max" : 34919293,
          "mean" : 17695.227966,
          "stddev" : 63986.432978,
          "N" : 1123933
        },
        "bw_min" : 728,
        "bw_max" : 124170,
        "bw_agg" : 100.000000,
        "bw_mean" : 18802.655462,
        "bw_dev" : 22539.636639,
        "bw_samples" : 119,
        "iops_min" : 728,
        "iops_max" : 124170,
        "iops_mean" : 18802.655462,
        "iops_stddev" : 22539.636639,
        "iops_samples" : 119
      },
      "trim" : {
        "io_bytes" : 0,
        "io_kbytes" : 0,
        "bw_bytes" : 0,
        "bw" : 0,
        "iops" : 0.000000,
        "runtime" : 0,
        "total_ios" : 0,
        "short_ios" : 0,
        "drop_ios" : 0,
        "slat_ns" : {
          "min" : 0,
          "max" : 0,
          "mean" : 0.000000,
          "stddev" : 0.000000,
          "N" : 0
        },
        "clat_ns" : {
          "min" : 0,
          "max" : 0,
          "mean" : 0.000000,
          "stddev" : 0.000000,
          "N" : 0
        },
        "lat_ns" : {
          "min" : 0,
          "max" : 0,
          "mean" : 0.000000,
          "stddev" : 0.000000,
          "N" : 0
        },
        "bw_min" : 0,
        "bw_max" : 0,
        "bw_agg" : 0.000000,
        "bw_mean" : 0.000000,
        "bw_dev" : 0.000000,
        "bw_samples" : 0,
        "iops_min" : 0,
        "iops_max" : 0,
        "iops_mean" : 0.000000,
        "iops_stddev" : 0.000000,
        "iops_samples" : 0
      },
      "sync" : {
        "total_ios" : 0,
        "lat_ns" : {
          "min" : 0,
          "max" : 0,
          "mean" : 0.000000,
          "stddev" : 0.000000,
          "N" : 0
        }
      },
      "job_runtime" : 60000,
      "usr_cpu" : 2.908333,
      "sys_cpu" : 10.876667,
      "ctx" : 954890,
      "majf" : 0,
      "minf" : 12,
      "iodepth_level" : {
        "1" : 100.000000,
        "2" : 0.000000,
        "4" : 0.000000,
        "8" : 0.000000,
        "16" : 0.000000,
        "32" : 0.000000,
        ">=64" : 0.000000
      },
      "iodepth_submit" : {
        "0" : 0.000000,
        "4" : 100.000000,
        "8" : 0.000000,
        "16" : 0.000000,
        "32" : 0.000000,
        "64" : 0.000000,
        ">=64" : 0.000000
      },
      "iodepth_complete" : {
        "0" : 0.000000,
        "4" : 100.000000,
        "8" : 0.000000,
        "16" : 0.000000,
        "32" : 0.000000,
        "64" : 0.000000,
        ">=64" : 0.000000
      },
      "latency_ns" : {
        "2" : 0.000000,
        "4" : 0.000000,
        "10" : 0.000000,
        "20" : 0.000000,
        "50" : 0.000000,
        "100" : 0.000000,
        "250" : 0.000000,
        "500" : 0.315191,
        "750" : 26.451264,
        "1000" : 18.610756
      },
      "latency_us" : {
        "2" : 17.184069,
        "4" : 8.976177,
        "10" : 0.295952,
        "20" : 0.064560,
        "50" : 14.933674,
        "100" : 12.933263,
        "250" : 0.209099,
        "500" : 0.013629,
        "750" : 0.010000,
        "1000" : 0.010000
      },
      "latency_ms" : {
        "2" : 0.010000,
        "4" : 0.010000,
        "10" : 0.010000,
        "20" : 0.010000,
        "50" : 0.010000,
        "100" : 0.000000,
        "250" : 0.000000,
        "500" : 0.000000,
        "750" : 0.000000,
        "1000" : 0.000000,
        "2000" : 0.000000,
        ">=2000" : 0.000000
      },
      "latency_depth" : 1,
      "latency_target" : 0,
      "latency_percentile" : 100.000000,
      "latency_window" : 0
    }
  ],
  "disk_util" : [
    {
      "name" : "nvme0n1",
      "read_ios" : 957904,
      "write_ios" : 429282,
      "read_sectors" : 8750864,
      "write_sectors" : 7973784,
      "read_merges" : 0,
      "write_merges" : 232,
      "read_ticks" : 50875,
      "write_ticks" : 9072598,
      "in_queue" : 9123523,
      "util" : 84.531870
    }
  ]
}
