{
  "fio version" : "fio-3.38",
  "timestamp" : 1729689622,
  "timestamp_ms" : 1729689622786,
  "time" : "Wed Oct 23 15:20:22 2024",
  "jobs" : [
    {
      "jobname" : "output",
      "groupid" : 0,
      "job_start" : 1729689562719,
      "error" : 0,
      "eta" : 0,
      "elapsed" : 61,
      "job options" : {
        "name" : "output",
        "loops" : "5",
        "runtime" : "60",
        "numjobs" : "1",
        "rwmixwrite" : "33",
        "bs" : "8192",
        "filesize" : "1G",
        "rw" : "randrw",
        "direct" : "0"
      },
      "read" : {
        "io_bytes" : 6065856512,
        "io_kbytes" : 5923688,
        "bw_bytes" : 101095923,
        "bw" : 98726,
        "iops" : 12340.810986,
        "runtime" : 60001,
        "total_ios" : 740461,
        "short_ios" : 0,
        "drop_ios" : 0,
        "slat_ns" : {
          "min" : 0,
          "max" : 0,
          "mean" : 0.000000,
          "stddev" : 0.000000,
          "N" : 0
        },
        "clat_ns" : {
          "min" : 26650,
          "max" : 20742506,
          "mean" : 73901.261501,
          "stddev" : 65631.081740,
          "N" : 740461,
          "percentile" : {
            "1.000000" : 49408,
            "5.000000" : 49920,
            "10.000000" : 50944,
            "20.000000" : 58112,
            "30.000000" : 69120,
            "40.000000" : 70144,
            "50.000000" : 72192,
            "60.000000" : 75264,
            "70.000000" : 84480,
            "80.000000" : 86528,
            "90.000000" : 88576,
            "95.000000" : 90624,
            "99.000000" : 102912,
            "99.500000" : 112128,
            "99.900000" : 164864,
            "99.950000" : 246784,
            "99.990000" : 3948544
          }
        },
        "lat_ns" : {
          "min" : 26674,
          "max" : 20742535,
          "mean" : 73930.200167,
          "stddev" : 65632.633102,
          "N" : 740461
        },
        "bw_min" : 7568,
        "bw_max" : 115536,
        "bw_agg" : 99.988365,
        "bw_mean" : 98715.756303,
        "bw_dev" : 19390.598886,
        "bw_samples" : 119,
        "iops_min" : 946,
        "iops_max" : 14442,
        "iops_mean" : 12339.478992,
        "iops_stddev" : 2423.839348,
        "iops_samples" : 119
      },
      "write" : {
        "io_bytes" : 2989957120,
        "io_kbytes" : 2919880,
        "bw_bytes" : 49831788,
        "bw" : 48663,
        "iops" : 6082.981950,
        "runtime" : 60001,
        "total_ios" : 364985,
        "short_ios" : 0,
        "drop_ios" : 0,
        "slat_ns" : {
          "min" : 0,
          "max" : 0,
          "mean" : 0.000000,
          "stddev" : 0.000000,
          "N" : 0
        },
        "clat_ns" : {
          "min" : 2403,
          "max" : 238095,
          "mean" : 4067.289680,
          "stddev" : 4548.009852,
          "N" : 364985,
          "percentile" : {
            "1.000000" : 2672,
            "5.000000" : 2800,
            "10.000000" : 2896,
            "20.000000" : 3056,
            "30.000000" : 3152,
            "40.000000" : 3248,
            "50.000000" : 3376,
            "60.000000" : 3600,
            "70.000000" : 4016,
            "80.000000" : 4704,
            "90.000000" : 5216,
            "95.000000" : 5792,
            "99.000000" : 11456,
            "99.500000" : 22144,
            "99.900000" : 53504,
            "99.950000" : 99840,
            "99.990000" : 187392
          }
        },
        "lat_ns" : {
          "min" : 2453,
          "max" : 238191,
          "mean" : 4117.553779,
          "stddev" : 4555.079073,
          "N" : 364985
        },
        "bw_min" : 3824,
        "bw_max" : 58432,
        "bw_agg" : 100.000000,
        "bw_mean" : 48672.873950,
        "bw_dev" : 9500.022097,
        "bw_samples" : 119,
        "iops_min" : 478,
        "iops_max" : 7304,
        "iops_mean" : 6084.092437,
        "iops_stddev" : 1187.498524,
        "iops_samples" : 119
      },
      "trim" : {
        "io_bytes" : 0,
        "io_kbytes" : 0,
        "bw_bytes" : 0,
        "bw" : 0,
        "iops" : 0.000000,
        "runtime" : 0,
        "total_ios" : 0,
        "short_ios" : 0,
        "drop_ios" : 0,
        "slat_ns" : {
          "min" : 0,
          "max" : 0,
          "mean" : 0.000000,
          "stddev" : 0.000000,
          "N" : 0
        },
        "clat_ns" : {
          "min" : 0,
          "max" : 0,
          "mean" : 0.000000,
          "stddev" : 0.000000,
          "N" : 0
        },
        "lat_ns" : {
          "min" : 0,
          "max" : 0,
          "mean" : 0.000000,
          "stddev" : 0.000000,
          "N" : 0
        },
        "bw_min" : 0,
        "bw_max" : 0,
        "bw_agg" : 0.000000,
        "bw_mean" : 0.000000,
        "bw_dev" : 0.000000,
        "bw_samples" : 0,
        "iops_min" : 0,
        "iops_max" : 0,
        "iops_mean" : 0.000000,
        "iops_stddev" : 0.000000,
        "iops_samples" : 0
      },
      "sync" : {
        "total_ios" : 0,
        "lat_ns" : {
          "min" : 0,
          "max" : 0,
          "mean" : 0.000000,
          "stddev" : 0.000000,
          "N" : 0
        }
      },
      "job_runtime" : 60000,
      "usr_cpu" : 1.116667,
      "sys_cpu" : 9.018333,
      "ctx" : 767753,
      "majf" : 0,
      "minf" : 10,
      "iodepth_level" : {
        "1" : 100.000000,
        "2" : 0.000000,
        "4" : 0.000000,
        "8" : 0.000000,
        "16" : 0.000000,
        "32" : 0.000000,
        ">=64" : 0.000000
      },
      "iodepth_submit" : {
        "0" : 0.000000,
        "4" : 100.000000,
        "8" : 0.000000,
        "16" : 0.000000,
        "32" : 0.000000,
        "64" : 0.000000,
        ">=64" : 0.000000
      },
      "iodepth_complete" : {
        "0" : 0.000000,
        "4" : 100.000000,
        "8" : 0.000000,
        "16" : 0.000000,
        "32" : 0.000000,
        "64" : 0.000000,
        ">=64" : 0.000000
      },
      "latency_ns" : {
        "2" : 0.000000,
        "4" : 0.000000,
        "10" : 0.000000,
        "20" : 0.000000,
        "50" : 0.000000,
        "100" : 0.000000,
        "250" : 0.000000,
        "500" : 0.000000,
        "750" : 0.000000,
        "1000" : 0.000000
      },
      "latency_us" : {
        "2" : 0.000000,
        "4" : 23.022925,
        "10" : 9.562566,
        "20" : 0.228776,
        "50" : 3.571319,
        "100" : 62.776834,
        "250" : 0.805376,
        "500" : 0.019268,
        "750" : 0.010000,
        "1000" : 0.010000
      },
      "latency_ms" : {
        "2" : 0.010000,
        "4" : 0.010000,
        "10" : 0.010000,
        "20" : 0.010000,
        "50" : 0.010000,
        "100" : 0.000000,
        "250" : 0.000000,
        "500" : 0.000000,
        "750" : 0.000000,
        "1000" : 0.000000,
        "2000" : 0.000000,
        ">=2000" : 0.000000
      },
      "latency_depth" : 1,
      "latency_target" : 0,
      "latency_percentile" : 100.000000,
      "latency_window" : 0
    }
  ],
  "disk_util" : [
    {
      "name" : "nvme0n1",
      "read_ios" : 739043,
      "write_ios" : 272178,
      "read_sectors" : 11831864,
      "write_sectors" : 5861216,
      "read_merges" : 0,
      "write_merges" : 51,
      "read_ticks" : 51188,
      "write_ticks" : 50501,
      "in_queue" : 101743,
      "util" : 88.537200
    }
  ]
}
