{
  "fio version" : "fio-3.38",
  "timestamp" : 1729690045,
  "timestamp_ms" : 1729690045420,
  "time" : "Wed Oct 23 15:27:25 2024",
  "jobs" : [
    {
      "jobname" : "output",
      "groupid" : 0,
      "job_start" : 1729689985271,
      "error" : 0,
      "eta" : 0,
      "elapsed" : 61,
      "job options" : {
        "name" : "output",
        "loops" : "5",
        "runtime" : "60",
        "numjobs" : "1",
        "rwmixwrite" : "33",
        "bs" : "1048576",
        "filesize" : "1G",
        "rw" : "randrw",
        "direct" : "0"
      },
      "read" : {
        "io_bytes" : 41721790464,
        "io_kbytes" : 40743936,
        "bw_bytes" : 694275476,
        "bw" : 678003,
        "iops" : 662.112690,
        "runtime" : 60094,
        "total_ios" : 39789,
        "short_ios" : 0,
        "drop_ios" : 0,
        "slat_ns" : {
          "min" : 0,
          "max" : 0,
          "mean" : 0.000000,
          "stddev" : 0.000000,
          "N" : 0
        },
        "clat_ns" : {
          "min" : 104268,
          "max" : 311289332,
          "mean" : 848216.493177,
          "stddev" : 3430313.659170,
          "N" : 39789,
          "percentile" : {
            "1.000000" : 125440,
            "5.000000" : 618496,
            "10.000000" : 659456,
            "20.000000" : 692224,
            "30.000000" : 716800,
            "40.000000" : 724992,
            "50.000000" : 749568,
            "60.000000" : 765952,
            "70.000000" : 790528,
            "80.000000" : 815104,
            "90.000000" : 856064,
            "95.000000" : 921600,
            "99.000000" : 1105920,
            "99.500000" : 1384448,
            "99.900000" : 24510464,
            "99.950000" : 58458112,
            "99.990000" : 185597952
          }
        },
        "lat_ns" : {
          "min" : 104332,
          "max" : 311289467,
          "mean" : 848344.809093,
          "stddev" : 3430325.265404,
          "N" : 39789
        },
        "bw_min" : 53248,
        "bw_max" : 1218560,
        "bw_agg" : 100.000000,
        "bw_mean" : 679048.533333,
        "bw_dev" : 304026.676377,
        "bw_samples" : 120,
        "iops_min" : 52,
        "iops_max" : 1190,
        "iops_mean" : 663.133333,
        "iops_stddev" : 296.901051,
        "iops_samples" : 120
      },
      "write" : {
        "io_bytes" : 20556283904,
        "io_kbytes" : 20074496,
        "bw_bytes" : 342068823,
        "bw" : 334051,
        "iops" : 326.222252,
        "runtime" : 60094,
        "total_ios" : 19604,
        "short_ios" : 0,
        "drop_ios" : 0,
        "slat_ns" : {
          "min" : 0,
          "max" : 0,
          "mean" : 0.000000,
          "stddev" : 0.000000,
          "N" : 0
        },
        "clat_ns" : {
          "min" : 120971,
          "max" : 1026220,
          "mean" : 291282.713630,
          "stddev" : 79086.115532,
          "N" : 19604,
          "percentile" : {
            "1.000000" : 140288,
            "5.000000" : 230400,
            "10.000000" : 238592,
            "20.000000" : 246784,
            "30.000000" : 252928,
            "40.000000" : 261120,
            "50.000000" : 272384,
            "60.000000" : 280576,
            "70.000000" : 301056,
            "80.000000" : 321536,
            "90.000000" : 370688,
            "95.000000" : 436224,
            "99.000000" : 643072,
            "99.500000" : 675840,
            "99.900000" : 847872,
            "99.950000" : 913408,
            "99.990000" : 962560
          }
        },
        "lat_ns" : {
          "min" : 127733,
          "max" : 1056419,
          "mean" : 303640.110896,
          "stddev" : 81838.323096,
          "N" : 19604
        },
        "bw_min" : 43008,
        "bw_max" : 622592,
        "bw_agg" : 100.000000,
        "bw_mean" : 334574.933333,
        "bw_dev" : 148236.736971,
        "bw_samples" : 120,
        "iops_min" : 42,
        "iops_max" : 608,
        "iops_mean" : 326.733333,
        "iops_stddev" : 144.762438,
        "iops_samples" : 120
      },
      "trim" : {
        "io_bytes" : 0,
        "io_kbytes" : 0,
        "bw_bytes" : 0,
        "bw" : 0,
        "iops" : 0.000000,
        "runtime" : 0,
        "total_ios" : 0,
        "short_ios" : 0,
        "drop_ios" : 0,
        "slat_ns" : {
          "min" : 0,
          "max" : 0,
          "mean" : 0.000000,
          "stddev" : 0.000000,
          "N" : 0
        },
        "clat_ns" : {
          "min" : 0,
          "max" : 0,
          "mean" : 0.000000,
          "stddev" : 0.000000,
          "N" : 0
        },
        "lat_ns" : {
          "min" : 0,
          "max" : 0,
          "mean" : 0.000000,
          "stddev" : 0.000000,
          "N" : 0
        },
        "bw_min" : 0,
        "bw_max" : 0,
        "bw_agg" : 0.000000,
        "bw_mean" : 0.000000,
        "bw_dev" : 0.000000,
        "bw_samples" : 0,
        "iops_min" : 0,
        "iops_max" : 0,
        "iops_mean" : 0.000000,
        "iops_stddev" : 0.000000,
        "iops_samples" : 0
      },
      "sync" : {
        "total_ios" : 0,
        "lat_ns" : {
          "min" : 0,
          "max" : 0,
          "mean" : 0.000000,
          "stddev" : 0.000000,
          "N" : 0
        }
      },
      "job_runtime" : 60093,
      "usr_cpu" : 0.648994,
      "sys_cpu" : 39.753382,
      "ctx" : 40795,
      "majf" : 0,
      "minf" : 14,
      "iodepth_level" : {
        "1" : 100.000000,
        "2" : 0.000000,
        "4" : 0.000000,
        "8" : 0.000000,
        "16" : 0.000000,
        "32" : 0.000000,
        ">=64" : 0.000000
      },
      "iodepth_submit" : {
        "0" : 0.000000,
        "4" : 100.000000,
        "8" : 0.000000,
        "16" : 0.000000,
        "32" : 0.000000,
        "64" : 0.000000,
        ">=64" : 0.000000
      },
      "iodepth_complete" : {
        "0" : 0.000000,
        "4" : 100.000000,
        "8" : 0.000000,
        "16" : 0.000000,
        "32" : 0.000000,
        "64" : 0.000000,
        ">=64" : 0.000000
      },
      "latency_ns" : {
        "2" : 0.000000,
        "4" : 0.000000,
        "10" : 0.000000,
        "20" : 0.000000,
        "50" : 0.000000,
        "100" : 0.000000,
        "250" : 0.000000,
        "500" : 0.000000,
        "750" : 0.000000,
        "1000" : 0.000000
      },
      "latency_us" : {
        "2" : 0.000000,
        "4" : 0.000000,
        "10" : 0.000000,
        "20" : 0.000000,
        "50" : 0.000000,
        "100" : 0.000000,
        "250" : 10.805987,
        "500" : 24.199822,
        "750" : 32.246224,
        "1000" : 31.331975
      },
      "latency_ms" : {
        "2" : 1.161753,
        "4" : 0.037041,
        "10" : 0.047144,
        "20" : 0.095971,
        "50" : 0.031990,
        "100" : 0.023572,
        "250" : 0.015153,
        "500" : 0.010000,
        "750" : 0.000000,
        "1000" : 0.000000,
        "2000" : 0.000000,
        ">=2000" : 0.000000
      },
      "latency_depth" : 1,
      "latency_target" : 0,
      "latency_percentile" : 100.000000,
      "latency_window" : 0
    }
  ],
  "disk_util" : [
    {
      "name" : "nvme0n1",
      "read_ios" : 58666,
      "write_ios" : 29299,
      "read_sectors" : 79114872,
      "write_sectors" : 40627960,
      "read_merges" : 0,
      "write_merges" : 390,
      "read_ticks" : 34606,
      "write_ticks" : 1130933,
      "in_queue" : 1165727,
      "util" : 63.599059
    }
  ]
}
