{
  "fio version" : "fio-3.38",
  "timestamp" : 1729689863,
  "timestamp_ms" : 1729689863976,
  "time" : "Wed Oct 23 15:24:23 2024",
  "jobs" : [
    {
      "jobname" : "output",
      "groupid" : 0,
      "job_start" : 1729689803920,
      "error" : 0,
      "eta" : 0,
      "elapsed" : 61,
      "job options" : {
        "name" : "output",
        "loops" : "5",
        "runtime" : "60",
        "numjobs" : "1",
        "rwmixwrite" : "33",
        "bs" : "131072",
        "filesize" : "1G",
        "rw" : "randrw",
        "direct" : "0"
      },
      "read" : {
        "io_bytes" : 25466109952,
        "io_kbytes" : 24869248,
        "bw_bytes" : 424428092,
        "bw" : 414480,
        "iops" : 3238.129365,
        "runtime" : 60001,
        "total_ios" : 194291,
        "short_ios" : 0,
        "drop_ios" : 0,
        "slat_ns" : {
          "min" : 0,
          "max" : 0,
          "mean" : 0.000000,
          "stddev" : 0.000000,
          "N" : 0
        },
        "clat_ns" : {
          "min" : 12277,
          "max" : 72219637,
          "mean" : 203480.285422,
          "stddev" : 303822.806977,
          "N" : 194291,
          "percentile" : {
            "1.000000" : 138240,
            "5.000000" : 146432,
            "10.000000" : 152576,
            "20.000000" : 160768,
            "30.000000" : 173056,
            "40.000000" : 179200,
            "50.000000" : 189440,
            "60.000000" : 199680,
            "70.000000" : 205824,
            "80.000000" : 222208,
            "90.000000" : 248832,
            "95.000000" : 288768,
            "99.000000" : 370688,
            "99.500000" : 423936,
            "99.900000" : 1744896,
            "99.950000" : 3129344,
            "99.990000" : 10027008
          }
        },
        "lat_ns" : {
          "min" : 12341,
          "max" : 72219772,
          "mean" : 203583.525886,
          "stddev" : 303832.658102,
          "N" : 194291
        },
        "bw_min" : 62980,
        "bw_max" : 680192,
        "bw_agg" : 99.960539,
        "bw_mean" : 414317.747899,
        "bw_dev" : 165289.456715,
        "bw_samples" : 119,
        "iops_min" : 492,
        "iops_max" : 5314,
        "iops_mean" : 3236.857143,
        "iops_stddev" : 1291.324444,
        "iops_samples" : 119
      },
      "write" : {
        "io_bytes" : 12596805632,
        "io_kbytes" : 12301568,
        "bw_bytes" : 209943261,
        "bw" : 205022,
        "iops" : 1601.739971,
        "runtime" : 60001,
        "total_ios" : 96106,
        "short_ios" : 0,
        "drop_ios" : 0,
        "slat_ns" : {
          "min" : 0,
          "max" : 0,
          "mean" : 0.000000,
          "stddev" : 0.000000,
          "N" : 0
        },
        "clat_ns" : {
          "min" : 16237,
          "max" : 1703334,
          "mean" : 53950.897821,
          "stddev" : 30139.300658,
          "N" : 96106,
          "percentile" : {
            "1.000000" : 28544,
            "5.000000" : 29824,
            "10.000000" : 30848,
            "20.000000" : 32384,
            "30.000000" : 34048,
            "40.000000" : 36096,
            "50.000000" : 43264,
            "60.000000" : 60160,
            "70.000000" : 67072,
            "80.000000" : 72192,
            "90.000000" : 79360,
            "95.000000" : 90624,
            "99.000000" : 173056,
            "99.500000" : 218112,
            "99.900000" : 317440,
            "99.950000" : 354304,
            "99.990000" : 518144
          }
        },
        "lat_ns" : {
          "min" : 16973,
          "max" : 1704125,
          "mean" : 55160.141677,
          "stddev" : 30544.513188,
          "N" : 96106
        },
        "bw_min" : 29440,
        "bw_max" : 338944,
        "bw_agg" : 100.000000,
        "bw_mean" : 205063.504202,
        "bw_dev" : 82023.117923,
        "bw_samples" : 119,
        "iops_min" : 230,
        "iops_max" : 2648,
        "iops_mean" : 1602.050420,
        "iops_stddev" : 640.823012,
        "iops_samples" : 119
      },
      "trim" : {
        "io_bytes" : 0,
        "io_kbytes" : 0,
        "bw_bytes" : 0,
        "bw" : 0,
        "iops" : 0.000000,
        "runtime" : 0,
        "total_ios" : 0,
        "short_ios" : 0,
        "drop_ios" : 0,
        "slat_ns" : {
          "min" : 0,
          "max" : 0,
          "mean" : 0.000000,
          "stddev" : 0.000000,
          "N" : 0
        },
        "clat_ns" : {
          "min" : 0,
          "max" : 0,
          "mean" : 0.000000,
          "stddev" : 0.000000,
          "N" : 0
        },
        "lat_ns" : {
          "min" : 0,
          "max" : 0,
          "mean" : 0.000000,
          "stddev" : 0.000000,
          "N" : 0
        },
        "bw_min" : 0,
        "bw_max" : 0,
        "bw_agg" : 0.000000,
        "bw_mean" : 0.000000,
        "bw_dev" : 0.000000,
        "bw_samples" : 0,
        "iops_min" : 0,
        "iops_max" : 0,
        "iops_mean" : 0.000000,
        "iops_stddev" : 0.000000,
        "iops_samples" : 0
      },
      "sync" : {
        "total_ios" : 0,
        "lat_ns" : {
          "min" : 0,
          "max" : 0,
          "mean" : 0.000000,
          "stddev" : 0.000000,
          "N" : 0
        }
      },
      "job_runtime" : 60000,
      "usr_cpu" : 0.885000,
      "sys_cpu" : 32.606667,
      "ctx" : 198644,
      "majf" : 0,
      "minf" : 9,
      "iodepth_level" : {
        "1" : 100.000000,
        "2" : 0.000000,
        "4" : 0.000000,
        "8" : 0.000000,
        "16" : 0.000000,
        "32" : 0.000000,
        ">=64" : 0.000000
      },
      "iodepth_submit" : {
        "0" : 0.000000,
        "4" : 100.000000,
        "8" : 0.000000,
        "16" : 0.000000,
        "32" : 0.000000,
        "64" : 0.000000,
        ">=64" : 0.000000
      },
      "iodepth_complete" : {
        "0" : 0.000000,
        "4" : 100.000000,
        "8" : 0.000000,
        "16" : 0.000000,
        "32" : 0.000000,
        "64" : 0.000000,
        ">=64" : 0.000000
      },
      "latency_ns" : {
        "2" : 0.000000,
        "4" : 0.000000,
        "10" : 0.000000,
        "20" : 0.000000,
        "50" : 0.000000,
        "100" : 0.000000,
        "250" : 0.000000,
        "500" : 0.000000,
        "750" : 0.000000,
        "1000" : 0.000000
      },
      "latency_us" : {
        "2" : 0.000000,
        "4" : 0.000000,
        "10" : 0.000000,
        "20" : 0.222798,
        "50" : 17.798393,
        "100" : 14.283894,
        "250" : 61.103593,
        "500" : 6.410535,
        "750" : 0.087811,
        "1000" : 0.010000
      },
      "latency_ms" : {
        "2" : 0.022728,
        "4" : 0.034091,
        "10" : 0.020661,
        "20" : 0.010000,
        "50" : 0.010000,
        "100" : 0.010000,
        "250" : 0.000000,
        "500" : 0.000000,
        "750" : 0.000000,
        "1000" : 0.000000,
        "2000" : 0.000000,
        ">=2000" : 0.000000
      },
      "latency_depth" : 1,
      "latency_target" : 0,
      "latency_percentile" : 100.000000,
      "latency_window" : 0
    }
  ],
  "disk_util" : [
    {
      "name" : "nvme0n1",
      "read_ios" : 198974,
      "write_ios" : 67282,
      "read_sectors" : 50816024,
      "write_sectors" : 25005768,
      "read_merges" : 0,
      "write_merges" : 742,
      "read_ticks" : 32652,
      "write_ticks" : 2094297,
      "in_queue" : 2127352,
      "util" : 66.543222
    }
  ]
}
