{
  "fio version" : "fio-3.38",
  "timestamp" : 1729689683,
  "timestamp_ms" : 1729689683074,
  "time" : "Wed Oct 23 15:21:23 2024",
  "jobs" : [
    {
      "jobname" : "output",
      "groupid" : 0,
      "job_start" : 1729689623042,
      "error" : 0,
      "eta" : 0,
      "elapsed" : 61,
      "job options" : {
        "name" : "output",
        "loops" : "5",
        "runtime" : "60",
        "numjobs" : "1",
        "rwmixwrite" : "33",
        "bs" : "16384",
        "filesize" : "1G",
        "rw" : "randrw",
        "direct" : "0"
      },
      "read" : {
        "io_bytes" : 10773282816,
        "io_kbytes" : 10520784,
        "bw_bytes" : 179551721,
        "bw" : 175343,
        "iops" : 10958.967351,
        "runtime" : 60001,
        "total_ios" : 657549,
        "short_ios" : 0,
        "drop_ios" : 0,
        "slat_ns" : {
          "min" : 0,
          "max" : 0,
          "mean" : 0.000000,
          "stddev" : 0.000000,
          "N" : 0
        },
        "clat_ns" : {
          "min" : 31600,
          "max" : 13338730,
          "mean" : 79042.099862,
          "stddev" : 78157.101565,
          "N" : 657549,
          "percentile" : {
            "1.000000" : 53504,
            "5.000000" : 54016,
            "10.000000" : 55040,
            "20.000000" : 58624,
            "30.000000" : 73216,
            "40.000000" : 75264,
            "50.000000" : 77312,
            "60.000000" : 86528,
            "70.000000" : 89600,
            "80.000000" : 90624,
            "90.000000" : 92672,
            "95.000000" : 94720,
            "99.000000" : 115200,
            "99.500000" : 136192,
            "99.900000" : 234496,
            "99.950000" : 272384,
            "99.990000" : 4947968
          }
        },
        "lat_ns" : {
          "min" : 31624,
          "max" : 13339747,
          "mean" : 79070.318986,
          "stddev" : 78159.046106,
          "N" : 657549
        },
        "bw_min" : 17120,
        "bw_max" : 241312,
        "bw_agg" : 100.000000,
        "bw_mean" : 175378.016807,
        "bw_dev" : 46695.078124,
        "bw_samples" : 119,
        "iops_min" : 1070,
        "iops_max" : 15082,
        "iops_mean" : 10961.126050,
        "iops_stddev" : 2918.442383,
        "iops_samples" : 119
      },
      "write" : {
        "io_bytes" : 5312430080,
        "io_kbytes" : 5187920,
        "bw_bytes" : 88539025,
        "bw" : 86463,
        "iops" : 5403.993267,
        "runtime" : 60001,
        "total_ios" : 324245,
        "short_ios" : 0,
        "drop_ios" : 0,
        "slat_ns" : {
          "min" : 0,
          "max" : 0,
          "mean" : 0.000000,
          "stddev" : 0.000000,
          "N" : 0
        },
        "clat_ns" : {
          "min" : 3906,
          "max" : 248303,
          "mean" : 6054.257759,
          "stddev" : 5589.466188,
          "N" : 324245,
          "percentile" : {
            "1.000000" : 4192,
            "5.000000" : 4384,
            "10.000000" : 4512,
            "20.000000" : 4640,
            "30.000000" : 4768,
            "40.000000" : 4896,
            "50.000000" : 5152,
            "60.000000" : 5536,
            "70.000000" : 6368,
            "80.000000" : 6688,
            "90.000000" : 7328,
            "95.000000" : 8384,
            "99.000000" : 16768,
            "99.500000" : 26240,
            "99.900000" : 90624,
            "99.950000" : 156672,
            "99.990000" : 197632
          }
        },
        "lat_ns" : {
          "min" : 3965,
          "max" : 248357,
          "mean" : 6121.799491,
          "stddev" : 5595.665563,
          "N" : 324245
        },
        "bw_min" : 9536,
        "bw_max" : 122144,
        "bw_agg" : 100.000000,
        "bw_mean" : 86473.680672,
        "bw_dev" : 23000.039378,
        "bw_samples" : 119,
        "iops_min" : 596,
        "iops_max" : 7634,
        "iops_mean" : 5404.605042,
        "iops_stddev" : 1437.502461,
        "iops_samples" : 119
      },
      "trim" : {
        "io_bytes" : 0,
        "io_kbytes" : 0,
        "bw_bytes" : 0,
        "bw" : 0,
        "iops" : 0.000000,
        "runtime" : 0,
        "total_ios" : 0,
        "short_ios" : 0,
        "drop_ios" : 0,
        "slat_ns" : {
          "min" : 0,
          "max" : 0,
          "mean" : 0.000000,
          "stddev" : 0.000000,
          "N" : 0
        },
        "clat_ns" : {
          "min" : 0,
          "max" : 0,
          "mean" : 0.000000,
          "stddev" : 0.000000,
          "N" : 0
        },
        "lat_ns" : {
          "min" : 0,
          "max" : 0,
          "mean" : 0.000000,
          "stddev" : 0.000000,
          "N" : 0
        },
        "bw_min" : 0,
        "bw_max" : 0,
        "bw_agg" : 0.000000,
        "bw_mean" : 0.000000,
        "bw_dev" : 0.000000,
        "bw_samples" : 0,
        "iops_min" : 0,
        "iops_max" : 0,
        "iops_mean" : 0.000000,
        "iops_stddev" : 0.000000,
        "iops_samples" : 0
      },
      "sync" : {
        "total_ios" : 0,
        "lat_ns" : {
          "min" : 0,
          "max" : 0,
          "mean" : 0.000000,
          "stddev" : 0.000000,
          "N" : 0
        }
      },
      "job_runtime" : 60000,
      "usr_cpu" : 0.963333,
      "sys_cpu" : 12.538333,
      "ctx" : 685554,
      "majf" : 0,
      "minf" : 11,
      "iodepth_level" : {
        "1" : 100.000000,
        "2" : 0.000000,
        "4" : 0.000000,
        "8" : 0.000000,
        "16" : 0.000000,
        "32" : 0.000000,
        ">=64" : 0.000000
      },
      "iodepth_submit" : {
        "0" : 0.000000,
        "4" : 100.000000,
        "8" : 0.000000,
        "16" : 0.000000,
        "32" : 0.000000,
        "64" : 0.000000,
        ">=64" : 0.000000
      },
      "iodepth_complete" : {
        "0" : 0.000000,
        "4" : 100.000000,
        "8" : 0.000000,
        "16" : 0.000000,
        "32" : 0.000000,
        "64" : 0.000000,
        ">=64" : 0.000000
      },
      "latency_ns" : {
        "2" : 0.000000,
        "4" : 0.000000,
        "10" : 0.000000,
        "20" : 0.000000,
        "50" : 0.000000,
        "100" : 0.000000,
        "250" : 0.000000,
        "500" : 0.000000,
        "750" : 0.000000,
        "1000" : 0.000000
      },
      "latency_us" : {
        "2" : 0.000000,
        "4" : 0.010000,
        "10" : 32.161635,
        "20" : 0.553782,
        "50" : 0.255247,
        "100" : 65.392537,
        "250" : 1.577928,
        "500" : 0.041557,
        "750" : 0.010000,
        "1000" : 0.010000
      },
      "latency_ms" : {
        "2" : 0.010000,
        "4" : 0.010000,
        "10" : 0.010000,
        "20" : 0.010000,
        "50" : 0.000000,
        "100" : 0.000000,
        "250" : 0.000000,
        "500" : 0.000000,
        "750" : 0.000000,
        "1000" : 0.000000,
        "2000" : 0.000000,
        ">=2000" : 0.000000
      },
      "latency_depth" : 1,
      "latency_target" : 0,
      "latency_percentile" : 100.000000,
      "latency_window" : 0
    }
  ],
  "disk_util" : [
    {
      "name" : "nvme0n1",
      "read_ios" : 657532,
      "write_ios" : 226623,
      "read_sectors" : 21289840,
      "write_sectors" : 9999744,
      "read_merges" : 0,
      "write_merges" : 126,
      "read_ticks" : 47848,
      "write_ticks" : 73508,
      "in_queue" : 121409,
      "util" : 84.528415
    }
  ]
}
