{
  "fio version" : "fio-3.38",
  "timestamp" : 1729812032,
  "timestamp_ms" : 1729812032252,
  "time" : "Fri Oct 25 01:20:32 2024",
  "jobs" : [
    {
      "jobname" : "output",
      "groupid" : 0,
      "job_start" : 1729811972211,
      "error" : 0,
      "eta" : 0,
      "elapsed" : 61,
      "job options" : {
        "name" : "output",
        "loops" : "5",
        "runtime" : "60",
        "numjobs" : "1",
        "rwmixwrite" : "0.0",
        "bs" : "16k",
        "filesize" : "1G",
        "rw" : "rw",
        "direct" : "1"
      },
      "read" : {
        "io_bytes" : 58571390976,
        "io_kbytes" : 57198624,
        "bw_bytes" : 976173580,
        "bw" : 953294,
        "iops" : 59580.906985,
        "runtime" : 60001,
        "total_ios" : 3574914,
        "short_ios" : 0,
        "drop_ios" : 0,
        "slat_ns" : {
          "min" : 0,
          "max" : 0,
          "mean" : 0.000000,
          "stddev" : 0.000000,
          "N" : 0
        },
        "clat_ns" : {
          "min" : 13382,
          "max" : 13126482,
          "mean" : 16569.825074,
          "stddev" : 16098.340588,
          "N" : 3574914,
          "percentile" : {
            "1.000000" : 14272,
            "5.000000" : 14400,
            "10.000000" : 14528,
            "20.000000" : 14784,
            "30.000000" : 15040,
            "40.000000" : 15168,
            "50.000000" : 15424,
            "60.000000" : 15936,
            "70.000000" : 16512,
            "80.000000" : 17024,
            "90.000000" : 17536,
            "95.000000" : 18048,
            "99.000000" : 42752,
            "99.500000" : 73216,
            "99.900000" : 119296,
            "99.950000" : 122368,
            "99.990000" : 220160
          }
        },
        "lat_ns" : {
          "min" : 13405,
          "max" : 13126788,
          "mean" : 16595.868859,
          "stddev" : 16099.512726,
          "N" : 3574914
        },
        "bw_min" : 804032,
        "bw_max" : 984352,
        "bw_agg" : 100.000000,
        "bw_mean" : 953812.369748,
        "bw_dev" : 31842.969877,
        "bw_samples" : 119,
        "iops_min" : 50252,
        "iops_max" : 61522,
        "iops_mean" : 59613.285714,
        "iops_stddev" : 1990.195026,
        "iops_samples" : 119
      },
      "write" : {
        "io_bytes" : 0,
        "io_kbytes" : 0,
        "bw_bytes" : 0,
        "bw" : 0,
        "iops" : 0.000000,
        "runtime" : 0,
        "total_ios" : 0,
        "short_ios" : 0,
        "drop_ios" : 0,
        "slat_ns" : {
          "min" : 0,
          "max" : 0,
          "mean" : 0.000000,
          "stddev" : 0.000000,
          "N" : 0
        },
        "clat_ns" : {
          "min" : 0,
          "max" : 0,
          "mean" : 0.000000,
          "stddev" : 0.000000,
          "N" : 0
        },
        "lat_ns" : {
          "min" : 0,
          "max" : 0,
          "mean" : 0.000000,
          "stddev" : 0.000000,
          "N" : 0
        },
        "bw_min" : 0,
        "bw_max" : 0,
        "bw_agg" : 0.000000,
        "bw_mean" : 0.000000,
        "bw_dev" : 0.000000,
        "bw_samples" : 0,
        "iops_min" : 0,
        "iops_max" : 0,
        "iops_mean" : 0.000000,
        "iops_stddev" : 0.000000,
        "iops_samples" : 0
      },
      "trim" : {
        "io_bytes" : 0,
        "io_kbytes" : 0,
        "bw_bytes" : 0,
        "bw" : 0,
        "iops" : 0.000000,
        "runtime" : 0,
        "total_ios" : 0,
        "short_ios" : 0,
        "drop_ios" : 0,
        "slat_ns" : {
          "min" : 0,
          "max" : 0,
          "mean" : 0.000000,
          "stddev" : 0.000000,
          "N" : 0
        },
        "clat_ns" : {
          "min" : 0,
          "max" : 0,
          "mean" : 0.000000,
          "stddev" : 0.000000,
          "N" : 0
        },
        "lat_ns" : {
          "min" : 0,
          "max" : 0,
          "mean" : 0.000000,
          "stddev" : 0.000000,
          "N" : 0
        },
        "bw_min" : 0,
        "bw_max" : 0,
        "bw_agg" : 0.000000,
        "bw_mean" : 0.000000,
        "bw_dev" : 0.000000,
        "bw_samples" : 0,
        "iops_min" : 0,
        "iops_max" : 0,
        "iops_mean" : 0.000000,
        "iops_stddev" : 0.000000,
        "iops_samples" : 0
      },
      "sync" : {
        "total_ios" : 0,
        "lat_ns" : {
          "min" : 0,
          "max" : 0,
          "mean" : 0.000000,
          "stddev" : 0.000000,
          "N" : 0
        }
      },
      "job_runtime" : 60000,
      "usr_cpu" : 2.125000,
      "sys_cpu" : 11.413333,
      "ctx" : 3574775,
      "majf" : 0,
      "minf" : 12,
      "iodepth_level" : {
        "1" : 100.000000,
        "2" : 0.000000,
        "4" : 0.000000,
        "8" : 0.000000,
        "16" : 0.000000,
        "32" : 0.000000,
        ">=64" : 0.000000
      },
      "iodepth_submit" : {
        "0" : 0.000000,
        "4" : 100.000000,
        "8" : 0.000000,
        "16" : 0.000000,
        "32" : 0.000000,
        "64" : 0.000000,
        ">=64" : 0.000000
      },
      "iodepth_complete" : {
        "0" : 0.000000,
        "4" : 100.000000,
        "8" : 0.000000,
        "16" : 0.000000,
        "32" : 0.000000,
        "64" : 0.000000,
        ">=64" : 0.000000
      },
      "latency_ns" : {
        "2" : 0.000000,
        "4" : 0.000000,
        "10" : 0.000000,
        "20" : 0.000000,
        "50" : 0.000000,
        "100" : 0.000000,
        "250" : 0.000000,
        "500" : 0.000000,
        "750" : 0.000000,
        "1000" : 0.000000
      },
      "latency_us" : {
        "2" : 0.000000,
        "4" : 0.000000,
        "10" : 0.000000,
        "20" : 97.516108,
        "50" : 1.672096,
        "100" : 0.681107,
        "250" : 0.121989,
        "500" : 0.010000,
        "750" : 0.010000,
        "1000" : 0.010000
      },
      "latency_ms" : {
        "2" : 0.010000,
        "4" : 0.010000,
        "10" : 0.010000,
        "20" : 0.010000,
        "50" : 0.000000,
        "100" : 0.000000,
        "250" : 0.000000,
        "500" : 0.000000,
        "750" : 0.000000,
        "1000" : 0.000000,
        "2000" : 0.000000,
        ">=2000" : 0.000000
      },
      "latency_depth" : 1,
      "latency_target" : 0,
      "latency_percentile" : 100.000000,
      "latency_window" : 0
    }
  ],
  "disk_util" : [
    {
      "name" : "nvme0n1",
      "read_ios" : 3574070,
      "write_ios" : 3792,
      "read_sectors" : 115503248,
      "write_sectors" : 955280,
      "read_merges" : 30,
      "write_merges" : 83,
      "read_ticks" : 51826,
      "write_ticks" : 5136,
      "in_queue" : 56981,
      "util" : 84.893035
    }
  ]
}
