{
  "fio version" : "fio-3.38",
  "timestamp" : 1729812092,
  "timestamp_ms" : 1729812092557,
  "time" : "Fri Oct 25 01:21:32 2024",
  "jobs" : [
    {
      "jobname" : "output",
      "groupid" : 0,
      "job_start" : 1729812032497,
      "error" : 0,
      "eta" : 0,
      "elapsed" : 61,
      "job options" : {
        "name" : "output",
        "loops" : "5",
        "runtime" : "60",
        "numjobs" : "1",
        "rwmixwrite" : "12.5",
        "bs" : "16k",
        "filesize" : "1G",
        "rw" : "rw",
        "direct" : "1"
      },
      "read" : {
        "io_bytes" : 47018409984,
        "io_kbytes" : 45916416,
        "bw_bytes" : 783627105,
        "bw" : 765260,
        "iops" : 47828.802853,
        "runtime" : 60001,
        "total_ios" : 2869776,
        "short_ios" : 0,
        "drop_ios" : 0,
        "slat_ns" : {
          "min" : 0,
          "max" : 0,
          "mean" : 0.000000,
          "stddev" : 0.000000,
          "N" : 0
        },
        "clat_ns" : {
          "min" : 13578,
          "max" : 5626637,
          "mean" : 17950.827340,
          "stddev" : 35706.742273,
          "N" : 2869776,
          "percentile" : {
            "1.000000" : 14400,
            "5.000000" : 14656,
            "10.000000" : 14784,
            "20.000000" : 15168,
            "30.000000" : 15296,
            "40.000000" : 15424,
            "50.000000" : 15680,
            "60.000000" : 16064,
            "70.000000" : 16512,
            "80.000000" : 17024,
            "90.000000" : 17792,
            "95.000000" : 18560,
            "99.000000" : 47360,
            "99.500000" : 74240,
            "99.900000" : 489472,
            "99.950000" : 790528,
            "99.990000" : 1613824
          }
        },
        "lat_ns" : {
          "min" : 13602,
          "max" : 5626678,
          "mean" : 17980.096438,
          "stddev" : 35707.335116,
          "N" : 2869776
        },
        "bw_min" : 589376,
        "bw_max" : 822688,
        "bw_agg" : 100.000000,
        "bw_mean" : 766290.823529,
        "bw_dev" : 55229.695403,
        "bw_samples" : 119,
        "iops_min" : 36836,
        "iops_max" : 51418,
        "iops_mean" : 47893.176471,
        "iops_stddev" : 3451.864457,
        "iops_samples" : 119
      },
      "write" : {
        "io_bytes" : 6425968640,
        "io_kbytes" : 6275360,
        "bw_bytes" : 107097692,
        "bw" : 104587,
        "iops" : 6536.724388,
        "runtime" : 60001,
        "total_ios" : 392210,
        "short_ios" : 0,
        "drop_ios" : 0,
        "slat_ns" : {
          "min" : 0,
          "max" : 0,
          "mean" : 0.000000,
          "stddev" : 0.000000,
          "N" : 0
        },
        "clat_ns" : {
          "min" : 15710,
          "max" : 7579484,
          "mean" : 19097.474855,
          "stddev" : 14431.159073,
          "N" : 392210,
          "percentile" : {
            "1.000000" : 16768,
            "5.000000" : 17024,
            "10.000000" : 17280,
            "20.000000" : 17536,
            "30.000000" : 17792,
            "40.000000" : 18048,
            "50.000000" : 18304,
            "60.000000" : 18560,
            "70.000000" : 19072,
            "80.000000" : 19584,
            "90.000000" : 20352,
            "95.000000" : 21632,
            "99.000000" : 37632,
            "99.500000" : 44800,
            "99.900000" : 60160,
            "99.950000" : 67072,
            "99.990000" : 86528
          }
        },
        "lat_ns" : {
          "min" : 15840,
          "max" : 7579808,
          "mean" : 19359.659504,
          "stddev" : 14443.565367,
          "N" : 392210
        },
        "bw_min" : 84448,
        "bw_max" : 115136,
        "bw_agg" : 100.000000,
        "bw_mean" : 104736.806723,
        "bw_dev" : 7628.403473,
        "bw_samples" : 119,
        "iops_min" : 5278,
        "iops_max" : 7196,
        "iops_mean" : 6546.050420,
        "iops_stddev" : 476.775217,
        "iops_samples" : 119
      },
      "trim" : {
        "io_bytes" : 0,
        "io_kbytes" : 0,
        "bw_bytes" : 0,
        "bw" : 0,
        "iops" : 0.000000,
        "runtime" : 0,
        "total_ios" : 0,
        "short_ios" : 0,
        "drop_ios" : 0,
        "slat_ns" : {
          "min" : 0,
          "max" : 0,
          "mean" : 0.000000,
          "stddev" : 0.000000,
          "N" : 0
        },
        "clat_ns" : {
          "min" : 0,
          "max" : 0,
          "mean" : 0.000000,
          "stddev" : 0.000000,
          "N" : 0
        },
        "lat_ns" : {
          "min" : 0,
          "max" : 0,
          "mean" : 0.000000,
          "stddev" : 0.000000,
          "N" : 0
        },
        "bw_min" : 0,
        "bw_max" : 0,
        "bw_agg" : 0.000000,
        "bw_mean" : 0.000000,
        "bw_dev" : 0.000000,
        "bw_samples" : 0,
        "iops_min" : 0,
        "iops_max" : 0,
        "iops_mean" : 0.000000,
        "iops_stddev" : 0.000000,
        "iops_samples" : 0
      },
      "sync" : {
        "total_ios" : 0,
        "lat_ns" : {
          "min" : 0,
          "max" : 0,
          "mean" : 0.000000,
          "stddev" : 0.000000,
          "N" : 0
        }
      },
      "job_runtime" : 60000,
      "usr_cpu" : 2.770000,
      "sys_cpu" : 11.648333,
      "ctx" : 3261852,
      "majf" : 0,
      "minf" : 10,
      "iodepth_level" : {
        "1" : 100.000000,
        "2" : 0.000000,
        "4" : 0.000000,
        "8" : 0.000000,
        "16" : 0.000000,
        "32" : 0.000000,
        ">=64" : 0.000000
      },
      "iodepth_submit" : {
        "0" : 0.000000,
        "4" : 100.000000,
        "8" : 0.000000,
        "16" : 0.000000,
        "32" : 0.000000,
        "64" : 0.000000,
        ">=64" : 0.000000
      },
      "iodepth_complete" : {
        "0" : 0.000000,
        "4" : 100.000000,
        "8" : 0.000000,
        "16" : 0.000000,
        "32" : 0.000000,
        "64" : 0.000000,
        ">=64" : 0.000000
      },
      "latency_ns" : {
        "2" : 0.000000,
        "4" : 0.000000,
        "10" : 0.000000,
        "20" : 0.000000,
        "50" : 0.000000,
        "100" : 0.000000,
        "250" : 0.000000,
        "500" : 0.000000,
        "750" : 0.000000,
        "1000" : 0.000000
      },
      "latency_us" : {
        "2" : 0.000000,
        "4" : 0.000000,
        "10" : 0.000000,
        "20" : 95.002523,
        "50" : 4.144346,
        "100" : 0.608525,
        "250" : 0.137462,
        "500" : 0.019681,
        "750" : 0.034764,
        "1000" : 0.034641
      },
      "latency_ms" : {
        "2" : 0.010117,
        "4" : 0.010000,
        "10" : 0.010000,
        "20" : 0.000000,
        "50" : 0.000000,
        "100" : 0.000000,
        "250" : 0.000000,
        "500" : 0.000000,
        "750" : 0.000000,
        "1000" : 0.000000,
        "2000" : 0.000000,
        ">=2000" : 0.000000
      },
      "latency_depth" : 1,
      "latency_target" : 0,
      "latency_percentile" : 100.000000,
      "latency_window" : 0
    }
  ],
  "disk_util" : [
    {
      "name" : "nvme0n1",
      "read_ios" : 2868232,
      "write_ios" : 393304,
      "read_sectors" : 92450488,
      "write_sectors" : 12969944,
      "read_merges" : 60,
      "write_merges" : 54,
      "read_ticks" : 44790,
      "write_ticks" : 17371,
      "in_queue" : 62194,
      "util" : 79.429429
    }
  ]
}
