{
  "fio version" : "fio-3.38",
  "timestamp" : 1729812152,
  "timestamp_ms" : 1729812152859,
  "time" : "Fri Oct 25 01:22:32 2024",
  "jobs" : [
    {
      "jobname" : "output",
      "groupid" : 0,
      "job_start" : 1729812092801,
      "error" : 0,
      "eta" : 0,
      "elapsed" : 61,
      "job options" : {
        "name" : "output",
        "loops" : "5",
        "runtime" : "60",
        "numjobs" : "1",
        "rwmixwrite" : "25.0",
        "bs" : "16k",
        "filesize" : "1G",
        "rw" : "rw",
        "direct" : "1"
      },
      "read" : {
        "io_bytes" : 31864078336,
        "io_kbytes" : 31117264,
        "bw_bytes" : 531067972,
        "bw" : 518621,
        "iops" : 32413.816667,
        "runtime" : 60000,
        "total_ios" : 1944829,
        "short_ios" : 0,
        "drop_ios" : 0,
        "slat_ns" : {
          "min" : 0,
          "max" : 0,
          "mean" : 0.000000,
          "stddev" : 0.000000,
          "N" : 0
        },
        "clat_ns" : {
          "min" : 13217,
          "max" : 37255589,
          "mean" : 24022.673184,
          "stddev" : 94595.560274,
          "N" : 1944829,
          "percentile" : {
            "1.000000" : 14272,
            "5.000000" : 14528,
            "10.000000" : 14784,
            "20.000000" : 15040,
            "30.000000" : 15296,
            "40.000000" : 15424,
            "50.000000" : 15680,
            "60.000000" : 16192,
            "70.000000" : 16768,
            "80.000000" : 17280,
            "90.000000" : 18304,
            "95.000000" : 27520,
            "99.000000" : 187392,
            "99.500000" : 536576,
            "99.900000" : 978944,
            "99.950000" : 1318912,
            "99.990000" : 2867200
          }
        },
        "lat_ns" : {
          "min" : 13243,
          "max" : 37255623,
          "mean" : 24054.130318,
          "stddev" : 94596.843061,
          "N" : 1944829
        },
        "bw_min" : 337920,
        "bw_max" : 604096,
        "bw_agg" : 100.000000,
        "bw_mean" : 518958.252101,
        "bw_dev" : 36550.258765,
        "bw_samples" : 119,
        "iops_min" : 21120,
        "iops_max" : 37756,
        "iops_mean" : 32434.907563,
        "iops_stddev" : 2284.395299,
        "iops_samples" : 119
      },
      "write" : {
        "io_bytes" : 10636394496,
        "io_kbytes" : 10387104,
        "bw_bytes" : 177273241,
        "bw" : 173118,
        "iops" : 10819.900000,
        "runtime" : 60000,
        "total_ios" : 649194,
        "short_ios" : 0,
        "drop_ios" : 0,
        "slat_ns" : {
          "min" : 0,
          "max" : 0,
          "mean" : 0.000000,
          "stddev" : 0.000000,
          "N" : 0
        },
        "clat_ns" : {
          "min" : 15409,
          "max" : 13997811,
          "mean" : 19103.755740,
          "stddev" : 28705.455835,
          "N" : 649194,
          "percentile" : {
            "1.000000" : 16512,
            "5.000000" : 17024,
            "10.000000" : 17280,
            "20.000000" : 17536,
            "30.000000" : 17536,
            "40.000000" : 17792,
            "50.000000" : 18048,
            "60.000000" : 18304,
            "70.000000" : 18816,
            "80.000000" : 19328,
            "90.000000" : 20096,
            "95.000000" : 21632,
            "99.000000" : 39680,
            "99.500000" : 47360,
            "99.900000" : 65280,
            "99.950000" : 70144,
            "99.990000" : 114176
          }
        },
        "lat_ns" : {
          "min" : 15544,
          "max" : 13998861,
          "mean" : 19380.613612,
          "stddev" : 28716.652803,
          "N" : 649194
        },
        "bw_min" : 111936,
        "bw_max" : 203072,
        "bw_agg" : 100.000000,
        "bw_mean" : 173262.789916,
        "bw_dev" : 12188.196953,
        "bw_samples" : 119,
        "iops_min" : 6996,
        "iops_max" : 12692,
        "iops_mean" : 10828.924370,
        "iops_stddev" : 761.727198,
        "iops_samples" : 119
      },
      "trim" : {
        "io_bytes" : 0,
        "io_kbytes" : 0,
        "bw_bytes" : 0,
        "bw" : 0,
        "iops" : 0.000000,
        "runtime" : 0,
        "total_ios" : 0,
        "short_ios" : 0,
        "drop_ios" : 0,
        "slat_ns" : {
          "min" : 0,
          "max" : 0,
          "mean" : 0.000000,
          "stddev" : 0.000000,
          "N" : 0
        },
        "clat_ns" : {
          "min" : 0,
          "max" : 0,
          "mean" : 0.000000,
          "stddev" : 0.000000,
          "N" : 0
        },
        "lat_ns" : {
          "min" : 0,
          "max" : 0,
          "mean" : 0.000000,
          "stddev" : 0.000000,
          "N" : 0
        },
        "bw_min" : 0,
        "bw_max" : 0,
        "bw_agg" : 0.000000,
        "bw_mean" : 0.000000,
        "bw_dev" : 0.000000,
        "bw_samples" : 0,
        "iops_min" : 0,
        "iops_max" : 0,
        "iops_mean" : 0.000000,
        "iops_stddev" : 0.000000,
        "iops_samples" : 0
      },
      "sync" : {
        "total_ios" : 0,
        "lat_ns" : {
          "min" : 0,
          "max" : 0,
          "mean" : 0.000000,
          "stddev" : 0.000000,
          "N" : 0
        }
      },
      "job_runtime" : 60000,
      "usr_cpu" : 2.641667,
      "sys_cpu" : 10.101667,
      "ctx" : 2593957,
      "majf" : 0,
      "minf" : 13,
      "iodepth_level" : {
        "1" : 100.000000,
        "2" : 0.000000,
        "4" : 0.000000,
        "8" : 0.000000,
        "16" : 0.000000,
        "32" : 0.000000,
        ">=64" : 0.000000
      },
      "iodepth_submit" : {
        "0" : 0.000000,
        "4" : 100.000000,
        "8" : 0.000000,
        "16" : 0.000000,
        "32" : 0.000000,
        "64" : 0.000000,
        ">=64" : 0.000000
      },
      "iodepth_complete" : {
        "0" : 0.000000,
        "4" : 100.000000,
        "8" : 0.000000,
        "16" : 0.000000,
        "32" : 0.000000,
        "64" : 0.000000,
        ">=64" : 0.000000
      },
      "latency_ns" : {
        "2" : 0.000000,
        "4" : 0.000000,
        "10" : 0.000000,
        "20" : 0.000000,
        "50" : 0.000000,
        "100" : 0.000000,
        "250" : 0.000000,
        "500" : 0.000000,
        "750" : 0.000000,
        "1000" : 0.000000
      },
      "latency_us" : {
        "2" : 0.000000,
        "4" : 0.000000,
        "10" : 0.000000,
        "20" : 92.058397,
        "50" : 5.747829,
        "100" : 1.083144,
        "250" : 0.472856,
        "500" : 0.227947,
        "750" : 0.232496,
        "1000" : 0.107478
      },
      "latency_ms" : {
        "2" : 0.059483,
        "4" : 0.010000,
        "10" : 0.010000,
        "20" : 0.010000,
        "50" : 0.010000,
        "100" : 0.000000,
        "250" : 0.000000,
        "500" : 0.000000,
        "750" : 0.000000,
        "1000" : 0.000000,
        "2000" : 0.000000,
        ">=2000" : 0.000000
      },
      "latency_depth" : 1,
      "latency_target" : 0,
      "latency_percentile" : 100.000000,
      "latency_window" : 0
    }
  ],
  "disk_util" : [
    {
      "name" : "nvme0n1",
      "read_ios" : 1946290,
      "write_ios" : 650726,
      "read_sectors" : 63273144,
      "write_sectors" : 21436224,
      "read_merges" : 30,
      "write_merges" : 72,
      "read_ticks" : 44316,
      "write_ticks" : 41654,
      "in_queue" : 86056,
      "util" : 81.645591
    }
  ]
}
