{
  "fio version" : "fio-3.38",
  "timestamp" : 1729812213,
  "timestamp_ms" : 1729812213150,
  "time" : "Fri Oct 25 01:23:33 2024",
  "jobs" : [
    {
      "jobname" : "output",
      "groupid" : 0,
      "job_start" : 1729812153104,
      "error" : 0,
      "eta" : 0,
      "elapsed" : 61,
      "job options" : {
        "name" : "output",
        "loops" : "5",
        "runtime" : "60",
        "numjobs" : "1",
        "rwmixwrite" : "37.5",
        "bs" : "16k",
        "filesize" : "1G",
        "rw" : "rw",
        "direct" : "1"
      },
      "read" : {
        "io_bytes" : 20184858624,
        "io_kbytes" : 19711776,
        "bw_bytes" : 336408703,
        "bw" : 328524,
        "iops" : 20532.757787,
        "runtime" : 60001,
        "total_ios" : 1231986,
        "short_ios" : 0,
        "drop_ios" : 0,
        "slat_ns" : {
          "min" : 0,
          "max" : 0,
          "mean" : 0.000000,
          "stddev" : 0.000000,
          "N" : 0
        },
        "clat_ns" : {
          "min" : 13353,
          "max" : 44323233,
          "mean" : 36594.925805,
          "stddev" : 152339.272451,
          "N" : 1231986,
          "percentile" : {
            "1.000000" : 14528,
            "5.000000" : 14784,
            "10.000000" : 15040,
            "20.000000" : 15296,
            "30.000000" : 15552,
            "40.000000" : 15680,
            "50.000000" : 16064,
            "60.000000" : 16512,
            "70.000000" : 17024,
            "80.000000" : 17792,
            "90.000000" : 37120,
            "95.000000" : 90624,
            "99.000000" : 634880,
            "99.500000" : 946176,
            "99.900000" : 1744896,
            "99.950000" : 1892352,
            "99.990000" : 4112384
          }
        },
        "lat_ns" : {
          "min" : 13387,
          "max" : 44323555,
          "mean" : 36627.427215,
          "stddev" : 152340.375213,
          "N" : 1231986
        },
        "bw_min" : 215264,
        "bw_max" : 418912,
        "bw_agg" : 100.000000,
        "bw_mean" : 329071.327731,
        "bw_dev" : 36543.031564,
        "bw_samples" : 119,
        "iops_min" : 13454,
        "iops_max" : 26182,
        "iops_mean" : 20566.957983,
        "iops_stddev" : 2283.939473,
        "iops_samples" : 119
      },
      "write" : {
        "io_bytes" : 11865128960,
        "io_kbytes" : 11587040,
        "bw_bytes" : 197748853,
        "bw" : 193114,
        "iops" : 12069.632173,
        "runtime" : 60001,
        "total_ios" : 724190,
        "short_ios" : 0,
        "drop_ios" : 0,
        "slat_ns" : {
          "min" : 0,
          "max" : 0,
          "mean" : 0.000000,
          "stddev" : 0.000000,
          "N" : 0
        },
        "clat_ns" : {
          "min" : 15651,
          "max" : 35311649,
          "mean" : 19427.781209,
          "stddev" : 66916.542987,
          "N" : 724190,
          "percentile" : {
            "1.000000" : 16768,
            "5.000000" : 17024,
            "10.000000" : 17280,
            "20.000000" : 17536,
            "30.000000" : 17792,
            "40.000000" : 18048,
            "50.000000" : 18048,
            "60.000000" : 18304,
            "70.000000" : 18816,
            "80.000000" : 19328,
            "90.000000" : 20352,
            "95.000000" : 22912,
            "99.000000" : 44800,
            "99.500000" : 50944,
            "99.900000" : 62720,
            "99.950000" : 80384,
            "99.990000" : 146432
          }
        },
        "lat_ns" : {
          "min" : 15813,
          "max" : 35312691,
          "mean" : 19713.867096,
          "stddev" : 66923.575455,
          "N" : 724190
        },
        "bw_min" : 127904,
        "bw_max" : 243968,
        "bw_agg" : 100.000000,
        "bw_mean" : 193452.907563,
        "bw_dev" : 21056.951323,
        "bw_samples" : 119,
        "iops_min" : 7994,
        "iops_max" : 15248,
        "iops_mean" : 12090.806723,
        "iops_stddev" : 1316.059458,
        "iops_samples" : 119
      },
      "trim" : {
        "io_bytes" : 0,
        "io_kbytes" : 0,
        "bw_bytes" : 0,
        "bw" : 0,
        "iops" : 0.000000,
        "runtime" : 0,
        "total_ios" : 0,
        "short_ios" : 0,
        "drop_ios" : 0,
        "slat_ns" : {
          "min" : 0,
          "max" : 0,
          "mean" : 0.000000,
          "stddev" : 0.000000,
          "N" : 0
        },
        "clat_ns" : {
          "min" : 0,
          "max" : 0,
          "mean" : 0.000000,
          "stddev" : 0.000000,
          "N" : 0
        },
        "lat_ns" : {
          "min" : 0,
          "max" : 0,
          "mean" : 0.000000,
          "stddev" : 0.000000,
          "N" : 0
        },
        "bw_min" : 0,
        "bw_max" : 0,
        "bw_agg" : 0.000000,
        "bw_mean" : 0.000000,
        "bw_dev" : 0.000000,
        "bw_samples" : 0,
        "iops_min" : 0,
        "iops_max" : 0,
        "iops_mean" : 0.000000,
        "iops_stddev" : 0.000000,
        "iops_samples" : 0
      },
      "sync" : {
        "total_ios" : 0,
        "lat_ns" : {
          "min" : 0,
          "max" : 0,
          "mean" : 0.000000,
          "stddev" : 0.000000,
          "N" : 0
        }
      },
      "job_runtime" : 60000,
      "usr_cpu" : 2.583333,
      "sys_cpu" : 8.265000,
      "ctx" : 1956167,
      "majf" : 0,
      "minf" : 11,
      "iodepth_level" : {
        "1" : 100.000000,
        "2" : 0.000000,
        "4" : 0.000000,
        "8" : 0.000000,
        "16" : 0.000000,
        "32" : 0.000000,
        ">=64" : 0.000000
      },
      "iodepth_submit" : {
        "0" : 0.000000,
        "4" : 100.000000,
        "8" : 0.000000,
        "16" : 0.000000,
        "32" : 0.000000,
        "64" : 0.000000,
        ">=64" : 0.000000
      },
      "iodepth_complete" : {
        "0" : 0.000000,
        "4" : 100.000000,
        "8" : 0.000000,
        "16" : 0.000000,
        "32" : 0.000000,
        "64" : 0.000000,
        ">=64" : 0.000000
      },
      "latency_ns" : {
        "2" : 0.000000,
        "4" : 0.000000,
        "10" : 0.000000,
        "20" : 0.000000,
        "50" : 0.000000,
        "100" : 0.000000,
        "250" : 0.000000,
        "500" : 0.000000,
        "750" : 0.000000,
        "1000" : 0.000000
      },
      "latency_us" : {
        "2" : 0.000000,
        "4" : 0.000000,
        "10" : 0.000000,
        "20" : 87.084138,
        "50" : 7.023550,
        "100" : 4.083886,
        "250" : 0.782240,
        "500" : 0.265978,
        "750" : 0.254987,
        "1000" : 0.222424
      },
      "latency_ms" : {
        "2" : 0.264700,
        "4" : 0.010889,
        "10" : 0.010000,
        "20" : 0.010000,
        "50" : 0.010000,
        "100" : 0.000000,
        "250" : 0.000000,
        "500" : 0.000000,
        "750" : 0.000000,
        "1000" : 0.000000,
        "2000" : 0.000000,
        ">=2000" : 0.000000
      },
      "latency_depth" : 1,
      "latency_target" : 0,
      "latency_percentile" : 100.000000,
      "latency_window" : 0
    }
  ],
  "disk_util" : [
    {
      "name" : "nvme0n1",
      "read_ios" : 1235309,
      "write_ios" : 725671,
      "read_sectors" : 40428984,
      "write_sectors" : 23836992,
      "read_merges" : 30,
      "write_merges" : 56,
      "read_ticks" : 43830,
      "write_ticks" : 24805,
      "in_queue" : 68701,
      "util" : 83.052007
    }
  ]
}
