{
  "fio version" : "fio-3.38",
  "timestamp" : 1729812273,
  "timestamp_ms" : 1729812273439,
  "time" : "Fri Oct 25 01:24:33 2024",
  "jobs" : [
    {
      "jobname" : "output",
      "groupid" : 0,
      "job_start" : 1729812213394,
      "error" : 0,
      "eta" : 0,
      "elapsed" : 61,
      "job options" : {
        "name" : "output",
        "loops" : "5",
        "runtime" : "60",
        "numjobs" : "1",
        "rwmixwrite" : "50.0",
        "bs" : "16k",
        "filesize" : "1G",
        "rw" : "rw",
        "direct" : "1"
      },
      "read" : {
        "io_bytes" : 7386710016,
        "io_kbytes" : 7213584,
        "bw_bytes" : 123107730,
        "bw" : 120222,
        "iops" : 7513.899537,
        "runtime" : 60002,
        "total_ios" : 450849,
        "short_ios" : 0,
        "drop_ios" : 0,
        "slat_ns" : {
          "min" : 0,
          "max" : 0,
          "mean" : 0.000000,
          "stddev" : 0.000000,
          "N" : 0
        },
        "clat_ns" : {
          "min" : 13553,
          "max" : 43900301,
          "mean" : 111755.987856,
          "stddev" : 308714.596583,
          "N" : 450849,
          "percentile" : {
            "1.000000" : 14528,
            "5.000000" : 15040,
            "10.000000" : 15296,
            "20.000000" : 15808,
            "30.000000" : 16768,
            "40.000000" : 18560,
            "50.000000" : 75264,
            "60.000000" : 78336,
            "70.000000" : 90624,
            "80.000000" : 92672,
            "90.000000" : 101888,
            "95.000000" : 259072,
            "99.000000" : 1728512,
            "99.500000" : 1826816,
            "99.900000" : 2023424,
            "99.950000" : 2146304,
            "99.990000" : 5799936
          }
        },
        "lat_ns" : {
          "min" : 13586,
          "max" : 43900720,
          "mean" : 111808.372420,
          "stddev" : 308716.904616,
          "N" : 450849
        },
        "bw_min" : 78336,
        "bw_max" : 232832,
        "bw_agg" : 100.000000,
        "bw_mean" : 120310.588235,
        "bw_dev" : 26849.000479,
        "bw_samples" : 119,
        "iops_min" : 4896,
        "iops_max" : 14552,
        "iops_mean" : 7519.411765,
        "iops_stddev" : 1678.062530,
        "iops_samples" : 119
      },
      "write" : {
        "io_bytes" : 7378141184,
        "io_kbytes" : 7205216,
        "bw_bytes" : 122964920,
        "bw" : 120082,
        "iops" : 7505.183161,
        "runtime" : 60002,
        "total_ios" : 450326,
        "short_ios" : 0,
        "drop_ios" : 0,
        "slat_ns" : {
          "min" : 0,
          "max" : 0,
          "mean" : 0.000000,
          "stddev" : 0.000000,
          "N" : 0
        },
        "clat_ns" : {
          "min" : 15547,
          "max" : 34153611,
          "mean" : 20269.057763,
          "stddev" : 75933.543966,
          "N" : 450326,
          "percentile" : {
            "1.000000" : 16768,
            "5.000000" : 17280,
            "10.000000" : 17536,
            "20.000000" : 17536,
            "30.000000" : 17792,
            "40.000000" : 18048,
            "50.000000" : 18304,
            "60.000000" : 18560,
            "70.000000" : 19072,
            "80.000000" : 19584,
            "90.000000" : 21120,
            "95.000000" : 27776,
            "99.000000" : 51456,
            "99.500000" : 57600,
            "99.900000" : 114176,
            "99.950000" : 125440,
            "99.990000" : 171008
          }
        },
        "lat_ns" : {
          "min" : 15694,
          "max" : 34154070,
          "mean" : 20583.747743,
          "stddev" : 75948.850380,
          "N" : 450326
        },
        "bw_min" : 76256,
        "bw_max" : 233440,
        "bw_agg" : 100.000000,
        "bw_mean" : 120199.798319,
        "bw_dev" : 26448.826906,
        "bw_samples" : 119,
        "iops_min" : 4766,
        "iops_max" : 14590,
        "iops_mean" : 7512.487395,
        "iops_stddev" : 1653.051682,
        "iops_samples" : 119
      },
      "trim" : {
        "io_bytes" : 0,
        "io_kbytes" : 0,
        "bw_bytes" : 0,
        "bw" : 0,
        "iops" : 0.000000,
        "runtime" : 0,
        "total_ios" : 0,
        "short_ios" : 0,
        "drop_ios" : 0,
        "slat_ns" : {
          "min" : 0,
          "max" : 0,
          "mean" : 0.000000,
          "stddev" : 0.000000,
          "N" : 0
        },
        "clat_ns" : {
          "min" : 0,
          "max" : 0,
          "mean" : 0.000000,
          "stddev" : 0.000000,
          "N" : 0
        },
        "lat_ns" : {
          "min" : 0,
          "max" : 0,
          "mean" : 0.000000,
          "stddev" : 0.000000,
          "N" : 0
        },
        "bw_min" : 0,
        "bw_max" : 0,
        "bw_agg" : 0.000000,
        "bw_mean" : 0.000000,
        "bw_dev" : 0.000000,
        "bw_samples" : 0,
        "iops_min" : 0,
        "iops_max" : 0,
        "iops_mean" : 0.000000,
        "iops_stddev" : 0.000000,
        "iops_samples" : 0
      },
      "sync" : {
        "total_ios" : 0,
        "lat_ns" : {
          "min" : 0,
          "max" : 0,
          "mean" : 0.000000,
          "stddev" : 0.000000,
          "N" : 0
        }
      },
      "job_runtime" : 60001,
      "usr_cpu" : 1.463309,
      "sys_cpu" : 4.673255,
      "ctx" : 901191,
      "majf" : 0,
      "minf" : 10,
      "iodepth_level" : {
        "1" : 100.000000,
        "2" : 0.000000,
        "4" : 0.000000,
        "8" : 0.000000,
        "16" : 0.000000,
        "32" : 0.000000,
        ">=64" : 0.000000
      },
      "iodepth_submit" : {
        "0" : 0.000000,
        "4" : 100.000000,
        "8" : 0.000000,
        "16" : 0.000000,
        "32" : 0.000000,
        "64" : 0.000000,
        ">=64" : 0.000000
      },
      "iodepth_complete" : {
        "0" : 0.000000,
        "4" : 100.000000,
        "8" : 0.000000,
        "16" : 0.000000,
        "32" : 0.000000,
        "64" : 0.000000,
        ">=64" : 0.000000
      },
      "latency_ns" : {
        "2" : 0.000000,
        "4" : 0.000000,
        "10" : 0.000000,
        "20" : 0.000000,
        "50" : 0.000000,
        "100" : 0.000000,
        "250" : 0.000000,
        "500" : 0.000000,
        "750" : 0.000000,
        "1000" : 0.000000
      },
      "latency_us" : {
        "2" : 0.000000,
        "4" : 0.000000,
        "10" : 0.000000,
        "20" : 63.079979,
        "50" : 10.210115,
        "100" : 21.408273,
        "250" : 2.709685,
        "500" : 0.722612,
        "750" : 0.223930,
        "1000" : 0.169778
      },
      "latency_ms" : {
        "2" : 1.418259,
        "4" : 0.041168,
        "10" : 0.013982,
        "20" : 0.010000,
        "50" : 0.010000,
        "100" : 0.000000,
        "250" : 0.000000,
        "500" : 0.000000,
        "750" : 0.000000,
        "1000" : 0.000000,
        "2000" : 0.000000,
        ">=2000" : 0.000000
      },
      "latency_depth" : 1,
      "latency_target" : 0,
      "latency_percentile" : 100.000000,
      "latency_window" : 0
    }
  ],
  "disk_util" : [
    {
      "name" : "nvme0n1",
      "read_ios" : 454543,
      "write_ios" : 451794,
      "read_sectors" : 15515016,
      "write_sectors" : 15073184,
      "read_merges" : 30,
      "write_merges" : 67,
      "read_ticks" : 51209,
      "write_ticks" : 17931,
      "in_queue" : 69214,
      "util" : 92.169127
    }
  ]
}
