{
  "fio version" : "fio-3.38",
  "timestamp" : 1729812333,
  "timestamp_ms" : 1729812333724,
  "time" : "Fri Oct 25 01:25:33 2024",
  "jobs" : [
    {
      "jobname" : "output",
      "groupid" : 0,
      "job_start" : 1729812273684,
      "error" : 0,
      "eta" : 0,
      "elapsed" : 61,
      "job options" : {
        "name" : "output",
        "loops" : "5",
        "runtime" : "60",
        "numjobs" : "1",
        "rwmixwrite" : "62.5",
        "bs" : "16k",
        "filesize" : "1G",
        "rw" : "rw",
        "direct" : "1"
      },
      "read" : {
        "io_bytes" : 3866165248,
        "io_kbytes" : 3775552,
        "bw_bytes" : 64435013,
        "bw" : 62924,
        "iops" : 3932.801120,
        "runtime" : 60001,
        "total_ios" : 235972,
        "short_ios" : 0,
        "drop_ios" : 0,
        "slat_ns" : {
          "min" : 0,
          "max" : 0,
          "mean" : 0.000000,
          "stddev" : 0.000000,
          "N" : 0
        },
        "clat_ns" : {
          "min" : 13700,
          "max" : 48904583,
          "mean" : 219030.095973,
          "stddev" : 452125.050364,
          "N" : 235972,
          "percentile" : {
            "1.000000" : 15424,
            "5.000000" : 74240,
            "10.000000" : 76288,
            "20.000000" : 77312,
            "30.000000" : 78336,
            "40.000000" : 88576,
            "50.000000" : 91648,
            "60.000000" : 92672,
            "70.000000" : 93696,
            "80.000000" : 101888,
            "90.000000" : 305152,
            "95.000000" : 1581056,
            "99.000000" : 1875968,
            "99.500000" : 1957888,
            "99.900000" : 2146304,
            "99.950000" : 4423680,
            "99.990000" : 8093696
          }
        },
        "lat_ns" : {
          "min" : 13733,
          "max" : 48904772,
          "mean" : 219086.711233,
          "stddev" : 452127.798495,
          "N" : 235972
        },
        "bw_min" : 34528,
        "bw_max" : 84960,
        "bw_agg" : 100.000000,
        "bw_mean" : 63019.294118,
        "bw_dev" : 8477.768393,
        "bw_samples" : 119,
        "iops_min" : 2158,
        "iops_max" : 5310,
        "iops_mean" : 3938.705882,
        "iops_stddev" : 529.860525,
        "iops_samples" : 119
      },
      "write" : {
        "io_bytes" : 6289391616,
        "io_kbytes" : 6141984,
        "bw_bytes" : 104821446,
        "bw" : 102364,
        "iops" : 6397.793370,
        "runtime" : 60001,
        "total_ios" : 383874,
        "short_ios" : 0,
        "drop_ios" : 0,
        "slat_ns" : {
          "min" : 0,
          "max" : 0,
          "mean" : 0.000000,
          "stddev" : 0.000000,
          "N" : 0
        },
        "clat_ns" : {
          "min" : 15583,
          "max" : 32158418,
          "mean" : 20672.436213,
          "stddev" : 92150.957341,
          "N" : 383874,
          "percentile" : {
            "1.000000" : 17024,
            "5.000000" : 17280,
            "10.000000" : 17536,
            "20.000000" : 17792,
            "30.000000" : 17792,
            "40.000000" : 18048,
            "50.000000" : 18304,
            "60.000000" : 18560,
            "70.000000" : 19072,
            "80.000000" : 19584,
            "90.000000" : 21632,
            "95.000000" : 28544,
            "99.000000" : 54016,
            "99.500000" : 78336,
            "99.900000" : 119296,
            "99.950000" : 134144,
            "99.990000" : 667648
          }
        },
        "lat_ns" : {
          "min" : 15762,
          "max" : 32159619,
          "mean" : 21001.607869,
          "stddev" : 92166.075753,
          "N" : 383874
        },
        "bw_min" : 58528,
        "bw_max" : 135104,
        "bw_agg" : 100.000000,
        "bw_mean" : 102525.848739,
        "bw_dev" : 13216.750982,
        "bw_samples" : 119,
        "iops_min" : 3658,
        "iops_max" : 8444,
        "iops_mean" : 6407.865546,
        "iops_stddev" : 826.046936,
        "iops_samples" : 119
      },
      "trim" : {
        "io_bytes" : 0,
        "io_kbytes" : 0,
        "bw_bytes" : 0,
        "bw" : 0,
        "iops" : 0.000000,
        "runtime" : 0,
        "total_ios" : 0,
        "short_ios" : 0,
        "drop_ios" : 0,
        "slat_ns" : {
          "min" : 0,
          "max" : 0,
          "mean" : 0.000000,
          "stddev" : 0.000000,
          "N" : 0
        },
        "clat_ns" : {
          "min" : 0,
          "max" : 0,
          "mean" : 0.000000,
          "stddev" : 0.000000,
          "N" : 0
        },
        "lat_ns" : {
          "min" : 0,
          "max" : 0,
          "mean" : 0.000000,
          "stddev" : 0.000000,
          "N" : 0
        },
        "bw_min" : 0,
        "bw_max" : 0,
        "bw_agg" : 0.000000,
        "bw_mean" : 0.000000,
        "bw_dev" : 0.000000,
        "bw_samples" : 0,
        "iops_min" : 0,
        "iops_max" : 0,
        "iops_mean" : 0.000000,
        "iops_stddev" : 0.000000,
        "iops_samples" : 0
      },
      "sync" : {
        "total_ios" : 0,
        "lat_ns" : {
          "min" : 0,
          "max" : 0,
          "mean" : 0.000000,
          "stddev" : 0.000000,
          "N" : 0
        }
      },
      "job_runtime" : 60000,
      "usr_cpu" : 1.156667,
      "sys_cpu" : 3.741667,
      "ctx" : 619841,
      "majf" : 0,
      "minf" : 11,
      "iodepth_level" : {
        "1" : 100.000000,
        "2" : 0.000000,
        "4" : 0.000000,
        "8" : 0.000000,
        "16" : 0.000000,
        "32" : 0.000000,
        ">=64" : 0.000000
      },
      "iodepth_submit" : {
        "0" : 0.000000,
        "4" : 100.000000,
        "8" : 0.000000,
        "16" : 0.000000,
        "32" : 0.000000,
        "64" : 0.000000,
        ">=64" : 0.000000
      },
      "iodepth_complete" : {
        "0" : 0.000000,
        "4" : 100.000000,
        "8" : 0.000000,
        "16" : 0.000000,
        "32" : 0.000000,
        "64" : 0.000000,
        ">=64" : 0.000000
      },
      "latency_ns" : {
        "2" : 0.000000,
        "4" : 0.000000,
        "10" : 0.000000,
        "20" : 0.000000,
        "50" : 0.000000,
        "100" : 0.000000,
        "250" : 0.000000,
        "500" : 0.000000,
        "750" : 0.000000,
        "1000" : 0.000000
      },
      "latency_us" : {
        "2" : 0.000000,
        "4" : 0.000000,
        "10" : 0.000000,
        "20" : 53.496030,
        "50" : 9.076609,
        "100" : 29.445701,
        "250" : 3.575727,
        "500" : 1.221916,
        "750" : 0.198920,
        "1000" : 0.189241
      },
      "latency_ms" : {
        "2" : 2.685828,
        "4" : 0.086312,
        "10" : 0.021296,
        "20" : 0.010000,
        "50" : 0.010000,
        "100" : 0.000000,
        "250" : 0.000000,
        "500" : 0.000000,
        "750" : 0.000000,
        "1000" : 0.000000,
        "2000" : 0.000000,
        ">=2000" : 0.000000
      },
      "latency_depth" : 1,
      "latency_target" : 0,
      "latency_percentile" : 100.000000,
      "latency_window" : 0
    }
  ],
  "disk_util" : [
    {
      "name" : "nvme0n1",
      "read_ios" : 239984,
      "write_ios" : 385777,
      "read_sectors" : 8568352,
      "write_sectors" : 12962880,
      "read_merges" : 30,
      "write_merges" : 102,
      "read_ticks" : 52889,
      "write_ticks" : 19835,
      "in_queue" : 72799,
      "util" : 93.278853
    }
  ]
}
