{
  "fio version" : "fio-3.38",
  "timestamp" : 1729812394,
  "timestamp_ms" : 1729812394019,
  "time" : "Fri Oct 25 01:26:34 2024",
  "jobs" : [
    {
      "jobname" : "output",
      "groupid" : 0,
      "job_start" : 1729812333969,
      "error" : 0,
      "eta" : 0,
      "elapsed" : 61,
      "job options" : {
        "name" : "output",
        "loops" : "5",
        "runtime" : "60",
        "numjobs" : "1",
        "rwmixwrite" : "75.0",
        "bs" : "16k",
        "filesize" : "1G",
        "rw" : "rw",
        "direct" : "1"
      },
      "read" : {
        "io_bytes" : 3068821504,
        "io_kbytes" : 2996896,
        "bw_bytes" : 51145320,
        "bw" : 49946,
        "iops" : 3121.662611,
        "runtime" : 60002,
        "total_ios" : 187306,
        "short_ios" : 0,
        "drop_ios" : 0,
        "slat_ns" : {
          "min" : 0,
          "max" : 0,
          "mean" : 0.000000,
          "stddev" : 0.000000,
          "N" : 0
        },
        "clat_ns" : {
          "min" : 14662,
          "max" : 31541111,
          "mean" : 257643.357800,
          "stddev" : 500224.373945,
          "N" : 187306,
          "percentile" : {
            "1.000000" : 73216,
            "5.000000" : 75264,
            "10.000000" : 76288,
            "20.000000" : 77312,
            "30.000000" : 78336,
            "40.000000" : 80384,
            "50.000000" : 90624,
            "60.000000" : 92672,
            "70.000000" : 93696,
            "80.000000" : 120320,
            "90.000000" : 839680,
            "95.000000" : 1662976,
            "99.000000" : 1925120,
            "99.500000" : 1974272,
            "99.900000" : 3194880,
            "99.950000" : 5079040,
            "99.990000" : 8454144
          }
        },
        "lat_ns" : {
          "min" : 14693,
          "max" : 31541261,
          "mean" : 257695.679519,
          "stddev" : 500222.808791,
          "N" : 187306
        },
        "bw_min" : 32064,
        "bw_max" : 72352,
        "bw_agg" : 100.000000,
        "bw_mean" : 49985.210084,
        "bw_dev" : 7612.718894,
        "bw_samples" : 119,
        "iops_min" : 2004,
        "iops_max" : 4522,
        "iops_mean" : 3124.075630,
        "iops_stddev" : 475.794931,
        "iops_samples" : 119
      },
      "write" : {
        "io_bytes" : 9155952640,
        "io_kbytes" : 8941360,
        "bw_bytes" : 152594124,
        "bw" : 149017,
        "iops" : 9313.606213,
        "runtime" : 60002,
        "total_ios" : 558835,
        "short_ios" : 0,
        "drop_ios" : 0,
        "slat_ns" : {
          "min" : 0,
          "max" : 0,
          "mean" : 0.000000,
          "stddev" : 0.000000,
          "N" : 0
        },
        "clat_ns" : {
          "min" : 15568,
          "max" : 33596019,
          "mean" : 20174.388666,
          "stddev" : 82811.886304,
          "N" : 558835,
          "percentile" : {
            "1.000000" : 17024,
            "5.000000" : 17280,
            "10.000000" : 17536,
            "20.000000" : 17792,
            "30.000000" : 17792,
            "40.000000" : 18048,
            "50.000000" : 18304,
            "60.000000" : 18560,
            "70.000000" : 18816,
            "80.000000" : 19328,
            "90.000000" : 21120,
            "95.000000" : 25984,
            "99.000000" : 49920,
            "99.500000" : 54528,
            "99.900000" : 97792,
            "99.950000" : 114176,
            "99.990000" : 692224
          }
        },
        "lat_ns" : {
          "min" : 15755,
          "max" : 33596369,
          "mean" : 20503.034821,
          "stddev" : 82823.092954,
          "N" : 558835
        },
        "bw_min" : 101536,
        "bw_max" : 212096,
        "bw_agg" : 100.000000,
        "bw_mean" : 149096.722689,
        "bw_dev" : 22208.526512,
        "bw_samples" : 119,
        "iops_min" : 6346,
        "iops_max" : 13256,
        "iops_mean" : 9318.537815,
        "iops_stddev" : 1388.042438,
        "iops_samples" : 119
      },
      "trim" : {
        "io_bytes" : 0,
        "io_kbytes" : 0,
        "bw_bytes" : 0,
        "bw" : 0,
        "iops" : 0.000000,
        "runtime" : 0,
        "total_ios" : 0,
        "short_ios" : 0,
        "drop_ios" : 0,
        "slat_ns" : {
          "min" : 0,
          "max" : 0,
          "mean" : 0.000000,
          "stddev" : 0.000000,
          "N" : 0
        },
        "clat_ns" : {
          "min" : 0,
          "max" : 0,
          "mean" : 0.000000,
          "stddev" : 0.000000,
          "N" : 0
        },
        "lat_ns" : {
          "min" : 0,
          "max" : 0,
          "mean" : 0.000000,
          "stddev" : 0.000000,
          "N" : 0
        },
        "bw_min" : 0,
        "bw_max" : 0,
        "bw_agg" : 0.000000,
        "bw_mean" : 0.000000,
        "bw_dev" : 0.000000,
        "bw_samples" : 0,
        "iops_min" : 0,
        "iops_max" : 0,
        "iops_mean" : 0.000000,
        "iops_stddev" : 0.000000,
        "iops_samples" : 0
      },
      "sync" : {
        "total_ios" : 0,
        "lat_ns" : {
          "min" : 0,
          "max" : 0,
          "mean" : 0.000000,
          "stddev" : 0.000000,
          "N" : 0
        }
      },
      "job_runtime" : 60001,
      "usr_cpu" : 1.398310,
      "sys_cpu" : 4.358261,
      "ctx" : 746126,
      "majf" : 0,
      "minf" : 13,
      "iodepth_level" : {
        "1" : 100.000000,
        "2" : 0.000000,
        "4" : 0.000000,
        "8" : 0.000000,
        "16" : 0.000000,
        "32" : 0.000000,
        ">=64" : 0.000000
      },
      "iodepth_submit" : {
        "0" : 0.000000,
        "4" : 100.000000,
        "8" : 0.000000,
        "16" : 0.000000,
        "32" : 0.000000,
        "64" : 0.000000,
        ">=64" : 0.000000
      },
      "iodepth_complete" : {
        "0" : 0.000000,
        "4" : 100.000000,
        "8" : 0.000000,
        "16" : 0.000000,
        "32" : 0.000000,
        "64" : 0.000000,
        ">=64" : 0.000000
      },
      "latency_ns" : {
        "2" : 0.000000,
        "4" : 0.000000,
        "10" : 0.000000,
        "20" : 0.000000,
        "50" : 0.000000,
        "100" : 0.000000,
        "250" : 0.000000,
        "500" : 0.000000,
        "750" : 0.000000,
        "1000" : 0.000000
      },
      "latency_us" : {
        "2" : 0.000000,
        "4" : 0.000000,
        "10" : 0.000000,
        "20" : 63.716107,
        "50" : 10.467325,
        "100" : 19.775083,
        "250" : 2.821183,
        "500" : 0.547216,
        "750" : 0.117806,
        "1000" : 0.130538
      },
      "latency_ms" : {
        "2" : 2.316050,
        "4" : 0.086311,
        "10" : 0.020103,
        "20" : 0.010000,
        "50" : 0.010000,
        "100" : 0.000000,
        "250" : 0.000000,
        "500" : 0.000000,
        "750" : 0.000000,
        "1000" : 0.000000,
        "2000" : 0.000000,
        ">=2000" : 0.000000
      },
      "latency_depth" : 1,
      "latency_target" : 0,
      "latency_percentile" : 100.000000,
      "latency_window" : 0
    }
  ],
  "disk_util" : [
    {
      "name" : "nvme0n1",
      "read_ios" : 192307,
      "write_ios" : 560454,
      "read_sectors" : 7113280,
      "write_sectors" : 18544576,
      "read_merges" : 30,
      "write_merges" : 203,
      "read_ticks" : 50558,
      "write_ticks" : 20930,
      "in_queue" : 71552,
      "util" : 92.241998
    }
  ]
}
