{
  "fio version" : "fio-3.38",
  "timestamp" : 1729812454,
  "timestamp_ms" : 1729812454316,
  "time" : "Fri Oct 25 01:27:34 2024",
  "jobs" : [
    {
      "jobname" : "output",
      "groupid" : 0,
      "job_start" : 1729812394263,
      "error" : 0,
      "eta" : 0,
      "elapsed" : 61,
      "job options" : {
        "name" : "output",
        "loops" : "5",
        "runtime" : "60",
        "numjobs" : "1",
        "rwmixwrite" : "87.5",
        "bs" : "16k",
        "filesize" : "1G",
        "rw" : "rw",
        "direct" : "1"
      },
      "read" : {
        "io_bytes" : 1868873728,
        "io_kbytes" : 1825072,
        "bw_bytes" : 31147376,
        "bw" : 30417,
        "iops" : 1901.084982,
        "runtime" : 60001,
        "total_ios" : 114067,
        "short_ios" : 0,
        "drop_ios" : 0,
        "slat_ns" : {
          "min" : 0,
          "max" : 0,
          "mean" : 0.000000,
          "stddev" : 0.000000,
          "N" : 0
        },
        "clat_ns" : {
          "min" : 28939,
          "max" : 10917503,
          "mean" : 389766.002288,
          "stddev" : 628808.328937,
          "N" : 114067,
          "percentile" : {
            "1.000000" : 75264,
            "5.000000" : 76288,
            "10.000000" : 77312,
            "20.000000" : 78336,
            "30.000000" : 83456,
            "40.000000" : 91648,
            "50.000000" : 92672,
            "60.000000" : 94720,
            "70.000000" : 122368,
            "80.000000" : 342016,
            "90.000000" : 1630208,
            "95.000000" : 1744896,
            "99.000000" : 1957888,
            "99.500000" : 2023424,
            "99.900000" : 5013504,
            "99.950000" : 5210112,
            "99.990000" : 9371648
          }
        },
        "lat_ns" : {
          "min" : 28977,
          "max" : 10917540,
          "mean" : 389820.155233,
          "stddev" : 628805.986538,
          "N" : 114067
        },
        "bw_min" : 20256,
        "bw_max" : 38880,
        "bw_agg" : 100.000000,
        "bw_mean" : 30474.218487,
        "bw_dev" : 4519.588633,
        "bw_samples" : 119,
        "iops_min" : 1266,
        "iops_max" : 2430,
        "iops_mean" : 1904.638655,
        "iops_stddev" : 282.474290,
        "iops_samples" : 119
      },
      "write" : {
        "io_bytes" : 12500729856,
        "io_kbytes" : 12207744,
        "bw_bytes" : 208342025,
        "bw" : 203459,
        "iops" : 12716.188064,
        "runtime" : 60001,
        "total_ios" : 762984,
        "short_ios" : 0,
        "drop_ios" : 0,
        "slat_ns" : {
          "min" : 0,
          "max" : 0,
          "mean" : 0.000000,
          "stddev" : 0.000000,
          "N" : 0
        },
        "clat_ns" : {
          "min" : 15674,
          "max" : 44602176,
          "mean" : 19629.903341,
          "stddev" : 58100.053233,
          "N" : 762984,
          "percentile" : {
            "1.000000" : 17024,
            "5.000000" : 17280,
            "10.000000" : 17536,
            "20.000000" : 17536,
            "30.000000" : 17792,
            "40.000000" : 18048,
            "50.000000" : 18304,
            "60.000000" : 18560,
            "70.000000" : 18816,
            "80.000000" : 19328,
            "90.000000" : 20864,
            "95.000000" : 23424,
            "99.000000" : 49408,
            "99.500000" : 52992,
            "99.900000" : 67072,
            "99.950000" : 84480,
            "99.990000" : 123392
          }
        },
        "lat_ns" : {
          "min" : 15901,
          "max" : 44603107,
          "mean" : 19961.473596,
          "stddev" : 58113.198459,
          "N" : 762984
        },
        "bw_min" : 143072,
        "bw_max" : 259904,
        "bw_agg" : 100.000000,
        "bw_mean" : 203852.369748,
        "bw_dev" : 29365.149389,
        "bw_samples" : 119,
        "iops_min" : 8942,
        "iops_max" : 16244,
        "iops_mean" : 12740.773109,
        "iops_stddev" : 1835.321837,
        "iops_samples" : 119
      },
      "trim" : {
        "io_bytes" : 0,
        "io_kbytes" : 0,
        "bw_bytes" : 0,
        "bw" : 0,
        "iops" : 0.000000,
        "runtime" : 0,
        "total_ios" : 0,
        "short_ios" : 0,
        "drop_ios" : 0,
        "slat_ns" : {
          "min" : 0,
          "max" : 0,
          "mean" : 0.000000,
          "stddev" : 0.000000,
          "N" : 0
        },
        "clat_ns" : {
          "min" : 0,
          "max" : 0,
          "mean" : 0.000000,
          "stddev" : 0.000000,
          "N" : 0
        },
        "lat_ns" : {
          "min" : 0,
          "max" : 0,
          "mean" : 0.000000,
          "stddev" : 0.000000,
          "N" : 0
        },
        "bw_min" : 0,
        "bw_max" : 0,
        "bw_agg" : 0.000000,
        "bw_mean" : 0.000000,
        "bw_dev" : 0.000000,
        "bw_samples" : 0,
        "iops_min" : 0,
        "iops_max" : 0,
        "iops_mean" : 0.000000,
        "iops_stddev" : 0.000000,
        "iops_samples" : 0
      },
      "sync" : {
        "total_ios" : 0,
        "lat_ns" : {
          "min" : 0,
          "max" : 0,
          "mean" : 0.000000,
          "stddev" : 0.000000,
          "N" : 0
        }
      },
      "job_runtime" : 60000,
      "usr_cpu" : 1.745000,
      "sys_cpu" : 5.058333,
      "ctx" : 877036,
      "majf" : 0,
      "minf" : 10,
      "iodepth_level" : {
        "1" : 100.000000,
        "2" : 0.000000,
        "4" : 0.000000,
        "8" : 0.000000,
        "16" : 0.000000,
        "32" : 0.000000,
        ">=64" : 0.000000
      },
      "iodepth_submit" : {
        "0" : 0.000000,
        "4" : 100.000000,
        "8" : 0.000000,
        "16" : 0.000000,
        "32" : 0.000000,
        "64" : 0.000000,
        ">=64" : 0.000000
      },
      "iodepth_complete" : {
        "0" : 0.000000,
        "4" : 100.000000,
        "8" : 0.000000,
        "16" : 0.000000,
        "32" : 0.000000,
        "64" : 0.000000,
        ">=64" : 0.000000
      },
      "latency_ns" : {
        "2" : 0.000000,
        "4" : 0.000000,
        "10" : 0.000000,
        "20" : 0.000000,
        "50" : 0.000000,
        "100" : 0.000000,
        "250" : 0.000000,
        "500" : 0.000000,
        "750" : 0.000000,
        "1000" : 0.000000
      },
      "latency_us" : {
        "2" : 0.000000,
        "4" : 0.000000,
        "10" : 0.000000,
        "20" : 75.603813,
        "50" : 10.632791,
        "100" : 9.328648,
        "250" : 1.611993,
        "500" : 0.357904,
        "750" : 0.071604,
        "1000" : 0.092697
      },
      "latency_ms" : {
        "2" : 2.215265,
        "4" : 0.066245,
        "10" : 0.018357,
        "20" : 0.010000,
        "50" : 0.010000,
        "100" : 0.000000,
        "250" : 0.000000,
        "500" : 0.000000,
        "750" : 0.000000,
        "1000" : 0.000000,
        "2000" : 0.000000,
        ">=2000" : 0.000000
      },
      "latency_depth" : 1,
      "latency_target" : 0,
      "latency_percentile" : 100.000000,
      "latency_window" : 0
    }
  ],
  "disk_util" : [
    {
      "name" : "nvme0n1",
      "read_ios" : 116256,
      "write_ios" : 762642,
      "read_sectors" : 4090792,
      "write_sectors" : 24499960,
      "read_merges" : 0,
      "write_merges" : 116,
      "read_ticks" : 44910,
      "write_ticks" : 14810,
      "in_queue" : 59812,
      "util" : 92.598462
    }
  ]
}
