{
  "fio version" : "fio-3.38",
  "timestamp" : 1729813479,
  "timestamp_ms" : 1729813479286,
  "time" : "Fri Oct 25 01:44:39 2024",
  "jobs" : [
    {
      "jobname" : "output",
      "groupid" : 0,
      "job_start" : 1729813419224,
      "error" : 0,
      "eta" : 0,
      "elapsed" : 61,
      "job options" : {
        "name" : "output",
        "loops" : "5",
        "runtime" : "60",
        "numjobs" : "1",
        "rwmixwrite" : "33",
        "bs" : "65536",
        "filesize" : "1G",
        "rw" : "randrw",
        "direct" : "1"
      },
      "read" : {
        "io_bytes" : 10693574656,
        "io_kbytes" : 10442944,
        "bw_bytes" : 178223273,
        "bw" : 174046,
        "iops" : 2719.471342,
        "runtime" : 60001,
        "total_ios" : 163171,
        "short_ios" : 0,
        "drop_ios" : 0,
        "slat_ns" : {
          "min" : 0,
          "max" : 0,
          "mean" : 0.000000,
          "stddev" : 0.000000,
          "N" : 0
        },
        "clat_ns" : {
          "min" : 91913,
          "max" : 40007929,
          "mean" : 330713.691741,
          "stddev" : 507766.605646,
          "N" : 163171,
          "percentile" : {
            "1.000000" : 97792,
            "5.000000" : 101888,
            "10.000000" : 108032,
            "20.000000" : 117248,
            "30.000000" : 142336,
            "40.000000" : 154624,
            "50.000000" : 173056,
            "60.000000" : 183296,
            "70.000000" : 218112,
            "80.000000" : 250880,
            "90.000000" : 856064,
            "95.000000" : 1728512,
            "99.000000" : 2056192,
            "99.500000" : 2146304,
            "99.900000" : 2473984,
            "99.950000" : 5144576,
            "99.990000" : 7897088
          }
        },
        "lat_ns" : {
          "min" : 91943,
          "max" : 40008858,
          "mean" : 330817.951830,
          "stddev" : 507770.322157,
          "N" : 163171
        },
        "bw_min" : 121472,
        "bw_max" : 240768,
        "bw_agg" : 100.000000,
        "bw_mean" : 174439.260504,
        "bw_dev" : 21741.444706,
        "bw_samples" : 119,
        "iops_min" : 1898,
        "iops_max" : 3762,
        "iops_mean" : 2725.613445,
        "iops_stddev" : 339.710074,
        "iops_samples" : 119
      },
      "write" : {
        "io_bytes" : 5281087488,
        "io_kbytes" : 5157312,
        "bw_bytes" : 88016657,
        "bw" : 85953,
        "iops" : 1343.027616,
        "runtime" : 60001,
        "total_ios" : 80583,
        "short_ios" : 0,
        "drop_ios" : 0,
        "slat_ns" : {
          "min" : 0,
          "max" : 0,
          "mean" : 0.000000,
          "stddev" : 0.000000,
          "N" : 0
        },
        "clat_ns" : {
          "min" : 31377,
          "max" : 31101930,
          "mean" : 68998.775039,
          "stddev" : 124068.885996,
          "N" : 80583,
          "percentile" : {
            "1.000000" : 32384,
            "5.000000" : 32640,
            "10.000000" : 33024,
            "20.000000" : 33024,
            "30.000000" : 34560,
            "40.000000" : 35584,
            "50.000000" : 39680,
            "60.000000" : 45312,
            "70.000000" : 97792,
            "80.000000" : 124416,
            "90.000000" : 138240,
            "95.000000" : 146432,
            "99.000000" : 164864,
            "99.500000" : 175104,
            "99.900000" : 203776,
            "99.950000" : 218112,
            "99.990000" : 2670592
          }
        },
        "lat_ns" : {
          "min" : 32432,
          "max" : 31104619,
          "mean" : 71050.084484,
          "stddev" : 124109.575842,
          "N" : 80583
        },
        "bw_min" : 60288,
        "bw_max" : 121472,
        "bw_agg" : 100.000000,
        "bw_mean" : 86114.957983,
        "bw_dev" : 10730.845203,
        "bw_samples" : 119,
        "iops_min" : 942,
        "iops_max" : 1898,
        "iops_mean" : 1345.546218,
        "iops_stddev" : 167.669456,
        "iops_samples" : 119
      },
      "trim" : {
        "io_bytes" : 0,
        "io_kbytes" : 0,
        "bw_bytes" : 0,
        "bw" : 0,
        "iops" : 0.000000,
        "runtime" : 0,
        "total_ios" : 0,
        "short_ios" : 0,
        "drop_ios" : 0,
        "slat_ns" : {
          "min" : 0,
          "max" : 0,
          "mean" : 0.000000,
          "stddev" : 0.000000,
          "N" : 0
        },
        "clat_ns" : {
          "min" : 0,
          "max" : 0,
          "mean" : 0.000000,
          "stddev" : 0.000000,
          "N" : 0
        },
        "lat_ns" : {
          "min" : 0,
          "max" : 0,
          "mean" : 0.000000,
          "stddev" : 0.000000,
          "N" : 0
        },
        "bw_min" : 0,
        "bw_max" : 0,
        "bw_agg" : 0.000000,
        "bw_mean" : 0.000000,
        "bw_dev" : 0.000000,
        "bw_samples" : 0,
        "iops_min" : 0,
        "iops_max" : 0,
        "iops_mean" : 0.000000,
        "iops_stddev" : 0.000000,
        "iops_samples" : 0
      },
      "sync" : {
        "total_ios" : 0,
        "lat_ns" : {
          "min" : 0,
          "max" : 0,
          "mean" : 0.000000,
          "stddev" : 0.000000,
          "N" : 0
        }
      },
      "job_runtime" : 60000,
      "usr_cpu" : 1.136667,
      "sys_cpu" : 3.013333,
      "ctx" : 243767,
      "majf" : 0,
      "minf" : 13,
      "iodepth_level" : {
        "1" : 100.000000,
        "2" : 0.000000,
        "4" : 0.000000,
        "8" : 0.000000,
        "16" : 0.000000,
        "32" : 0.000000,
        ">=64" : 0.000000
      },
      "iodepth_submit" : {
        "0" : 0.000000,
        "4" : 100.000000,
        "8" : 0.000000,
        "16" : 0.000000,
        "32" : 0.000000,
        "64" : 0.000000,
        ">=64" : 0.000000
      },
      "iodepth_complete" : {
        "0" : 0.000000,
        "4" : 100.000000,
        "8" : 0.000000,
        "16" : 0.000000,
        "32" : 0.000000,
        "64" : 0.000000,
        ">=64" : 0.000000
      },
      "latency_ns" : {
        "2" : 0.000000,
        "4" : 0.000000,
        "10" : 0.000000,
        "20" : 0.000000,
        "50" : 0.000000,
        "100" : 0.000000,
        "250" : 0.000000,
        "500" : 0.000000,
        "750" : 0.000000,
        "1000" : 0.000000
      },
      "latency_us" : {
        "2" : 0.000000,
        "4" : 0.000000,
        "10" : 0.000000,
        "20" : 0.000000,
        "50" : 20.249104,
        "100" : 5.150274,
        "250" : 61.160432,
        "500" : 6.440920,
        "750" : 0.228919,
        "1000" : 0.193638
      },
      "latency_ms" : {
        "2" : 5.631908,
        "4" : 0.897216,
        "10" : 0.045127,
        "20" : 0.010000,
        "50" : 0.010000,
        "100" : 0.000000,
        "250" : 0.000000,
        "500" : 0.000000,
        "750" : 0.000000,
        "1000" : 0.000000,
        "2000" : 0.000000,
        ">=2000" : 0.000000
      },
      "latency_depth" : 1,
      "latency_target" : 0,
      "latency_percentile" : 100.000000,
      "latency_window" : 0
    }
  ],
  "disk_util" : [
    {
      "name" : "nvme0n1",
      "read_ios" : 165530,
      "write_ios" : 81654,
      "read_sectors" : 21469128,
      "write_sectors" : 10566800,
      "read_merges" : 30,
      "write_merges" : 51,
      "read_ticks" : 53792,
      "write_ticks" : 10464,
      "in_queue" : 64315,
      "util" : 96.900130
    }
  ]
}
