{
  "fio version" : "fio-3.38",
  "timestamp" : 1729813660,
  "timestamp_ms" : 1729813660200,
  "time" : "Fri Oct 25 01:47:40 2024",
  "jobs" : [
    {
      "jobname" : "output",
      "groupid" : 0,
      "job_start" : 1729813600151,
      "error" : 0,
      "eta" : 0,
      "elapsed" : 61,
      "job options" : {
        "name" : "output",
        "loops" : "5",
        "runtime" : "60",
        "numjobs" : "1",
        "rwmixwrite" : "33",
        "bs" : "524288",
        "filesize" : "1G",
        "rw" : "randrw",
        "direct" : "1"
      },
      "read" : {
        "io_bytes" : 35138830336,
        "io_kbytes" : 34315264,
        "bw_bytes" : 585627651,
        "bw" : 571902,
        "iops" : 1116.996100,
        "runtime" : 60002,
        "total_ios" : 67022,
        "short_ios" : 0,
        "drop_ios" : 0,
        "slat_ns" : {
          "min" : 0,
          "max" : 0,
          "mean" : 0.000000,
          "stddev" : 0.000000,
          "N" : 0
        },
        "clat_ns" : {
          "min" : 233280,
          "max" : 40708272,
          "mean" : 769392.340664,
          "stddev" : 917387.705669,
          "N" : 67022,
          "percentile" : {
            "1.000000" : 236544,
            "5.000000" : 240640,
            "10.000000" : 244736,
            "20.000000" : 259072,
            "30.000000" : 292864,
            "40.000000" : 313344,
            "50.000000" : 325632,
            "60.000000" : 337920,
            "70.000000" : 378880,
            "80.000000" : 1859584,
            "90.000000" : 2113536,
            "95.000000" : 2277376,
            "99.000000" : 2998272,
            "99.500000" : 3620864,
            "99.900000" : 7176192,
            "99.950000" : 9502720,
            "99.990000" : 15794176
          }
        },
        "lat_ns" : {
          "min" : 233317,
          "max" : 40708419,
          "mean" : 769529.520859,
          "stddev" : 917386.007626,
          "N" : 67022
        },
        "bw_min" : 354304,
        "bw_max" : 780288,
        "bw_agg" : 100.000000,
        "bw_mean" : 572447.991597,
        "bw_dev" : 69174.885844,
        "bw_samples" : 119,
        "iops_min" : 692,
        "iops_max" : 1524,
        "iops_mean" : 1118.075630,
        "iops_stddev" : 135.114901,
        "iops_samples" : 119
      },
      "write" : {
        "io_bytes" : 17231773696,
        "io_kbytes" : 16827904,
        "bw_bytes" : 287186655,
        "bw" : 280455,
        "iops" : 547.765074,
        "runtime" : 60002,
        "total_ios" : 32867,
        "short_ios" : 0,
        "drop_ios" : 0,
        "slat_ns" : {
          "min" : 0,
          "max" : 0,
          "mean" : 0.000000,
          "stddev" : 0.000000,
          "N" : 0
        },
        "clat_ns" : {
          "min" : 172217,
          "max" : 19423454,
          "mean" : 232938.805519,
          "stddev" : 185571.425208,
          "N" : 32867,
          "percentile" : {
            "1.000000" : 173056,
            "5.000000" : 173056,
            "10.000000" : 175104,
            "20.000000" : 179200,
            "30.000000" : 183296,
            "40.000000" : 189440,
            "50.000000" : 228352,
            "60.000000" : 264192,
            "70.000000" : 272384,
            "80.000000" : 276480,
            "90.000000" : 284672,
            "95.000000" : 296960,
            "99.000000" : 337920,
            "99.500000" : 350208,
            "99.900000" : 399360,
            "99.950000" : 815104,
            "99.990000" : 11599872
          }
        },
        "lat_ns" : {
          "min" : 180504,
          "max" : 19449093,
          "mean" : 251145.782670,
          "stddev" : 185975.917822,
          "N" : 32867
        },
        "bw_min" : 168960,
        "bw_max" : 361472,
        "bw_agg" : 100.000000,
        "bw_mean" : 280647.621849,
        "bw_dev" : 30572.249048,
        "bw_samples" : 119,
        "iops_min" : 330,
        "iops_max" : 706,
        "iops_mean" : 548.134454,
        "iops_stddev" : 59.699661,
        "iops_samples" : 119
      },
      "trim" : {
        "io_bytes" : 0,
        "io_kbytes" : 0,
        "bw_bytes" : 0,
        "bw" : 0,
        "iops" : 0.000000,
        "runtime" : 0,
        "total_ios" : 0,
        "short_ios" : 0,
        "drop_ios" : 0,
        "slat_ns" : {
          "min" : 0,
          "max" : 0,
          "mean" : 0.000000,
          "stddev" : 0.000000,
          "N" : 0
        },
        "clat_ns" : {
          "min" : 0,
          "max" : 0,
          "mean" : 0.000000,
          "stddev" : 0.000000,
          "N" : 0
        },
        "lat_ns" : {
          "min" : 0,
          "max" : 0,
          "mean" : 0.000000,
          "stddev" : 0.000000,
          "N" : 0
        },
        "bw_min" : 0,
        "bw_max" : 0,
        "bw_agg" : 0.000000,
        "bw_mean" : 0.000000,
        "bw_dev" : 0.000000,
        "bw_samples" : 0,
        "iops_min" : 0,
        "iops_max" : 0,
        "iops_mean" : 0.000000,
        "iops_stddev" : 0.000000,
        "iops_samples" : 0
      },
      "sync" : {
        "total_ios" : 0,
        "lat_ns" : {
          "min" : 0,
          "max" : 0,
          "mean" : 0.000000,
          "stddev" : 0.000000,
          "N" : 0
        }
      },
      "job_runtime" : 60001,
      "usr_cpu" : 1.366644,
      "sys_cpu" : 3.069949,
      "ctx" : 99903,
      "majf" : 0,
      "minf" : 10,
      "iodepth_level" : {
        "1" : 100.000000,
        "2" : 0.000000,
        "4" : 0.000000,
        "8" : 0.000000,
        "16" : 0.000000,
        "32" : 0.000000,
        ">=64" : 0.000000
      },
      "iodepth_submit" : {
        "0" : 0.000000,
        "4" : 100.000000,
        "8" : 0.000000,
        "16" : 0.000000,
        "32" : 0.000000,
        "64" : 0.000000,
        ">=64" : 0.000000
      },
      "iodepth_complete" : {
        "0" : 0.000000,
        "4" : 100.000000,
        "8" : 0.000000,
        "16" : 0.000000,
        "32" : 0.000000,
        "64" : 0.000000,
        ">=64" : 0.000000
      },
      "latency_ns" : {
        "2" : 0.000000,
        "4" : 0.000000,
        "10" : 0.000000,
        "20" : 0.000000,
        "50" : 0.000000,
        "100" : 0.000000,
        "250" : 0.000000,
        "500" : 0.000000,
        "750" : 0.000000,
        "1000" : 0.000000
      },
      "latency_us" : {
        "2" : 0.000000,
        "4" : 0.000000,
        "10" : 0.000000,
        "20" : 0.000000,
        "50" : 0.000000,
        "100" : 0.000000,
        "250" : 27.775831,
        "500" : 54.463454,
        "750" : 0.917018,
        "1000" : 0.069077
      },
      "latency_ms" : {
        "2" : 7.240036,
        "4" : 9.250268,
        "10" : 0.252280,
        "20" : 0.028031,
        "50" : 0.010000,
        "100" : 0.000000,
        "250" : 0.000000,
        "500" : 0.000000,
        "750" : 0.000000,
        "1000" : 0.000000,
        "2000" : 0.000000,
        ">=2000" : 0.000000
      },
      "latency_depth" : 1,
      "latency_target" : 0,
      "latency_percentile" : 100.000000,
      "latency_window" : 0
    }
  ],
  "disk_util" : [
    {
      "name" : "nvme0n1",
      "read_ios" : 72814,
      "write_ios" : 36589,
      "read_sectors" : 69926144,
      "write_sectors" : 34717432,
      "read_merges" : 30,
      "write_merges" : 83,
      "read_ticks" : 52960,
      "write_ticks" : 18096,
      "in_queue" : 71133,
      "util" : 94.315358
    }
  ]
}
