{
  "fio version" : "fio-3.38",
  "timestamp" : 1729813358,
  "timestamp_ms" : 1729813358683,
  "time" : "Fri Oct 25 01:42:38 2024",
  "jobs" : [
    {
      "jobname" : "output",
      "groupid" : 0,
      "job_start" : 1729813298636,
      "error" : 0,
      "eta" : 0,
      "elapsed" : 61,
      "job options" : {
        "name" : "output",
        "loops" : "5",
        "runtime" : "60",
        "numjobs" : "1",
        "rwmixwrite" : "33",
        "bs" : "16384",
        "filesize" : "1G",
        "rw" : "randrw",
        "direct" : "1"
      },
      "read" : {
        "io_bytes" : 6170132480,
        "io_kbytes" : 6025520,
        "bw_bytes" : 102833827,
        "bw" : 100423,
        "iops" : 6276.478725,
        "runtime" : 60001,
        "total_ios" : 376595,
        "short_ios" : 0,
        "drop_ios" : 0,
        "slat_ns" : {
          "min" : 0,
          "max" : 0,
          "mean" : 0.000000,
          "stddev" : 0.000000,
          "N" : 0
        },
        "clat_ns" : {
          "min" : 67269,
          "max" : 42308378,
          "mean" : 148263.784710,
          "stddev" : 339073.573464,
          "N" : 376595,
          "percentile" : {
            "1.000000" : 69120,
            "5.000000" : 70144,
            "10.000000" : 70144,
            "20.000000" : 71168,
            "30.000000" : 73216,
            "40.000000" : 84480,
            "50.000000" : 85504,
            "60.000000" : 86528,
            "70.000000" : 87552,
            "80.000000" : 88576,
            "90.000000" : 100864,
            "95.000000" : 244736,
            "99.000000" : 1728512,
            "99.500000" : 1826816,
            "99.900000" : 2039808,
            "99.950000" : 2146304,
            "99.990000" : 5472256
          }
        },
        "lat_ns" : {
          "min" : 67303,
          "max" : 42308733,
          "mean" : 148313.588834,
          "stddev" : 339075.617854,
          "N" : 376595
        },
        "bw_min" : 69024,
        "bw_max" : 122560,
        "bw_agg" : 100.000000,
        "bw_mean" : 100564.436975,
        "bw_dev" : 11087.302627,
        "bw_samples" : 119,
        "iops_min" : 4314,
        "iops_max" : 7660,
        "iops_mean" : 6285.277311,
        "iops_stddev" : 692.956414,
        "iops_samples" : 119
      },
      "write" : {
        "io_bytes" : 3046752256,
        "io_kbytes" : 2975344,
        "bw_bytes" : 50778357,
        "bw" : 49588,
        "iops" : 3099.265012,
        "runtime" : 60001,
        "total_ios" : 185959,
        "short_ios" : 0,
        "drop_ios" : 0,
        "slat_ns" : {
          "min" : 0,
          "max" : 0,
          "mean" : 0.000000,
          "stddev" : 0.000000,
          "N" : 0
        },
        "clat_ns" : {
          "min" : 15688,
          "max" : 14798913,
          "mean" : 20579.706785,
          "stddev" : 57807.327979,
          "N" : 185959,
          "percentile" : {
            "1.000000" : 17024,
            "5.000000" : 17280,
            "10.000000" : 17280,
            "20.000000" : 17536,
            "30.000000" : 17792,
            "40.000000" : 17792,
            "50.000000" : 18048,
            "60.000000" : 18560,
            "70.000000" : 19072,
            "80.000000" : 19584,
            "90.000000" : 21632,
            "95.000000" : 28544,
            "99.000000" : 55040,
            "99.500000" : 84480,
            "99.900000" : 123392,
            "99.950000" : 136192,
            "99.990000" : 782336
          }
        },
        "lat_ns" : {
          "min" : 15978,
          "max" : 14799530,
          "mean" : 20884.001549,
          "stddev" : 57825.532423,
          "N" : 185959
        },
        "bw_min" : 34880,
        "bw_max" : 63648,
        "bw_agg" : 100.000000,
        "bw_mean" : 49663.193277,
        "bw_dev" : 5463.249162,
        "bw_samples" : 119,
        "iops_min" : 2180,
        "iops_max" : 3978,
        "iops_mean" : 3103.949580,
        "iops_stddev" : 341.453073,
        "iops_samples" : 119
      },
      "trim" : {
        "io_bytes" : 0,
        "io_kbytes" : 0,
        "bw_bytes" : 0,
        "bw" : 0,
        "iops" : 0.000000,
        "runtime" : 0,
        "total_ios" : 0,
        "short_ios" : 0,
        "drop_ios" : 0,
        "slat_ns" : {
          "min" : 0,
          "max" : 0,
          "mean" : 0.000000,
          "stddev" : 0.000000,
          "N" : 0
        },
        "clat_ns" : {
          "min" : 0,
          "max" : 0,
          "mean" : 0.000000,
          "stddev" : 0.000000,
          "N" : 0
        },
        "lat_ns" : {
          "min" : 0,
          "max" : 0,
          "mean" : 0.000000,
          "stddev" : 0.000000,
          "N" : 0
        },
        "bw_min" : 0,
        "bw_max" : 0,
        "bw_agg" : 0.000000,
        "bw_mean" : 0.000000,
        "bw_dev" : 0.000000,
        "bw_samples" : 0,
        "iops_min" : 0,
        "iops_max" : 0,
        "iops_mean" : 0.000000,
        "iops_stddev" : 0.000000,
        "iops_samples" : 0
      },
      "sync" : {
        "total_ios" : 0,
        "lat_ns" : {
          "min" : 0,
          "max" : 0,
          "mean" : 0.000000,
          "stddev" : 0.000000,
          "N" : 0
        }
      },
      "job_runtime" : 60000,
      "usr_cpu" : 0.963333,
      "sys_cpu" : 3.020000,
      "ctx" : 562590,
      "majf" : 0,
      "minf" : 12,
      "iodepth_level" : {
        "1" : 100.000000,
        "2" : 0.000000,
        "4" : 0.000000,
        "8" : 0.000000,
        "16" : 0.000000,
        "32" : 0.000000,
        ">=64" : 0.000000
      },
      "iodepth_submit" : {
        "0" : 0.000000,
        "4" : 100.000000,
        "8" : 0.000000,
        "16" : 0.000000,
        "32" : 0.000000,
        "64" : 0.000000,
        ">=64" : 0.000000
      },
      "iodepth_complete" : {
        "0" : 0.000000,
        "4" : 100.000000,
        "8" : 0.000000,
        "16" : 0.000000,
        "32" : 0.000000,
        "64" : 0.000000,
        ">=64" : 0.000000
      },
      "latency_ns" : {
        "2" : 0.000000,
        "4" : 0.000000,
        "10" : 0.000000,
        "20" : 0.000000,
        "50" : 0.000000,
        "100" : 0.000000,
        "250" : 0.000000,
        "500" : 0.000000,
        "750" : 0.000000,
        "1000" : 0.000000
      },
      "latency_us" : {
        "2" : 0.000000,
        "4" : 0.000000,
        "10" : 0.000000,
        "20" : 27.485184,
        "50" : 5.027784,
        "100" : 60.540321,
        "250" : 3.731375,
        "500" : 0.431603,
        "750" : 0.077148,
        "1000" : 0.106656
      },
      "latency_ms" : {
        "2" : 2.514425,
        "4" : 0.064172,
        "10" : 0.018843,
        "20" : 0.010000,
        "50" : 0.010000,
        "100" : 0.000000,
        "250" : 0.000000,
        "500" : 0.000000,
        "750" : 0.000000,
        "1000" : 0.000000,
        "2000" : 0.000000,
        ">=2000" : 0.000000
      },
      "latency_depth" : 1,
      "latency_target" : 0,
      "latency_percentile" : 100.000000,
      "latency_window" : 0
    }
  ],
  "disk_util" : [
    {
      "name" : "nvme0n1",
      "read_ios" : 380653,
      "write_ios" : 188186,
      "read_sectors" : 13133304,
      "write_sectors" : 6635920,
      "read_merges" : 30,
      "write_merges" : 63,
      "read_ticks" : 56079,
      "write_ticks" : 16413,
      "in_queue" : 72587,
      "util" : 95.012760
    }
  ]
}
