{
  "fio version" : "fio-3.38",
  "timestamp" : 1729813298,
  "timestamp_ms" : 1729813298392,
  "time" : "Fri Oct 25 01:41:38 2024",
  "jobs" : [
    {
      "jobname" : "output",
      "groupid" : 0,
      "job_start" : 1729813238354,
      "error" : 0,
      "eta" : 0,
      "elapsed" : 61,
      "job options" : {
        "name" : "output",
        "loops" : "5",
        "runtime" : "60",
        "numjobs" : "1",
        "rwmixwrite" : "33",
        "bs" : "8192",
        "filesize" : "1G",
        "rw" : "randrw",
        "direct" : "1"
      },
      "read" : {
        "io_bytes" : 4023451648,
        "io_kbytes" : 3929152,
        "bw_bytes" : 67056409,
        "bw" : 65484,
        "iops" : 8185.596907,
        "runtime" : 60001,
        "total_ios" : 491144,
        "short_ios" : 0,
        "drop_ios" : 0,
        "slat_ns" : {
          "min" : 0,
          "max" : 0,
          "mean" : 0.000000,
          "stddev" : 0.000000,
          "N" : 0
        },
        "clat_ns" : {
          "min" : 26169,
          "max" : 28612436,
          "mean" : 112863.295649,
          "stddev" : 231272.131107,
          "N" : 491144,
          "percentile" : {
            "1.000000" : 66048,
            "5.000000" : 67072,
            "10.000000" : 68096,
            "20.000000" : 68096,
            "30.000000" : 69120,
            "40.000000" : 70144,
            "50.000000" : 82432,
            "60.000000" : 83456,
            "70.000000" : 84480,
            "80.000000" : 85504,
            "90.000000" : 87552,
            "95.000000" : 102912,
            "99.000000" : 1531904,
            "99.500000" : 1695744,
            "99.900000" : 1925120,
            "99.950000" : 2007040,
            "99.990000" : 4882432
          }
        },
        "lat_ns" : {
          "min" : 26203,
          "max" : 28612750,
          "mean" : 112899.509765,
          "stddev" : 231272.804067,
          "N" : 491144
        },
        "bw_min" : 49136,
        "bw_max" : 73536,
        "bw_agg" : 100.000000,
        "bw_mean" : 65531.966387,
        "bw_dev" : 3696.615823,
        "bw_samples" : 119,
        "iops_min" : 6142,
        "iops_max" : 9192,
        "iops_mean" : 8191.495798,
        "iops_stddev" : 462.076978,
        "iops_samples" : 119
      },
      "write" : {
        "io_bytes" : 1986011136,
        "io_kbytes" : 1939464,
        "bw_bytes" : 33099633,
        "bw" : 32323,
        "iops" : 4040.482659,
        "runtime" : 60001,
        "total_ios" : 242433,
        "short_ios" : 0,
        "drop_ios" : 0,
        "slat_ns" : {
          "min" : 0,
          "max" : 0,
          "mean" : 0.000000,
          "stddev" : 0.000000,
          "N" : 0
        },
        "clat_ns" : {
          "min" : 12917,
          "max" : 42799865,
          "mean" : 17413.960971,
          "stddev" : 104769.692132,
          "N" : 242433,
          "percentile" : {
            "1.000000" : 14400,
            "5.000000" : 14656,
            "10.000000" : 14912,
            "20.000000" : 15040,
            "30.000000" : 15168,
            "40.000000" : 15424,
            "50.000000" : 15680,
            "60.000000" : 15936,
            "70.000000" : 16320,
            "80.000000" : 16768,
            "90.000000" : 17792,
            "95.000000" : 20352,
            "99.000000" : 43776,
            "99.500000" : 49408,
            "99.900000" : 91648,
            "99.950000" : 118272,
            "99.990000" : 1597440
          }
        },
        "lat_ns" : {
          "min" : 12967,
          "max" : 42800325,
          "mean" : 17503.568466,
          "stddev" : 104775.082003,
          "N" : 242433
        },
        "bw_min" : 24592,
        "bw_max" : 36912,
        "bw_agg" : 100.000000,
        "bw_mean" : 32355.092437,
        "bw_dev" : 1920.199173,
        "bw_samples" : 119,
        "iops_min" : 3074,
        "iops_max" : 4614,
        "iops_mean" : 4044.386555,
        "iops_stddev" : 240.024897,
        "iops_samples" : 119
      },
      "trim" : {
        "io_bytes" : 0,
        "io_kbytes" : 0,
        "bw_bytes" : 0,
        "bw" : 0,
        "iops" : 0.000000,
        "runtime" : 0,
        "total_ios" : 0,
        "short_ios" : 0,
        "drop_ios" : 0,
        "slat_ns" : {
          "min" : 0,
          "max" : 0,
          "mean" : 0.000000,
          "stddev" : 0.000000,
          "N" : 0
        },
        "clat_ns" : {
          "min" : 0,
          "max" : 0,
          "mean" : 0.000000,
          "stddev" : 0.000000,
          "N" : 0
        },
        "lat_ns" : {
          "min" : 0,
          "max" : 0,
          "mean" : 0.000000,
          "stddev" : 0.000000,
          "N" : 0
        },
        "bw_min" : 0,
        "bw_max" : 0,
        "bw_agg" : 0.000000,
        "bw_mean" : 0.000000,
        "bw_dev" : 0.000000,
        "bw_samples" : 0,
        "iops_min" : 0,
        "iops_max" : 0,
        "iops_mean" : 0.000000,
        "iops_stddev" : 0.000000,
        "iops_samples" : 0
      },
      "sync" : {
        "total_ios" : 0,
        "lat_ns" : {
          "min" : 0,
          "max" : 0,
          "mean" : 0.000000,
          "stddev" : 0.000000,
          "N" : 0
        }
      },
      "job_runtime" : 60000,
      "usr_cpu" : 1.020000,
      "sys_cpu" : 3.311667,
      "ctx" : 733578,
      "majf" : 0,
      "minf" : 11,
      "iodepth_level" : {
        "1" : 100.000000,
        "2" : 0.000000,
        "4" : 0.000000,
        "8" : 0.000000,
        "16" : 0.000000,
        "32" : 0.000000,
        ">=64" : 0.000000
      },
      "iodepth_submit" : {
        "0" : 0.000000,
        "4" : 100.000000,
        "8" : 0.000000,
        "16" : 0.000000,
        "32" : 0.000000,
        "64" : 0.000000,
        ">=64" : 0.000000
      },
      "iodepth_complete" : {
        "0" : 0.000000,
        "4" : 100.000000,
        "8" : 0.000000,
        "16" : 0.000000,
        "32" : 0.000000,
        "64" : 0.000000,
        ">=64" : 0.000000
      },
      "latency_ns" : {
        "2" : 0.000000,
        "4" : 0.000000,
        "10" : 0.000000,
        "20" : 0.000000,
        "50" : 0.000000,
        "100" : 0.000000,
        "250" : 0.000000,
        "500" : 0.000000,
        "750" : 0.000000,
        "1000" : 0.000000
      },
      "latency_us" : {
        "2" : 0.000000,
        "4" : 0.000000,
        "10" : 0.000000,
        "20" : 31.295147,
        "50" : 1.597378,
        "100" : 63.517940,
        "250" : 1.747056,
        "500" : 0.191391,
        "750" : 0.094741,
        "1000" : 0.144225
      },
      "latency_ms" : {
        "2" : 1.375043,
        "4" : 0.025628,
        "10" : 0.010088,
        "20" : 0.010000,
        "50" : 0.010000,
        "100" : 0.000000,
        "250" : 0.000000,
        "500" : 0.000000,
        "750" : 0.000000,
        "1000" : 0.000000,
        "2000" : 0.000000,
        ">=2000" : 0.000000
      },
      "latency_depth" : 1,
      "latency_target" : 0,
      "latency_percentile" : 100.000000,
      "latency_window" : 0
    }
  ],
  "disk_util" : [
    {
      "name" : "nvme0n1",
      "read_ios" : 494975,
      "write_ios" : 244447,
      "read_sectors" : 8908784,
      "write_sectors" : 4567512,
      "read_merges" : 30,
      "write_merges" : 53,
      "read_ticks" : 55349,
      "write_ticks" : 12194,
      "in_queue" : 67612,
      "util" : 95.171942
    }
  ]
}
