{
  "fio version" : "fio-3.38",
  "timestamp" : 1729813177,
  "timestamp_ms" : 1729813177826,
  "time" : "Fri Oct 25 01:39:37 2024",
  "jobs" : [
    {
      "jobname" : "output",
      "groupid" : 0,
      "job_start" : 1729813117779,
      "error" : 0,
      "eta" : 0,
      "elapsed" : 61,
      "job options" : {
        "name" : "output",
        "loops" : "5",
        "runtime" : "60",
        "numjobs" : "1",
        "rwmixwrite" : "33",
        "bs" : "2048",
        "filesize" : "1G",
        "rw" : "randrw",
        "direct" : "1"
      },
      "read" : {
        "io_bytes" : 1229887488,
        "io_kbytes" : 1201062,
        "bw_bytes" : 20498124,
        "bw" : 20017,
        "iops" : 10008.850000,
        "runtime" : 60000,
        "total_ios" : 600531,
        "short_ios" : 0,
        "drop_ios" : 0,
        "slat_ns" : {
          "min" : 0,
          "max" : 0,
          "mean" : 0.000000,
          "stddev" : 0.000000,
          "N" : 0
        },
        "clat_ns" : {
          "min" : 20623,
          "max" : 31825243,
          "mean" : 91821.080895,
          "stddev" : 169669.433930,
          "N" : 600531,
          "percentile" : {
            "1.000000" : 59648,
            "5.000000" : 65280,
            "10.000000" : 66048,
            "20.000000" : 67072,
            "30.000000" : 68096,
            "40.000000" : 69120,
            "50.000000" : 71168,
            "60.000000" : 74240,
            "70.000000" : 82432,
            "80.000000" : 84480,
            "90.000000" : 86528,
            "95.000000" : 103936,
            "99.000000" : 823296,
            "99.500000" : 1384448,
            "99.900000" : 1728512,
            "99.950000" : 1843200,
            "99.990000" : 4079616
          }
        },
        "lat_ns" : {
          "min" : 20653,
          "max" : 31826005,
          "mean" : 91862.693458,
          "stddev" : 169671.540654,
          "N" : 600531
        },
        "bw_min" : 13924,
        "bw_max" : 21168,
        "bw_agg" : 100.000000,
        "bw_mean" : 20030.823529,
        "bw_dev" : 994.490770,
        "bw_samples" : 119,
        "iops_min" : 6962,
        "iops_max" : 10584,
        "iops_mean" : 10015.411765,
        "iops_stddev" : 497.245385,
        "iops_samples" : 119
      },
      "write" : {
        "io_bytes" : 607145984,
        "io_kbytes" : 592916,
        "bw_bytes" : 10119099,
        "bw" : 9881,
        "iops" : 4940.966667,
        "runtime" : 60000,
        "total_ios" : 296458,
        "short_ios" : 0,
        "drop_ios" : 0,
        "slat_ns" : {
          "min" : 0,
          "max" : 0,
          "mean" : 0.000000,
          "stddev" : 0.000000,
          "N" : 0
        },
        "clat_ns" : {
          "min" : 11125,
          "max" : 13344045,
          "mean" : 15061.538215,
          "stddev" : 60830.825800,
          "N" : 296458,
          "percentile" : {
            "1.000000" : 12352,
            "5.000000" : 12608,
            "10.000000" : 12736,
            "20.000000" : 12864,
            "30.000000" : 13120,
            "40.000000" : 13376,
            "50.000000" : 13760,
            "60.000000" : 14016,
            "70.000000" : 14272,
            "80.000000" : 14784,
            "90.000000" : 15808,
            "95.000000" : 18048,
            "99.000000" : 36608,
            "99.500000" : 43776,
            "99.900000" : 58624,
            "99.950000" : 88576,
            "99.990000" : 552960
          }
        },
        "lat_ns" : {
          "min" : 11165,
          "max" : 13344256,
          "mean" : 15121.852478,
          "stddev" : 60834.378689,
          "N" : 296458
        },
        "bw_min" : 6912,
        "bw_max" : 10644,
        "bw_agg" : 100.000000,
        "bw_mean" : 9887.663866,
        "bw_dev" : 531.318958,
        "bw_samples" : 119,
        "iops_min" : 3456,
        "iops_max" : 5322,
        "iops_mean" : 4943.823529,
        "iops_stddev" : 265.659864,
        "iops_samples" : 119
      },
      "trim" : {
        "io_bytes" : 0,
        "io_kbytes" : 0,
        "bw_bytes" : 0,
        "bw" : 0,
        "iops" : 0.000000,
        "runtime" : 0,
        "total_ios" : 0,
        "short_ios" : 0,
        "drop_ios" : 0,
        "slat_ns" : {
          "min" : 0,
          "max" : 0,
          "mean" : 0.000000,
          "stddev" : 0.000000,
          "N" : 0
        },
        "clat_ns" : {
          "min" : 0,
          "max" : 0,
          "mean" : 0.000000,
          "stddev" : 0.000000,
          "N" : 0
        },
        "lat_ns" : {
          "min" : 0,
          "max" : 0,
          "mean" : 0.000000,
          "stddev" : 0.000000,
          "N" : 0
        },
        "bw_min" : 0,
        "bw_max" : 0,
        "bw_agg" : 0.000000,
        "bw_mean" : 0.000000,
        "bw_dev" : 0.000000,
        "bw_samples" : 0,
        "iops_min" : 0,
        "iops_max" : 0,
        "iops_mean" : 0.000000,
        "iops_stddev" : 0.000000,
        "iops_samples" : 0
      },
      "sync" : {
        "total_ios" : 0,
        "lat_ns" : {
          "min" : 0,
          "max" : 0,
          "mean" : 0.000000,
          "stddev" : 0.000000,
          "N" : 0
        }
      },
      "job_runtime" : 60000,
      "usr_cpu" : 1.020000,
      "sys_cpu" : 3.455000,
      "ctx" : 896982,
      "majf" : 0,
      "minf" : 11,
      "iodepth_level" : {
        "1" : 100.000000,
        "2" : 0.000000,
        "4" : 0.000000,
        "8" : 0.000000,
        "16" : 0.000000,
        "32" : 0.000000,
        ">=64" : 0.000000
      },
      "iodepth_submit" : {
        "0" : 0.000000,
        "4" : 100.000000,
        "8" : 0.000000,
        "16" : 0.000000,
        "32" : 0.000000,
        "64" : 0.000000,
        ">=64" : 0.000000
      },
      "iodepth_complete" : {
        "0" : 0.000000,
        "4" : 100.000000,
        "8" : 0.000000,
        "16" : 0.000000,
        "32" : 0.000000,
        "64" : 0.000000,
        ">=64" : 0.000000
      },
      "latency_ns" : {
        "2" : 0.000000,
        "4" : 0.000000,
        "10" : 0.000000,
        "20" : 0.000000,
        "50" : 0.000000,
        "100" : 0.000000,
        "250" : 0.000000,
        "500" : 0.000000,
        "750" : 0.000000,
        "1000" : 0.000000
      },
      "latency_us" : {
        "2" : 0.000000,
        "4" : 0.000000,
        "10" : 0.000000,
        "20" : 31.823913,
        "50" : 1.236470,
        "100" : 63.232771,
        "250" : 2.764359,
        "500" : 0.136234,
        "750" : 0.097772,
        "1000" : 0.123078
      },
      "latency_ms" : {
        "2" : 0.569572,
        "4" : 0.010000,
        "10" : 0.010000,
        "20" : 0.010000,
        "50" : 0.010000,
        "100" : 0.000000,
        "250" : 0.000000,
        "500" : 0.000000,
        "750" : 0.000000,
        "1000" : 0.000000,
        "2000" : 0.000000,
        ">=2000" : 0.000000
      },
      "latency_depth" : 1,
      "latency_target" : 0,
      "latency_percentile" : 100.000000,
      "latency_window" : 0
    }
  ],
  "disk_util" : [
    {
      "name" : "nvme0n1",
      "read_ios" : 604552,
      "write_ios" : 298300,
      "read_sectors" : 3618316,
      "write_sectors" : 1877140,
      "read_merges" : 30,
      "write_merges" : 100,
      "read_ticks" : 55010,
      "write_ticks" : 12104,
      "in_queue" : 67252,
      "util" : 94.462421
    }
  ]
}
