{
  "fio version" : "fio-3.38",
  "timestamp" : 1729813117,
  "timestamp_ms" : 1729813117535,
  "time" : "Fri Oct 25 01:38:37 2024",
  "jobs" : [
    {
      "jobname" : "output",
      "groupid" : 0,
      "job_start" : 1729813057488,
      "error" : 0,
      "eta" : 0,
      "elapsed" : 61,
      "job options" : {
        "name" : "output",
        "loops" : "5",
        "runtime" : "60",
        "numjobs" : "1",
        "rwmixwrite" : "33",
        "bs" : "1024",
        "filesize" : "1G",
        "rw" : "randrw",
        "direct" : "1"
      },
      "read" : {
        "io_bytes" : 618960896,
        "io_kbytes" : 604454,
        "bw_bytes" : 10315843,
        "bw" : 10074,
        "iops" : 10074.065432,
        "runtime" : 60001,
        "total_ios" : 604454,
        "short_ios" : 0,
        "drop_ios" : 0,
        "slat_ns" : {
          "min" : 0,
          "max" : 0,
          "mean" : 0.000000,
          "stddev" : 0.000000,
          "N" : 0
        },
        "clat_ns" : {
          "min" : 19756,
          "max" : 42432754,
          "mean" : 91321.521629,
          "stddev" : 173000.721406,
          "N" : 604454,
          "percentile" : {
            "1.000000" : 59648,
            "5.000000" : 64768,
            "10.000000" : 66048,
            "20.000000" : 67072,
            "30.000000" : 68096,
            "40.000000" : 69120,
            "50.000000" : 70144,
            "60.000000" : 74240,
            "70.000000" : 82432,
            "80.000000" : 84480,
            "90.000000" : 86528,
            "95.000000" : 103936,
            "99.000000" : 806912,
            "99.500000" : 1384448,
            "99.900000" : 1744896,
            "99.950000" : 1875968,
            "99.990000" : 4358144
          }
        },
        "lat_ns" : {
          "min" : 19790,
          "max" : 42432798,
          "mean" : 91366.724692,
          "stddev" : 173008.588914,
          "N" : 604454
        },
        "bw_min" : 8252,
        "bw_max" : 10696,
        "bw_agg" : 100.000000,
        "bw_mean" : 10079.680672,
        "bw_dev" : 474.994664,
        "bw_samples" : 119,
        "iops_min" : 8252,
        "iops_max" : 10696,
        "iops_mean" : 10079.680672,
        "iops_stddev" : 475.047258,
        "iops_samples" : 119
      },
      "write" : {
        "io_bytes" : 305441792,
        "io_kbytes" : 298283,
        "bw_bytes" : 5090611,
        "bw" : 4971,
        "iops" : 4971.300478,
        "runtime" : 60001,
        "total_ios" : 298283,
        "short_ios" : 0,
        "drop_ios" : 0,
        "slat_ns" : {
          "min" : 0,
          "max" : 0,
          "mean" : 0.000000,
          "stddev" : 0.000000,
          "N" : 0
        },
        "clat_ns" : {
          "min" : 10625,
          "max" : 16275031,
          "mean" : 14754.273321,
          "stddev" : 71031.124524,
          "N" : 298283,
          "percentile" : {
            "1.000000" : 11968,
            "5.000000" : 12224,
            "10.000000" : 12352,
            "20.000000" : 12480,
            "30.000000" : 12736,
            "40.000000" : 12864,
            "50.000000" : 13120,
            "60.000000" : 13376,
            "70.000000" : 13888,
            "80.000000" : 14400,
            "90.000000" : 15552,
            "95.000000" : 18560,
            "99.000000" : 35584,
            "99.500000" : 43776,
            "99.900000" : 58112,
            "99.950000" : 85504,
            "99.990000" : 1400832
          }
        },
        "lat_ns" : {
          "min" : 10686,
          "max" : 16276220,
          "mean" : 14812.555597,
          "stddev" : 71035.385502,
          "N" : 298283
        },
        "bw_min" : 4110,
        "bw_max" : 5398,
        "bw_agg" : 100.000000,
        "bw_mean" : 4975.747899,
        "bw_dev" : 243.349725,
        "bw_samples" : 119,
        "iops_min" : 4110,
        "iops_max" : 5398,
        "iops_mean" : 4975.747899,
        "iops_stddev" : 243.349725,
        "iops_samples" : 119
      },
      "trim" : {
        "io_bytes" : 0,
        "io_kbytes" : 0,
        "bw_bytes" : 0,
        "bw" : 0,
        "iops" : 0.000000,
        "runtime" : 0,
        "total_ios" : 0,
        "short_ios" : 0,
        "drop_ios" : 0,
        "slat_ns" : {
          "min" : 0,
          "max" : 0,
          "mean" : 0.000000,
          "stddev" : 0.000000,
          "N" : 0
        },
        "clat_ns" : {
          "min" : 0,
          "max" : 0,
          "mean" : 0.000000,
          "stddev" : 0.000000,
          "N" : 0
        },
        "lat_ns" : {
          "min" : 0,
          "max" : 0,
          "mean" : 0.000000,
          "stddev" : 0.000000,
          "N" : 0
        },
        "bw_min" : 0,
        "bw_max" : 0,
        "bw_agg" : 0.000000,
        "bw_mean" : 0.000000,
        "bw_dev" : 0.000000,
        "bw_samples" : 0,
        "iops_min" : 0,
        "iops_max" : 0,
        "iops_mean" : 0.000000,
        "iops_stddev" : 0.000000,
        "iops_samples" : 0
      },
      "sync" : {
        "total_ios" : 0,
        "lat_ns" : {
          "min" : 0,
          "max" : 0,
          "mean" : 0.000000,
          "stddev" : 0.000000,
          "N" : 0
        }
      },
      "job_runtime" : 60000,
      "usr_cpu" : 1.161667,
      "sys_cpu" : 3.348333,
      "ctx" : 902737,
      "majf" : 0,
      "minf" : 14,
      "iodepth_level" : {
        "1" : 100.000000,
        "2" : 0.000000,
        "4" : 0.000000,
        "8" : 0.000000,
        "16" : 0.000000,
        "32" : 0.000000,
        ">=64" : 0.000000
      },
      "iodepth_submit" : {
        "0" : 0.000000,
        "4" : 100.000000,
        "8" : 0.000000,
        "16" : 0.000000,
        "32" : 0.000000,
        "64" : 0.000000,
        ">=64" : 0.000000
      },
      "iodepth_complete" : {
        "0" : 0.000000,
        "4" : 100.000000,
        "8" : 0.000000,
        "16" : 0.000000,
        "32" : 0.000000,
        "64" : 0.000000,
        ">=64" : 0.000000
      },
      "latency_ns" : {
        "2" : 0.000000,
        "4" : 0.000000,
        "10" : 0.000000,
        "20" : 0.000000,
        "50" : 0.000000,
        "100" : 0.000000,
        "250" : 0.000000,
        "500" : 0.000000,
        "750" : 0.000000,
        "1000" : 0.000000
      },
      "latency_us" : {
        "2" : 0.000000,
        "4" : 0.000000,
        "10" : 0.000000,
        "20" : 31.850029,
        "50" : 1.184287,
        "100" : 63.300053,
        "250" : 2.734351,
        "500" : 0.130714,
        "750" : 0.103242,
        "1000" : 0.122184
      },
      "latency_ms" : {
        "2" : 0.555644,
        "4" : 0.010302,
        "10" : 0.010000,
        "20" : 0.010000,
        "50" : 0.010000,
        "100" : 0.000000,
        "250" : 0.000000,
        "500" : 0.000000,
        "750" : 0.000000,
        "1000" : 0.000000,
        "2000" : 0.000000,
        ">=2000" : 0.000000
      },
      "latency_depth" : 1,
      "latency_target" : 0,
      "latency_percentile" : 100.000000,
      "latency_window" : 0
    }
  ],
  "disk_util" : [
    {
      "name" : "nvme0n1",
      "read_ios" : 608729,
      "write_ios" : 300291,
      "read_sectors" : 2487622,
      "write_sectors" : 1291266,
      "read_merges" : 30,
      "write_merges" : 59,
      "read_ticks" : 55128,
      "write_ticks" : 11163,
      "in_queue" : 66438,
      "util" : 93.623338
    }
  ]
}
