{
  "fio version" : "fio-3.38",
  "timestamp" : 1729813238,
  "timestamp_ms" : 1729813238109,
  "time" : "Fri Oct 25 01:40:38 2024",
  "jobs" : [
    {
      "jobname" : "output",
      "groupid" : 0,
      "job_start" : 1729813178071,
      "error" : 0,
      "eta" : 0,
      "elapsed" : 61,
      "job options" : {
        "name" : "output",
        "loops" : "5",
        "runtime" : "60",
        "numjobs" : "1",
        "rwmixwrite" : "33",
        "bs" : "4096",
        "filesize" : "1G",
        "rw" : "randrw",
        "direct" : "1"
      },
      "read" : {
        "io_bytes" : 2512084992,
        "io_kbytes" : 2453208,
        "bw_bytes" : 41867385,
        "bw" : 40886,
        "iops" : 10221.529641,
        "runtime" : 60001,
        "total_ios" : 613302,
        "short_ios" : 0,
        "drop_ios" : 0,
        "slat_ns" : {
          "min" : 0,
          "max" : 0,
          "mean" : 0.000000,
          "stddev" : 0.000000,
          "N" : 0
        },
        "clat_ns" : {
          "min" : 14175,
          "max" : 48427751,
          "mean" : 89335.436283,
          "stddev" : 173308.964288,
          "N" : 613302,
          "percentile" : {
            "1.000000" : 59136,
            "5.000000" : 65280,
            "10.000000" : 66048,
            "20.000000" : 66048,
            "30.000000" : 67072,
            "40.000000" : 68096,
            "50.000000" : 68096,
            "60.000000" : 70144,
            "70.000000" : 81408,
            "80.000000" : 82432,
            "90.000000" : 83456,
            "95.000000" : 86528,
            "99.000000" : 847872,
            "99.500000" : 1400832,
            "99.900000" : 1744896,
            "99.950000" : 1859584,
            "99.990000" : 4227072
          }
        },
        "lat_ns" : {
          "min" : 14255,
          "max" : 48428640,
          "mean" : 89377.015187,
          "stddev" : 173310.263588,
          "N" : 613302
        },
        "bw_min" : 32552,
        "bw_max" : 43920,
        "bw_agg" : 100.000000,
        "bw_mean" : 40900.873950,
        "bw_dev" : 2126.357475,
        "bw_samples" : 119,
        "iops_min" : 8138,
        "iops_max" : 10980,
        "iops_mean" : 10225.218487,
        "iops_stddev" : 531.589369,
        "iops_samples" : 119
      },
      "write" : {
        "io_bytes" : 1238974464,
        "io_kbytes" : 1209936,
        "bw_bytes" : 20649230,
        "bw" : 20165,
        "iops" : 5041.315978,
        "runtime" : 60001,
        "total_ios" : 302484,
        "short_ios" : 0,
        "drop_ios" : 0,
        "slat_ns" : {
          "min" : 0,
          "max" : 0,
          "mean" : 0.000000,
          "stddev" : 0.000000,
          "N" : 0
        },
        "clat_ns" : {
          "min" : 11701,
          "max" : 50536053,
          "mean" : 15867.688231,
          "stddev" : 148645.506931,
          "N" : 302484,
          "percentile" : {
            "1.000000" : 12992,
            "5.000000" : 13248,
            "10.000000" : 13376,
            "20.000000" : 13504,
            "30.000000" : 13760,
            "40.000000" : 14016,
            "50.000000" : 14400,
            "60.000000" : 14528,
            "70.000000" : 14912,
            "80.000000" : 15296,
            "90.000000" : 16320,
            "95.000000" : 18304,
            "99.000000" : 35584,
            "99.500000" : 44288,
            "99.900000" : 62720,
            "99.950000" : 99840,
            "99.990000" : 880640
          }
        },
        "lat_ns" : {
          "min" : 11787,
          "max" : 50536734,
          "mean" : 15955.962577,
          "stddev" : 148648.603142,
          "N" : 302484
        },
        "bw_min" : 16408,
        "bw_max" : 21808,
        "bw_agg" : 100.000000,
        "bw_mean" : 20177.596639,
        "bw_dev" : 1029.227473,
        "bw_samples" : 119,
        "iops_min" : 4102,
        "iops_max" : 5452,
        "iops_mean" : 5044.394958,
        "iops_stddev" : 257.305306,
        "iops_samples" : 119
      },
      "trim" : {
        "io_bytes" : 0,
        "io_kbytes" : 0,
        "bw_bytes" : 0,
        "bw" : 0,
        "iops" : 0.000000,
        "runtime" : 0,
        "total_ios" : 0,
        "short_ios" : 0,
        "drop_ios" : 0,
        "slat_ns" : {
          "min" : 0,
          "max" : 0,
          "mean" : 0.000000,
          "stddev" : 0.000000,
          "N" : 0
        },
        "clat_ns" : {
          "min" : 0,
          "max" : 0,
          "mean" : 0.000000,
          "stddev" : 0.000000,
          "N" : 0
        },
        "lat_ns" : {
          "min" : 0,
          "max" : 0,
          "mean" : 0.000000,
          "stddev" : 0.000000,
          "N" : 0
        },
        "bw_min" : 0,
        "bw_max" : 0,
        "bw_agg" : 0.000000,
        "bw_mean" : 0.000000,
        "bw_dev" : 0.000000,
        "bw_samples" : 0,
        "iops_min" : 0,
        "iops_max" : 0,
        "iops_mean" : 0.000000,
        "iops_stddev" : 0.000000,
        "iops_samples" : 0
      },
      "sync" : {
        "total_ios" : 0,
        "lat_ns" : {
          "min" : 0,
          "max" : 0,
          "mean" : 0.000000,
          "stddev" : 0.000000,
          "N" : 0
        }
      },
      "job_runtime" : 60000,
      "usr_cpu" : 1.085000,
      "sys_cpu" : 3.486667,
      "ctx" : 915786,
      "majf" : 0,
      "minf" : 11,
      "iodepth_level" : {
        "1" : 100.000000,
        "2" : 0.000000,
        "4" : 0.000000,
        "8" : 0.000000,
        "16" : 0.000000,
        "32" : 0.000000,
        ">=64" : 0.000000
      },
      "iodepth_submit" : {
        "0" : 0.000000,
        "4" : 100.000000,
        "8" : 0.000000,
        "16" : 0.000000,
        "32" : 0.000000,
        "64" : 0.000000,
        ">=64" : 0.000000
      },
      "iodepth_complete" : {
        "0" : 0.000000,
        "4" : 100.000000,
        "8" : 0.000000,
        "16" : 0.000000,
        "32" : 0.000000,
        "64" : 0.000000,
        ">=64" : 0.000000
      },
      "latency_ns" : {
        "2" : 0.000000,
        "4" : 0.000000,
        "10" : 0.000000,
        "20" : 0.000000,
        "50" : 0.000000,
        "100" : 0.000000,
        "250" : 0.000000,
        "500" : 0.000000,
        "750" : 0.000000,
        "1000" : 0.000000
      },
      "latency_us" : {
        "2" : 0.000000,
        "4" : 0.000000,
        "10" : 0.000000,
        "20" : 31.862247,
        "50" : 1.094579,
        "100" : 65.205081,
        "250" : 0.906544,
        "500" : 0.114437,
        "750" : 0.098167,
        "1000" : 0.121753
      },
      "latency_ms" : {
        "2" : 0.577646,
        "4" : 0.010920,
        "10" : 0.010000,
        "20" : 0.010000,
        "50" : 0.010000,
        "100" : 0.010000,
        "250" : 0.000000,
        "500" : 0.000000,
        "750" : 0.000000,
        "1000" : 0.000000,
        "2000" : 0.000000,
        ">=2000" : 0.000000
      },
      "latency_depth" : 1,
      "latency_target" : 0,
      "latency_percentile" : 100.000000,
      "latency_window" : 0
    }
  ],
  "disk_util" : [
    {
      "name" : "nvme0n1",
      "read_ios" : 617567,
      "write_ios" : 305722,
      "read_sectors" : 5996648,
      "write_sectors" : 3537984,
      "read_merges" : 30,
      "write_merges" : 72,
      "read_ticks" : 54938,
      "write_ticks" : 19279,
      "in_queue" : 74297,
      "util" : 93.904473
    }
  ]
}
