{
  "fio version" : "fio-3.38",
  "timestamp" : 1729813720,
  "timestamp_ms" : 1729813720487,
  "time" : "Fri Oct 25 01:48:40 2024",
  "jobs" : [
    {
      "jobname" : "output",
      "groupid" : 0,
      "job_start" : 1729813660446,
      "error" : 0,
      "eta" : 0,
      "elapsed" : 61,
      "job options" : {
        "name" : "output",
        "loops" : "5",
        "runtime" : "60",
        "numjobs" : "1",
        "rwmixwrite" : "33",
        "bs" : "1048576",
        "filesize" : "1G",
        "rw" : "randrw",
        "direct" : "1"
      },
      "read" : {
        "io_bytes" : 45157974016,
        "io_kbytes" : 44099584,
        "bw_bytes" : 752620356,
        "bw" : 734980,
        "iops" : 717.754704,
        "runtime" : 60001,
        "total_ios" : 43066,
        "short_ios" : 0,
        "drop_ios" : 0,
        "slat_ns" : {
          "min" : 0,
          "max" : 0,
          "mean" : 0.000000,
          "stddev" : 0.000000,
          "N" : 0
        },
        "clat_ns" : {
          "min" : 390744,
          "max" : 28106985,
          "mean" : 1160860.423002,
          "stddev" : 1161434.959105,
          "N" : 43066,
          "percentile" : {
            "1.000000" : 403456,
            "5.000000" : 411648,
            "10.000000" : 419840,
            "20.000000" : 444416,
            "30.000000" : 477184,
            "40.000000" : 489472,
            "50.000000" : 497664,
            "60.000000" : 514048,
            "70.000000" : 1875968,
            "80.000000" : 2179072,
            "90.000000" : 2539520,
            "95.000000" : 3325952,
            "99.000000" : 4882432,
            "99.500000" : 5603328,
            "99.900000" : 8978432,
            "99.950000" : 12517376,
            "99.990000" : 17694720
          }
        },
        "lat_ns" : {
          "min" : 390809,
          "max" : 28107197,
          "mean" : 1161026.520968,
          "stddev" : 1161424.187439,
          "N" : 43066
        },
        "bw_min" : 540672,
        "bw_max" : 876544,
        "bw_agg" : 100.000000,
        "bw_mean" : 735627.831933,
        "bw_dev" : 54103.107829,
        "bw_samples" : 119,
        "iops_min" : 528,
        "iops_max" : 856,
        "iops_mean" : 718.386555,
        "iops_stddev" : 52.835066,
        "iops_samples" : 119
      },
      "write" : {
        "io_bytes" : 22261268480,
        "io_kbytes" : 21739520,
        "bw_bytes" : 371014957,
        "bw" : 362319,
        "iops" : 353.827436,
        "runtime" : 60001,
        "total_ios" : 21230,
        "short_ios" : 0,
        "drop_ios" : 0,
        "slat_ns" : {
          "min" : 0,
          "max" : 0,
          "mean" : 0.000000,
          "stddev" : 0.000000,
          "N" : 0
        },
        "clat_ns" : {
          "min" : 330699,
          "max" : 48359075,
          "mean" : 428297.321715,
          "stddev" : 433264.650150,
          "N" : 21230,
          "percentile" : {
            "1.000000" : 333824,
            "5.000000" : 333824,
            "10.000000" : 337920,
            "20.000000" : 346112,
            "30.000000" : 362496,
            "40.000000" : 399360,
            "50.000000" : 419840,
            "60.000000" : 473088,
            "70.000000" : 481280,
            "80.000000" : 489472,
            "90.000000" : 497664,
            "95.000000" : 505856,
            "99.000000" : 544768,
            "99.500000" : 552960,
            "99.900000" : 593920,
            "99.950000" : 626688,
            "99.990000" : 5603328
          }
        },
        "lat_ns" : {
          "min" : 347292,
          "max" : 48413850,
          "mean" : 464253.442628,
          "stddev" : 433689.826282,
          "N" : 21230
        },
        "bw_min" : 294912,
        "bw_max" : 434176,
        "bw_agg" : 100.000000,
        "bw_mean" : 362685.310924,
        "bw_dev" : 23168.928001,
        "bw_samples" : 119,
        "iops_min" : 288,
        "iops_max" : 424,
        "iops_mean" : 354.184874,
        "iops_stddev" : 22.625906,
        "iops_samples" : 119
      },
      "trim" : {
        "io_bytes" : 0,
        "io_kbytes" : 0,
        "bw_bytes" : 0,
        "bw" : 0,
        "iops" : 0.000000,
        "runtime" : 0,
        "total_ios" : 0,
        "short_ios" : 0,
        "drop_ios" : 0,
        "slat_ns" : {
          "min" : 0,
          "max" : 0,
          "mean" : 0.000000,
          "stddev" : 0.000000,
          "N" : 0
        },
        "clat_ns" : {
          "min" : 0,
          "max" : 0,
          "mean" : 0.000000,
          "stddev" : 0.000000,
          "N" : 0
        },
        "lat_ns" : {
          "min" : 0,
          "max" : 0,
          "mean" : 0.000000,
          "stddev" : 0.000000,
          "N" : 0
        },
        "bw_min" : 0,
        "bw_max" : 0,
        "bw_agg" : 0.000000,
        "bw_mean" : 0.000000,
        "bw_dev" : 0.000000,
        "bw_samples" : 0,
        "iops_min" : 0,
        "iops_max" : 0,
        "iops_mean" : 0.000000,
        "iops_stddev" : 0.000000,
        "iops_samples" : 0
      },
      "sync" : {
        "total_ios" : 0,
        "lat_ns" : {
          "min" : 0,
          "max" : 0,
          "mean" : 0.000000,
          "stddev" : 0.000000,
          "N" : 0
        }
      },
      "job_runtime" : 60000,
      "usr_cpu" : 1.770000,
      "sys_cpu" : 3.051667,
      "ctx" : 64308,
      "majf" : 0,
      "minf" : 10,
      "iodepth_level" : {
        "1" : 100.000000,
        "2" : 0.000000,
        "4" : 0.000000,
        "8" : 0.000000,
        "16" : 0.000000,
        "32" : 0.000000,
        ">=64" : 0.000000
      },
      "iodepth_submit" : {
        "0" : 0.000000,
        "4" : 100.000000,
        "8" : 0.000000,
        "16" : 0.000000,
        "32" : 0.000000,
        "64" : 0.000000,
        ">=64" : 0.000000
      },
      "iodepth_complete" : {
        "0" : 0.000000,
        "4" : 100.000000,
        "8" : 0.000000,
        "16" : 0.000000,
        "32" : 0.000000,
        "64" : 0.000000,
        ">=64" : 0.000000
      },
      "latency_ns" : {
        "2" : 0.000000,
        "4" : 0.000000,
        "10" : 0.000000,
        "20" : 0.000000,
        "50" : 0.000000,
        "100" : 0.000000,
        "250" : 0.000000,
        "500" : 0.000000,
        "750" : 0.000000,
        "1000" : 0.000000
      },
      "latency_us" : {
        "2" : 0.000000,
        "4" : 0.000000,
        "10" : 0.000000,
        "20" : 0.000000,
        "50" : 0.000000,
        "100" : 0.000000,
        "250" : 0.000000,
        "500" : 65.453527,
        "750" : 12.792398,
        "1000" : 0.077765
      },
      "latency_ms" : {
        "2" : 3.864937,
        "4" : 16.689996,
        "10" : 1.060719,
        "20" : 0.052880,
        "50" : 0.010000,
        "100" : 0.000000,
        "250" : 0.000000,
        "500" : 0.000000,
        "750" : 0.000000,
        "1000" : 0.000000,
        "2000" : 0.000000,
        ">=2000" : 0.000000
      },
      "latency_depth" : 1,
      "latency_target" : 0,
      "latency_percentile" : 100.000000,
      "latency_window" : 0
    }
  ],
  "disk_util" : [
    {
      "name" : "nvme0n1",
      "read_ios" : 90526,
      "write_ios" : 44575,
      "read_sectors" : 89133760,
      "write_sectors" : 43778672,
      "read_merges" : 0,
      "write_merges" : 52,
      "read_ticks" : 95374,
      "write_ticks" : 21092,
      "in_queue" : 116549,
      "util" : 93.735719
    }
  ]
}
