{
  "fio version" : "fio-3.38",
  "timestamp" : 1729813599,
  "timestamp_ms" : 1729813599906,
  "time" : "Fri Oct 25 01:46:39 2024",
  "jobs" : [
    {
      "jobname" : "output",
      "groupid" : 0,
      "job_start" : 1729813539847,
      "error" : 0,
      "eta" : 0,
      "elapsed" : 61,
      "job options" : {
        "name" : "output",
        "loops" : "5",
        "runtime" : "60",
        "numjobs" : "1",
        "rwmixwrite" : "33",
        "bs" : "262144",
        "filesize" : "1G",
        "rw" : "randrw",
        "direct" : "1"
      },
      "read" : {
        "io_bytes" : 25231884288,
        "io_kbytes" : 24640512,
        "bw_bytes" : 420517387,
        "bw" : 410661,
        "iops" : 1604.146528,
        "runtime" : 60002,
        "total_ios" : 96252,
        "short_ios" : 0,
        "drop_ios" : 0,
        "slat_ns" : {
          "min" : 0,
          "max" : 0,
          "mean" : 0.000000,
          "stddev" : 0.000000,
          "N" : 0
        },
        "clat_ns" : {
          "min" : 151938,
          "max" : 33336897,
          "mean" : 546844.339692,
          "stddev" : 739143.510690,
          "N" : 96252,
          "percentile" : {
            "1.000000" : 158720,
            "5.000000" : 160768,
            "10.000000" : 164864,
            "20.000000" : 171008,
            "30.000000" : 181248,
            "40.000000" : 214016,
            "50.000000" : 232448,
            "60.000000" : 242688,
            "70.000000" : 259072,
            "80.000000" : 481280,
            "90.000000" : 1892352,
            "95.000000" : 2056192,
            "99.000000" : 2342912,
            "99.500000" : 2473984,
            "99.900000" : 5406720,
            "99.950000" : 5931008,
            "99.990000" : 11599872
          }
        },
        "lat_ns" : {
          "min" : 151969,
          "max" : 33337130,
          "mean" : 546968.230146,
          "stddev" : 739140.687548,
          "N" : 96252
        },
        "bw_min" : 243200,
        "bw_max" : 602112,
        "bw_agg" : 100.000000,
        "bw_mean" : 411780.277311,
        "bw_dev" : 66046.943585,
        "bw_samples" : 119,
        "iops_min" : 950,
        "iops_max" : 2352,
        "iops_mean" : 1608.512605,
        "iops_stddev" : 258.010736,
        "iops_samples" : 119
      },
      "write" : {
        "io_bytes" : 12402294784,
        "io_kbytes" : 12111616,
        "bw_bytes" : 206698023,
        "bw" : 201853,
        "iops" : 788.490384,
        "runtime" : 60002,
        "total_ios" : 47311,
        "short_ios" : 0,
        "drop_ios" : 0,
        "slat_ns" : {
          "min" : 0,
          "max" : 0,
          "mean" : 0.000000,
          "stddev" : 0.000000,
          "N" : 0
        },
        "clat_ns" : {
          "min" : 91717,
          "max" : 54609877,
          "mean" : 142681.557841,
          "stddev" : 273918.569846,
          "N" : 47311,
          "percentile" : {
            "1.000000" : 92672,
            "5.000000" : 93696,
            "10.000000" : 93696,
            "20.000000" : 95744,
            "30.000000" : 97792,
            "40.000000" : 101888,
            "50.000000" : 110080,
            "60.000000" : 154624,
            "70.000000" : 187392,
            "80.000000" : 193536,
            "90.000000" : 201728,
            "95.000000" : 207872,
            "99.000000" : 240640,
            "99.500000" : 254976,
            "99.900000" : 288768,
            "99.950000" : 313344,
            "99.990000" : 4816896
          }
        },
        "lat_ns" : {
          "min" : 95701,
          "max" : 54618402,
          "mean" : 150941.528799,
          "stddev" : 273982.357329,
          "N" : 47311
        },
        "bw_min" : 124416,
        "bw_max" : 307200,
        "bw_agg" : 100.000000,
        "bw_mean" : 202305.957983,
        "bw_dev" : 31523.375102,
        "bw_samples" : 119,
        "iops_min" : 486,
        "iops_max" : 1200,
        "iops_mean" : 790.252101,
        "iops_stddev" : 123.143723,
        "iops_samples" : 119
      },
      "trim" : {
        "io_bytes" : 0,
        "io_kbytes" : 0,
        "bw_bytes" : 0,
        "bw" : 0,
        "iops" : 0.000000,
        "runtime" : 0,
        "total_ios" : 0,
        "short_ios" : 0,
        "drop_ios" : 0,
        "slat_ns" : {
          "min" : 0,
          "max" : 0,
          "mean" : 0.000000,
          "stddev" : 0.000000,
          "N" : 0
        },
        "clat_ns" : {
          "min" : 0,
          "max" : 0,
          "mean" : 0.000000,
          "stddev" : 0.000000,
          "N" : 0
        },
        "lat_ns" : {
          "min" : 0,
          "max" : 0,
          "mean" : 0.000000,
          "stddev" : 0.000000,
          "N" : 0
        },
        "bw_min" : 0,
        "bw_max" : 0,
        "bw_agg" : 0.000000,
        "bw_mean" : 0.000000,
        "bw_dev" : 0.000000,
        "bw_samples" : 0,
        "iops_min" : 0,
        "iops_max" : 0,
        "iops_mean" : 0.000000,
        "iops_stddev" : 0.000000,
        "iops_samples" : 0
      },
      "sync" : {
        "total_ios" : 0,
        "lat_ns" : {
          "min" : 0,
          "max" : 0,
          "mean" : 0.000000,
          "stddev" : 0.000000,
          "N" : 0
        }
      },
      "job_runtime" : 60001,
      "usr_cpu" : 1.311645,
      "sys_cpu" : 2.854952,
      "ctx" : 143566,
      "majf" : 0,
      "minf" : 13,
      "iodepth_level" : {
        "1" : 100.000000,
        "2" : 0.000000,
        "4" : 0.000000,
        "8" : 0.000000,
        "16" : 0.000000,
        "32" : 0.000000,
        ">=64" : 0.000000
      },
      "iodepth_submit" : {
        "0" : 0.000000,
        "4" : 100.000000,
        "8" : 0.000000,
        "16" : 0.000000,
        "32" : 0.000000,
        "64" : 0.000000,
        ">=64" : 0.000000
      },
      "iodepth_complete" : {
        "0" : 0.000000,
        "4" : 100.000000,
        "8" : 0.000000,
        "16" : 0.000000,
        "32" : 0.000000,
        "64" : 0.000000,
        ">=64" : 0.000000
      },
      "latency_ns" : {
        "2" : 0.000000,
        "4" : 0.000000,
        "10" : 0.000000,
        "20" : 0.000000,
        "50" : 0.000000,
        "100" : 0.000000,
        "250" : 0.000000,
        "500" : 0.000000,
        "750" : 0.000000,
        "1000" : 0.000000
      },
      "latency_us" : {
        "2" : 0.000000,
        "4" : 0.000000,
        "10" : 0.000000,
        "20" : 0.000000,
        "50" : 0.000000,
        "100" : 11.936920,
        "250" : 64.775046,
        "500" : 10.029743,
        "750" : 0.635958,
        "1000" : 0.050152
      },
      "latency_ms" : {
        "2" : 8.236802,
        "4" : 4.212785,
        "10" : 0.111449,
        "20" : 0.010000,
        "50" : 0.010000,
        "100" : 0.010000,
        "250" : 0.000000,
        "500" : 0.000000,
        "750" : 0.000000,
        "1000" : 0.000000,
        "2000" : 0.000000,
        ">=2000" : 0.000000
      },
      "latency_depth" : 1,
      "latency_target" : 0,
      "latency_percentile" : 100.000000,
      "latency_window" : 0
    }
  ],
  "disk_util" : [
    {
      "name" : "nvme0n1",
      "read_ios" : 100325,
      "write_ios" : 49736,
      "read_sectors" : 50194720,
      "write_sectors" : 24882752,
      "read_merges" : 30,
      "write_merges" : 68,
      "read_ticks" : 53128,
      "write_ticks" : 16286,
      "in_queue" : 69494,
      "util" : 95.372039
    }
  ]
}
