{
  "fio version" : "fio-3.38",
  "timestamp" : 1729813418,
  "timestamp_ms" : 1729813418979,
  "time" : "Fri Oct 25 01:43:38 2024",
  "jobs" : [
    {
      "jobname" : "output",
      "groupid" : 0,
      "job_start" : 1729813358928,
      "error" : 0,
      "eta" : 0,
      "elapsed" : 61,
      "job options" : {
        "name" : "output",
        "loops" : "5",
        "runtime" : "60",
        "numjobs" : "1",
        "rwmixwrite" : "33",
        "bs" : "32768",
        "filesize" : "1G",
        "rw" : "randrw",
        "direct" : "1"
      },
      "read" : {
        "io_bytes" : 8645083136,
        "io_kbytes" : 8442464,
        "bw_bytes" : 144082317,
        "bw" : 140705,
        "iops" : 4397.043383,
        "runtime" : 60001,
        "total_ios" : 263827,
        "short_ios" : 0,
        "drop_ios" : 0,
        "slat_ns" : {
          "min" : 0,
          "max" : 0,
          "mean" : 0.000000,
          "stddev" : 0.000000,
          "N" : 0
        },
        "clat_ns" : {
          "min" : 78190,
          "max" : 66732372,
          "mean" : 210998.423463,
          "stddev" : 421739.233610,
          "N" : 263827,
          "percentile" : {
            "1.000000" : 82432,
            "5.000000" : 83456,
            "10.000000" : 84480,
            "20.000000" : 85504,
            "30.000000" : 94720,
            "40.000000" : 97792,
            "50.000000" : 98816,
            "60.000000" : 100864,
            "70.000000" : 116224,
            "80.000000" : 148480,
            "90.000000" : 218112,
            "95.000000" : 1433600,
            "99.000000" : 1859584,
            "99.500000" : 1957888,
            "99.900000" : 2179072,
            "99.950000" : 3391488,
            "99.990000" : 5865472
          }
        },
        "lat_ns" : {
          "min" : 78219,
          "max" : 66732825,
          "mean" : 211056.757493,
          "stddev" : 421743.520655,
          "N" : 263827
        },
        "bw_min" : 89856,
        "bw_max" : 182016,
        "bw_agg" : 100.000000,
        "bw_mean" : 141023.731092,
        "bw_dev" : 20883.185313,
        "bw_samples" : 119,
        "iops_min" : 2808,
        "iops_max" : 5688,
        "iops_mean" : 4406.991597,
        "iops_stddev" : 652.599541,
        "iops_samples" : 119
      },
      "write" : {
        "io_bytes" : 4270489600,
        "io_kbytes" : 4170400,
        "bw_bytes" : 71173640,
        "bw" : 69505,
        "iops" : 2172.047133,
        "runtime" : 60001,
        "total_ios" : 130325,
        "short_ios" : 0,
        "drop_ios" : 0,
        "slat_ns" : {
          "min" : 0,
          "max" : 0,
          "mean" : 0.000000,
          "stddev" : 0.000000,
          "N" : 0
        },
        "clat_ns" : {
          "min" : 21151,
          "max" : 49442372,
          "mean" : 30602.369354,
          "stddev" : 156240.883745,
          "N" : 130325,
          "percentile" : {
            "1.000000" : 22144,
            "5.000000" : 22400,
            "10.000000" : 22400,
            "20.000000" : 22656,
            "30.000000" : 22656,
            "40.000000" : 22912,
            "50.000000" : 22912,
            "60.000000" : 23424,
            "70.000000" : 24448,
            "80.000000" : 25984,
            "90.000000" : 36096,
            "95.000000" : 83456,
            "99.000000" : 125440,
            "99.500000" : 136192,
            "99.900000" : 164864,
            "99.950000" : 181248,
            "99.990000" : 1155072
          }
        },
        "lat_ns" : {
          "min" : 21639,
          "max" : 49443775,
          "mean" : 31475.373321,
          "stddev" : 156262.512336,
          "N" : 130325
        },
        "bw_min" : 42496,
        "bw_max" : 91136,
        "bw_agg" : 100.000000,
        "bw_mean" : 69659.966387,
        "bw_dev" : 10335.170081,
        "bw_samples" : 119,
        "iops_min" : 1328,
        "iops_max" : 2848,
        "iops_mean" : 2176.873950,
        "iops_stddev" : 322.974065,
        "iops_samples" : 119
      },
      "trim" : {
        "io_bytes" : 0,
        "io_kbytes" : 0,
        "bw_bytes" : 0,
        "bw" : 0,
        "iops" : 0.000000,
        "runtime" : 0,
        "total_ios" : 0,
        "short_ios" : 0,
        "drop_ios" : 0,
        "slat_ns" : {
          "min" : 0,
          "max" : 0,
          "mean" : 0.000000,
          "stddev" : 0.000000,
          "N" : 0
        },
        "clat_ns" : {
          "min" : 0,
          "max" : 0,
          "mean" : 0.000000,
          "stddev" : 0.000000,
          "N" : 0
        },
        "lat_ns" : {
          "min" : 0,
          "max" : 0,
          "mean" : 0.000000,
          "stddev" : 0.000000,
          "N" : 0
        },
        "bw_min" : 0,
        "bw_max" : 0,
        "bw_agg" : 0.000000,
        "bw_mean" : 0.000000,
        "bw_dev" : 0.000000,
        "bw_samples" : 0,
        "iops_min" : 0,
        "iops_max" : 0,
        "iops_mean" : 0.000000,
        "iops_stddev" : 0.000000,
        "iops_samples" : 0
      },
      "sync" : {
        "total_ios" : 0,
        "lat_ns" : {
          "min" : 0,
          "max" : 0,
          "mean" : 0.000000,
          "stddev" : 0.000000,
          "N" : 0
        }
      },
      "job_runtime" : 60000,
      "usr_cpu" : 0.848333,
      "sys_cpu" : 2.890000,
      "ctx" : 394152,
      "majf" : 0,
      "minf" : 11,
      "iodepth_level" : {
        "1" : 100.000000,
        "2" : 0.000000,
        "4" : 0.000000,
        "8" : 0.000000,
        "16" : 0.000000,
        "32" : 0.000000,
        ">=64" : 0.000000
      },
      "iodepth_submit" : {
        "0" : 0.000000,
        "4" : 100.000000,
        "8" : 0.000000,
        "16" : 0.000000,
        "32" : 0.000000,
        "64" : 0.000000,
        ">=64" : 0.000000
      },
      "iodepth_complete" : {
        "0" : 0.000000,
        "4" : 100.000000,
        "8" : 0.000000,
        "16" : 0.000000,
        "32" : 0.000000,
        "64" : 0.000000,
        ">=64" : 0.000000
      },
      "latency_ns" : {
        "2" : 0.000000,
        "4" : 0.000000,
        "10" : 0.000000,
        "20" : 0.000000,
        "50" : 0.000000,
        "100" : 0.000000,
        "250" : 0.000000,
        "500" : 0.000000,
        "750" : 0.000000,
        "1000" : 0.000000
      },
      "latency_us" : {
        "2" : 0.000000,
        "4" : 0.000000,
        "10" : 0.000000,
        "20" : 0.000000,
        "50" : 30.509550,
        "100" : 38.928637,
        "250" : 24.906635,
        "500" : 1.325884,
        "750" : 0.124064,
        "1000" : 0.115691
      },
      "latency_ms" : {
        "2" : 3.865260,
        "4" : 0.195356,
        "10" : 0.026639,
        "20" : 0.010000,
        "50" : 0.010000,
        "100" : 0.010000,
        "250" : 0.000000,
        "500" : 0.000000,
        "750" : 0.000000,
        "1000" : 0.000000,
        "2000" : 0.000000,
        ">=2000" : 0.000000
      },
      "latency_depth" : 1,
      "latency_target" : 0,
      "latency_percentile" : 100.000000,
      "latency_window" : 0
    }
  ],
  "disk_util" : [
    {
      "name" : "nvme0n1",
      "read_ios" : 268369,
      "write_ios" : 132474,
      "read_sectors" : 17915976,
      "write_sectors" : 9021944,
      "read_merges" : 30,
      "write_merges" : 71,
      "read_ticks" : 56599,
      "write_ticks" : 12537,
      "in_queue" : 69204,
      "util" : 95.764733
    }
  ]
}
