{
  "fio version" : "fio-3.38",
  "timestamp" : 1729813539,
  "timestamp_ms" : 1729813539598,
  "time" : "Fri Oct 25 01:45:39 2024",
  "jobs" : [
    {
      "jobname" : "output",
      "groupid" : 0,
      "job_start" : 1729813479535,
      "error" : 0,
      "eta" : 0,
      "elapsed" : 61,
      "job options" : {
        "name" : "output",
        "loops" : "5",
        "runtime" : "60",
        "numjobs" : "1",
        "rwmixwrite" : "33",
        "bs" : "131072",
        "filesize" : "1G",
        "rw" : "randrw",
        "direct" : "1"
      },
      "read" : {
        "io_bytes" : 17215651840,
        "io_kbytes" : 16812160,
        "bw_bytes" : 286922748,
        "bw" : 280197,
        "iops" : 2189.046849,
        "runtime" : 60001,
        "total_ios" : 131345,
        "short_ios" : 0,
        "drop_ios" : 0,
        "slat_ns" : {
          "min" : 0,
          "max" : 0,
          "mean" : 0.000000,
          "stddev" : 0.000000,
          "N" : 0
        },
        "clat_ns" : {
          "min" : 111467,
          "max" : 36046975,
          "mean" : 407303.493905,
          "stddev" : 609946.580896,
          "N" : 131345,
          "percentile" : {
            "1.000000" : 117248,
            "5.000000" : 120320,
            "10.000000" : 126464,
            "20.000000" : 138240,
            "30.000000" : 146432,
            "40.000000" : 173056,
            "50.000000" : 185344,
            "60.000000" : 201728,
            "70.000000" : 226304,
            "80.000000" : 264192,
            "90.000000" : 1679360,
            "95.000000" : 1875968,
            "99.000000" : 2146304,
            "99.500000" : 2277376,
            "99.900000" : 4751360,
            "99.950000" : 5341184,
            "99.990000" : 9240576
          }
        },
        "lat_ns" : {
          "min" : 111499,
          "max" : 36047296,
          "mean" : 407407.003609,
          "stddev" : 609947.534801,
          "N" : 131345
        },
        "bw_min" : 160512,
        "bw_max" : 404224,
        "bw_agg" : 100.000000,
        "bw_mean" : 280816.941176,
        "bw_dev" : 45593.494073,
        "bw_samples" : 119,
        "iops_min" : 1254,
        "iops_max" : 3158,
        "iops_mean" : 2193.882353,
        "iops_stddev" : 356.199172,
        "iops_samples" : 119
      },
      "write" : {
        "io_bytes" : 8479834112,
        "io_kbytes" : 8281088,
        "bw_bytes" : 141328213,
        "bw" : 138015,
        "iops" : 1078.248696,
        "runtime" : 60001,
        "total_ios" : 64696,
        "short_ios" : 0,
        "drop_ios" : 0,
        "slat_ns" : {
          "min" : 0,
          "max" : 0,
          "mean" : 0.000000,
          "stddev" : 0.000000,
          "N" : 0
        },
        "clat_ns" : {
          "min" : 51020,
          "max" : 32681405,
          "mean" : 92349.631105,
          "stddev" : 219592.248352,
          "N" : 64696,
          "percentile" : {
            "1.000000" : 52480,
            "5.000000" : 53504,
            "10.000000" : 54528,
            "20.000000" : 57600,
            "30.000000" : 59136,
            "40.000000" : 59648,
            "50.000000" : 61696,
            "60.000000" : 74240,
            "70.000000" : 110080,
            "80.000000" : 146432,
            "90.000000" : 158720,
            "95.000000" : 168960,
            "99.000000" : 197632,
            "99.500000" : 207872,
            "99.900000" : 230400,
            "99.950000" : 250880,
            "99.990000" : 4145152
          }
        },
        "lat_ns" : {
          "min" : 53065,
          "max" : 32684190,
          "mean" : 96462.985718,
          "stddev" : 219596.659508,
          "N" : 64696
        },
        "bw_min" : 84224,
        "bw_max" : 199424,
        "bw_agg" : 100.000000,
        "bw_mean" : 138263.663866,
        "bw_dev" : 22458.592410,
        "bw_samples" : 119,
        "iops_min" : 658,
        "iops_max" : 1558,
        "iops_mean" : 1080.184874,
        "iops_stddev" : 175.457753,
        "iops_samples" : 119
      },
      "trim" : {
        "io_bytes" : 0,
        "io_kbytes" : 0,
        "bw_bytes" : 0,
        "bw" : 0,
        "iops" : 0.000000,
        "runtime" : 0,
        "total_ios" : 0,
        "short_ios" : 0,
        "drop_ios" : 0,
        "slat_ns" : {
          "min" : 0,
          "max" : 0,
          "mean" : 0.000000,
          "stddev" : 0.000000,
          "N" : 0
        },
        "clat_ns" : {
          "min" : 0,
          "max" : 0,
          "mean" : 0.000000,
          "stddev" : 0.000000,
          "N" : 0
        },
        "lat_ns" : {
          "min" : 0,
          "max" : 0,
          "mean" : 0.000000,
          "stddev" : 0.000000,
          "N" : 0
        },
        "bw_min" : 0,
        "bw_max" : 0,
        "bw_agg" : 0.000000,
        "bw_mean" : 0.000000,
        "bw_dev" : 0.000000,
        "bw_samples" : 0,
        "iops_min" : 0,
        "iops_max" : 0,
        "iops_mean" : 0.000000,
        "iops_stddev" : 0.000000,
        "iops_samples" : 0
      },
      "sync" : {
        "total_ios" : 0,
        "lat_ns" : {
          "min" : 0,
          "max" : 0,
          "mean" : 0.000000,
          "stddev" : 0.000000,
          "N" : 0
        }
      },
      "job_runtime" : 60000,
      "usr_cpu" : 1.083333,
      "sys_cpu" : 2.945000,
      "ctx" : 196052,
      "majf" : 0,
      "minf" : 13,
      "iodepth_level" : {
        "1" : 100.000000,
        "2" : 0.000000,
        "4" : 0.000000,
        "8" : 0.000000,
        "16" : 0.000000,
        "32" : 0.000000,
        ">=64" : 0.000000
      },
      "iodepth_submit" : {
        "0" : 0.000000,
        "4" : 100.000000,
        "8" : 0.000000,
        "16" : 0.000000,
        "32" : 0.000000,
        "64" : 0.000000,
        ">=64" : 0.000000
      },
      "iodepth_complete" : {
        "0" : 0.000000,
        "4" : 100.000000,
        "8" : 0.000000,
        "16" : 0.000000,
        "32" : 0.000000,
        "64" : 0.000000,
        ">=64" : 0.000000
      },
      "latency_ns" : {
        "2" : 0.000000,
        "4" : 0.000000,
        "10" : 0.000000,
        "20" : 0.000000,
        "50" : 0.000000,
        "100" : 0.000000,
        "250" : 0.000000,
        "500" : 0.000000,
        "750" : 0.000000,
        "1000" : 0.000000
      },
      "latency_us" : {
        "2" : 0.000000,
        "4" : 0.000000,
        "10" : 0.000000,
        "20" : 0.000000,
        "50" : 0.000000,
        "100" : 21.093547,
        "250" : 63.374498,
        "500" : 6.215026,
        "750" : 0.290756,
        "1000" : 0.086206
      },
      "latency_ms" : {
        "2" : 7.081172,
        "4" : 1.779220,
        "10" : 0.071924,
        "20" : 0.010000,
        "50" : 0.010000,
        "100" : 0.000000,
        "250" : 0.000000,
        "500" : 0.000000,
        "750" : 0.000000,
        "1000" : 0.000000,
        "2000" : 0.000000,
        ">=2000" : 0.000000
      },
      "latency_depth" : 1,
      "latency_target" : 0,
      "latency_percentile" : 100.000000,
      "latency_window" : 0
    }
  ],
  "disk_util" : [
    {
      "name" : "nvme0n1",
      "read_ios" : 136626,
      "write_ios" : 66959,
      "read_sectors" : 34733840,
      "write_sectors" : 17229744,
      "read_merges" : 30,
      "write_merges" : 68,
      "read_ticks" : 54239,
      "write_ticks" : 15213,
      "in_queue" : 69523,
      "util" : 94.957955
    }
  ]
}
