{
  "fio version" : "fio-3.38",
  "timestamp" : 1729872630,
  "timestamp_ms" : 1729872630032,
  "time" : "Fri Oct 25 18:10:30 2024",
  "jobs" : [
    {
      "jobname" : "output",
      "groupid" : 0,
      "job_start" : 1729872570006,
      "error" : 0,
      "eta" : 0,
      "elapsed" : 61,
      "job options" : {
        "name" : "output",
        "loops" : "5",
        "runtime" : "60",
        "numjobs" : "1",
        "rwmixwrite" : "33",
        "bssplit" : "4k/30:16k/60:64k/10",
        "filesize" : "1G",
        "rw" : "randrw",
        "direct" : "1"
      },
      "read" : {
        "io_bytes" : 242422169600,
        "io_kbytes" : 236740400,
        "bw_bytes" : 4040302154,
        "bw" : 3945607,
        "iops" : 337010.149831,
        "runtime" : 60001,
        "total_ios" : 20220946,
        "short_ios" : 0,
        "drop_ios" : 0,
        "slat_ns" : {
          "min" : 0,
          "max" : 0,
          "mean" : 0.000000,
          "stddev" : 0.000000,
          "N" : 0
        },
        "clat_ns" : {
          "min" : 486,
          "max" : 131974,
          "mean" : 1731.049833,
          "stddev" : 1522.998037,
          "N" : 20220946,
          "percentile" : {
            "1.000000" : 676,
            "5.000000" : 732,
            "10.000000" : 764,
            "20.000000" : 820,
            "30.000000" : 868,
            "40.000000" : 1096,
            "50.000000" : 1576,
            "60.000000" : 1976,
            "70.000000" : 2096,
            "80.000000" : 2192,
            "90.000000" : 2384,
            "95.000000" : 2960,
            "99.000000" : 7776,
            "99.500000" : 8256,
            "99.900000" : 18560,
            "99.950000" : 25728,
            "99.990000" : 37632
          }
        },
        "lat_ns" : {
          "min" : 518,
          "max" : 132001,
          "mean" : 1760.116995,
          "stddev" : 1527.143256,
          "N" : 20220946
        },
        "bw_min" : 3884208,
        "bw_max" : 4020952,
        "bw_agg" : 100.000000,
        "bw_mean" : 3947768.941176,
        "bw_dev" : 25127.920530,
        "bw_samples" : 119,
        "iops_min" : 330646,
        "iops_max" : 343332,
        "iops_mean" : 337130.201681,
        "iops_stddev" : 2808.331834,
        "iops_samples" : 119
      },
      "write" : {
        "io_bytes" : 119394000896,
        "io_kbytes" : 116595704,
        "bw_bytes" : 1989866850,
        "bw" : 1943229,
        "iops" : 166021.316311,
        "runtime" : 60001,
        "total_ios" : 9961445,
        "short_ios" : 0,
        "drop_ios" : 0,
        "slat_ns" : {
          "min" : 0,
          "max" : 0,
          "mean" : 0.000000,
          "stddev" : 0.000000,
          "N" : 0
        },
        "clat_ns" : {
          "min" : 455,
          "max" : 128658,
          "mean" : 1540.822904,
          "stddev" : 1338.205070,
          "N" : 9961445,
          "percentile" : {
            "1.000000" : 636,
            "5.000000" : 692,
            "10.000000" : 724,
            "20.000000" : 772,
            "30.000000" : 820,
            "40.000000" : 996,
            "50.000000" : 1400,
            "60.000000" : 1736,
            "70.000000" : 1832,
            "80.000000" : 1912,
            "90.000000" : 2096,
            "95.000000" : 2576,
            "99.000000" : 6624,
            "99.500000" : 7008,
            "99.900000" : 18048,
            "99.950000" : 23680,
            "99.990000" : 36096
          }
        },
        "lat_ns" : {
          "min" : 494,
          "max" : 128887,
          "mean" : 1604.509321,
          "stddev" : 1379.264901,
          "N" : 9961445
        },
        "bw_min" : 1910520,
        "bw_max" : 1985288,
        "bw_agg" : 100.000000,
        "bw_mean" : 1944304.739496,
        "bw_dev" : 13260.748594,
        "bw_samples" : 119,
        "iops_min" : 162670,
        "iops_max" : 169328,
        "iops_mean" : 166076.689076,
        "iops_stddev" : 1405.740831,
        "iops_samples" : 119
      },
      "trim" : {
        "io_bytes" : 0,
        "io_kbytes" : 0,
        "bw_bytes" : 0,
        "bw" : 0,
        "iops" : 0.000000,
        "runtime" : 0,
        "total_ios" : 0,
        "short_ios" : 0,
        "drop_ios" : 0,
        "slat_ns" : {
          "min" : 0,
          "max" : 0,
          "mean" : 0.000000,
          "stddev" : 0.000000,
          "N" : 0
        },
        "clat_ns" : {
          "min" : 0,
          "max" : 0,
          "mean" : 0.000000,
          "stddev" : 0.000000,
          "N" : 0
        },
        "lat_ns" : {
          "min" : 0,
          "max" : 0,
          "mean" : 0.000000,
          "stddev" : 0.000000,
          "N" : 0
        },
        "bw_min" : 0,
        "bw_max" : 0,
        "bw_agg" : 0.000000,
        "bw_mean" : 0.000000,
        "bw_dev" : 0.000000,
        "bw_samples" : 0,
        "iops_min" : 0,
        "iops_max" : 0,
        "iops_mean" : 0.000000,
        "iops_stddev" : 0.000000,
        "iops_samples" : 0
      },
      "sync" : {
        "total_ios" : 0,
        "lat_ns" : {
          "min" : 0,
          "max" : 0,
          "mean" : 0.000000,
          "stddev" : 0.000000,
          "N" : 0
        }
      },
      "job_runtime" : 60000,
      "usr_cpu" : 20.981667,
      "sys_cpu" : 78.881667,
      "ctx" : 128,
      "majf" : 0,
      "minf" : 12,
      "iodepth_level" : {
        "1" : 100.000000,
        "2" : 0.000000,
        "4" : 0.000000,
        "8" : 0.000000,
        "16" : 0.000000,
        "32" : 0.000000,
        ">=64" : 0.000000
      },
      "iodepth_submit" : {
        "0" : 0.000000,
        "4" : 100.000000,
        "8" : 0.000000,
        "16" : 0.000000,
        "32" : 0.000000,
        "64" : 0.000000,
        ">=64" : 0.000000
      },
      "iodepth_complete" : {
        "0" : 0.000000,
        "4" : 100.000000,
        "8" : 0.000000,
        "16" : 0.000000,
        "32" : 0.000000,
        "64" : 0.000000,
        ">=64" : 0.000000
      },
      "latency_ns" : {
        "2" : 0.000000,
        "4" : 0.000000,
        "10" : 0.000000,
        "20" : 0.000000,
        "50" : 0.000000,
        "100" : 0.000000,
        "250" : 0.000000,
        "500" : 0.010000,
        "750" : 9.841742,
        "1000" : 29.360792
      },
      "latency_us" : {
        "2" : 31.015734,
        "4" : 26.065019,
        "10" : 3.530751,
        "20" : 0.110157,
        "50" : 0.074196,
        "100" : 0.010000,
        "250" : 0.010000,
        "500" : 0.000000,
        "750" : 0.000000,
        "1000" : 0.000000
      },
      "latency_ms" : {
        "2" : 0.000000,
        "4" : 0.000000,
        "10" : 0.000000,
        "20" : 0.000000,
        "50" : 0.000000,
        "100" : 0.000000,
        "250" : 0.000000,
        "500" : 0.000000,
        "750" : 0.000000,
        "1000" : 0.000000,
        "2000" : 0.000000,
        ">=2000" : 0.000000
      },
      "latency_depth" : 1,
      "latency_target" : 0,
      "latency_percentile" : 100.000000,
      "latency_window" : 0
    }
  ]
}
