{
  "fio version" : "fio-3.38",
  "timestamp" : 1729689562,
  "timestamp_ms" : 1729689562469,
  "time" : "Wed Oct 23 15:19:22 2024",
  "jobs" : [
    {
      "jobname" : "output",
      "groupid" : 0,
      "job_start" : 1729689502422,
      "error" : 0,
      "eta" : 0,
      "elapsed" : 61,
      "job options" : {
        "name" : "output",
        "loops" : "5",
        "runtime" : "60",
        "numjobs" : "1",
        "rwmixwrite" : "33",
        "bs" : "4096",
        "filesize" : "1G",
        "rw" : "randrw",
        "direct" : "0"
      },
      "read" : {
        "io_bytes" : 3108929536,
        "io_kbytes" : 3036064,
        "bw_bytes" : 51814628,
        "bw" : 50600,
        "iops" : 12650.055832,
        "runtime" : 60001,
        "total_ios" : 759016,
        "short_ios" : 0,
        "drop_ios" : 0,
        "slat_ns" : {
          "min" : 0,
          "max" : 0,
          "mean" : 0.000000,
          "stddev" : 0.000000,
          "N" : 0
        },
        "clat_ns" : {
          "min" : 12118,
          "max" : 24909558,
          "mean" : 75265.740749,
          "stddev" : 101008.300138,
          "N" : 759016,
          "percentile" : {
            "1.000000" : 48896,
            "5.000000" : 66048,
            "10.000000" : 66048,
            "20.000000" : 67072,
            "30.000000" : 68096,
            "40.000000" : 68096,
            "50.000000" : 69120,
            "60.000000" : 71168,
            "70.000000" : 82432,
            "80.000000" : 83456,
            "90.000000" : 84480,
            "95.000000" : 86528,
            "99.000000" : 97792,
            "99.500000" : 107008,
            "99.900000" : 187392,
            "99.950000" : 272384,
            "99.990000" : 5275648
          }
        },
        "lat_ns" : {
          "min" : 12142,
          "max" : 24909708,
          "mean" : 75294.725293,
          "stddev" : 101011.680296,
          "N" : 759016
        },
        "bw_min" : 8664,
        "bw_max" : 55024,
        "bw_agg" : 100.000000,
        "bw_mean" : 50614.924370,
        "bw_dev" : 7601.876944,
        "bw_samples" : 119,
        "iops_min" : 2166,
        "iops_max" : 13756,
        "iops_mean" : 12653.747899,
        "iops_stddev" : 1900.474206,
        "iops_samples" : 119
      },
      "write" : {
        "io_bytes" : 1532100608,
        "io_kbytes" : 1496192,
        "bw_bytes" : 25534584,
        "bw" : 24936,
        "iops" : 6234.029433,
        "runtime" : 60001,
        "total_ios" : 374048,
        "short_ios" : 0,
        "drop_ios" : 0,
        "slat_ns" : {
          "min" : 0,
          "max" : 0,
          "mean" : 0.000000,
          "stddev" : 0.000000,
          "N" : 0
        },
        "clat_ns" : {
          "min" : 1667,
          "max" : 311933,
          "mean" : 2976.068039,
          "stddev" : 3400.482485,
          "N" : 374048,
          "percentile" : {
            "1.000000" : 1848,
            "5.000000" : 1960,
            "10.000000" : 2024,
            "20.000000" : 2128,
            "30.000000" : 2224,
            "40.000000" : 2320,
            "50.000000" : 2416,
            "60.000000" : 2576,
            "70.000000" : 2864,
            "80.000000" : 3600,
            "90.000000" : 4128,
            "95.000000" : 4512,
            "99.000000" : 9664,
            "99.500000" : 15808,
            "99.900000" : 35072,
            "99.950000" : 54016,
            "99.990000" : 183296
          }
        },
        "lat_ns" : {
          "min" : 1701,
          "max" : 311985,
          "mean" : 3022.843007,
          "stddev" : 3410.267219,
          "N" : 374048
        },
        "bw_min" : 4304,
        "bw_max" : 27856,
        "bw_agg" : 100.000000,
        "bw_mean" : 24942.588235,
        "bw_dev" : 3772.580274,
        "bw_samples" : 119,
        "iops_min" : 1076,
        "iops_max" : 6964,
        "iops_mean" : 6235.647059,
        "iops_stddev" : 943.145068,
        "iops_samples" : 119
      },
      "trim" : {
        "io_bytes" : 0,
        "io_kbytes" : 0,
        "bw_bytes" : 0,
        "bw" : 0,
        "iops" : 0.000000,
        "runtime" : 0,
        "total_ios" : 0,
        "short_ios" : 0,
        "drop_ios" : 0,
        "slat_ns" : {
          "min" : 0,
          "max" : 0,
          "mean" : 0.000000,
          "stddev" : 0.000000,
          "N" : 0
        },
        "clat_ns" : {
          "min" : 0,
          "max" : 0,
          "mean" : 0.000000,
          "stddev" : 0.000000,
          "N" : 0
        },
        "lat_ns" : {
          "min" : 0,
          "max" : 0,
          "mean" : 0.000000,
          "stddev" : 0.000000,
          "N" : 0
        },
        "bw_min" : 0,
        "bw_max" : 0,
        "bw_agg" : 0.000000,
        "bw_mean" : 0.000000,
        "bw_dev" : 0.000000,
        "bw_samples" : 0,
        "iops_min" : 0,
        "iops_max" : 0,
        "iops_mean" : 0.000000,
        "iops_stddev" : 0.000000,
        "iops_samples" : 0
      },
      "sync" : {
        "total_ios" : 0,
        "lat_ns" : {
          "min" : 0,
          "max" : 0,
          "mean" : 0.000000,
          "stddev" : 0.000000,
          "N" : 0
        }
      },
      "job_runtime" : 60000,
      "usr_cpu" : 1.043333,
      "sys_cpu" : 6.233333,
      "ctx" : 777673,
      "majf" : 0,
      "minf" : 13,
      "iodepth_level" : {
        "1" : 100.000000,
        "2" : 0.000000,
        "4" : 0.000000,
        "8" : 0.000000,
        "16" : 0.000000,
        "32" : 0.000000,
        ">=64" : 0.000000
      },
      "iodepth_submit" : {
        "0" : 0.000000,
        "4" : 100.000000,
        "8" : 0.000000,
        "16" : 0.000000,
        "32" : 0.000000,
        "64" : 0.000000,
        ">=64" : 0.000000
      },
      "iodepth_complete" : {
        "0" : 0.000000,
        "4" : 100.000000,
        "8" : 0.000000,
        "16" : 0.000000,
        "32" : 0.000000,
        "64" : 0.000000,
        ">=64" : 0.000000
      },
      "latency_ns" : {
        "2" : 0.000000,
        "4" : 0.000000,
        "10" : 0.000000,
        "20" : 0.000000,
        "50" : 0.000000,
        "100" : 0.000000,
        "250" : 0.000000,
        "500" : 0.000000,
        "750" : 0.000000,
        "1000" : 0.000000
      },
      "latency_us" : {
        "2" : 2.650336,
        "4" : 25.912482,
        "10" : 4.138866,
        "20" : 0.168481,
        "50" : 0.968966,
        "100" : 65.591176,
        "250" : 0.525654,
        "500" : 0.016680,
        "750" : 0.010000,
        "1000" : 0.010000
      },
      "latency_ms" : {
        "2" : 0.010000,
        "4" : 0.010000,
        "10" : 0.011473,
        "20" : 0.010000,
        "50" : 0.010000,
        "100" : 0.000000,
        "250" : 0.000000,
        "500" : 0.000000,
        "750" : 0.000000,
        "1000" : 0.000000,
        "2000" : 0.000000,
        ">=2000" : 0.000000
      },
      "latency_depth" : 1,
      "latency_target" : 0,
      "latency_percentile" : 100.000000,
      "latency_window" : 0
    }
  ],
  "disk_util" : [
    {
      "name" : "nvme0n1",
      "read_ios" : 758740,
      "write_ios" : 317748,
      "read_sectors" : 6306640,
      "write_sectors" : 3526048,
      "read_merges" : 0,
      "write_merges" : 63,
      "read_ticks" : 54634,
      "write_ticks" : 20124,
      "in_queue" : 74869,
      "util" : 91.301374
    }
  ]
}
