{
  "fio version" : "fio-3.38",
  "timestamp" : 1729689502,
  "timestamp_ms" : 1729689502173,
  "time" : "Wed Oct 23 15:18:22 2024",
  "jobs" : [
    {
      "jobname" : "output",
      "groupid" : 0,
      "job_start" : 1729689442131,
      "error" : 0,
      "eta" : 0,
      "elapsed" : 61,
      "job options" : {
        "name" : "output",
        "loops" : "5",
        "runtime" : "60",
        "numjobs" : "1",
        "rwmixwrite" : "33",
        "bs" : "2048",
        "filesize" : "1G",
        "rw" : "randrw",
        "direct" : "0"
      },
      "read" : {
        "io_bytes" : 1995794432,
        "io_kbytes" : 1949018,
        "bw_bytes" : 33262686,
        "bw" : 32483,
        "iops" : 16241.545974,
        "runtime" : 60001,
        "total_ios" : 974509,
        "short_ios" : 0,
        "drop_ios" : 0,
        "slat_ns" : {
          "min" : 0,
          "max" : 0,
          "mean" : 0.000000,
          "stddev" : 0.000000,
          "N" : 0
        },
        "clat_ns" : {
          "min" : 357,
          "max" : 21585093,
          "mean" : 39538.230866,
          "stddev" : 98334.776952,
          "N" : 974509,
          "percentile" : {
            "1.000000" : 620,
            "5.000000" : 684,
            "10.000000" : 724,
            "20.000000" : 780,
            "30.000000" : 828,
            "40.000000" : 924,
            "50.000000" : 48896,
            "60.000000" : 67072,
            "70.000000" : 68096,
            "80.000000" : 72192,
            "90.000000" : 83456,
            "95.000000" : 84480,
            "99.000000" : 92672,
            "99.500000" : 100864,
            "99.900000" : 173056,
            "99.950000" : 242688,
            "99.990000" : 4489216
          }
        },
        "lat_ns" : {
          "min" : 387,
          "max" : 21585250,
          "mean" : 39577.227826,
          "stddev" : 98341.309882,
          "N" : 974509
        },
        "bw_min" : 2652,
        "bw_max" : 87412,
        "bw_agg" : 99.445583,
        "bw_mean" : 32303.226891,
        "bw_dev" : 16040.800118,
        "bw_samples" : 119,
        "iops_min" : 1326,
        "iops_max" : 43706,
        "iops_mean" : 16151.613445,
        "iops_stddev" : 8020.400059,
        "iops_samples" : 119
      },
      "write" : {
        "io_bytes" : 983013376,
        "io_kbytes" : 959974,
        "bw_bytes" : 16383283,
        "bw" : 15999,
        "iops" : 7999.650006,
        "runtime" : 60001,
        "total_ios" : 479987,
        "short_ios" : 0,
        "drop_ios" : 0,
        "slat_ns" : {
          "min" : 0,
          "max" : 0,
          "mean" : 0.000000,
          "stddev" : 0.000000,
          "N" : 0
        },
        "clat_ns" : {
          "min" : 742,
          "max" : 22513538,
          "mean" : 41130.505607,
          "stddev" : 95727.528666,
          "N" : 479987,
          "percentile" : {
            "1.000000" : 1080,
            "5.000000" : 1304,
            "10.000000" : 1576,
            "20.000000" : 1912,
            "30.000000" : 2128,
            "40.000000" : 2576,
            "50.000000" : 50944,
            "60.000000" : 68096,
            "70.000000" : 70144,
            "80.000000" : 74240,
            "90.000000" : 84480,
            "95.000000" : 86528,
            "99.000000" : 95744,
            "99.500000" : 103936,
            "99.900000" : 179200,
            "99.950000" : 242688,
            "99.990000" : 4227072
          }
        },
        "lat_ns" : {
          "min" : 773,
          "max" : 22513720,
          "mean" : 41185.157633,
          "stddev" : 95731.668663,
          "N" : 479987
        },
        "bw_min" : 1400,
        "bw_max" : 43088,
        "bw_agg" : 99.454352,
        "bw_mean" : 15912.571429,
        "bw_dev" : 7909.559465,
        "bw_samples" : 119,
        "iops_min" : 700,
        "iops_max" : 21544,
        "iops_mean" : 7956.285714,
        "iops_stddev" : 3954.779732,
        "iops_samples" : 119
      },
      "trim" : {
        "io_bytes" : 0,
        "io_kbytes" : 0,
        "bw_bytes" : 0,
        "bw" : 0,
        "iops" : 0.000000,
        "runtime" : 0,
        "total_ios" : 0,
        "short_ios" : 0,
        "drop_ios" : 0,
        "slat_ns" : {
          "min" : 0,
          "max" : 0,
          "mean" : 0.000000,
          "stddev" : 0.000000,
          "N" : 0
        },
        "clat_ns" : {
          "min" : 0,
          "max" : 0,
          "mean" : 0.000000,
          "stddev" : 0.000000,
          "N" : 0
        },
        "lat_ns" : {
          "min" : 0,
          "max" : 0,
          "mean" : 0.000000,
          "stddev" : 0.000000,
          "N" : 0
        },
        "bw_min" : 0,
        "bw_max" : 0,
        "bw_agg" : 0.000000,
        "bw_mean" : 0.000000,
        "bw_dev" : 0.000000,
        "bw_samples" : 0,
        "iops_min" : 0,
        "iops_max" : 0,
        "iops_mean" : 0.000000,
        "iops_stddev" : 0.000000,
        "iops_samples" : 0
      },
      "sync" : {
        "total_ios" : 0,
        "lat_ns" : {
          "min" : 0,
          "max" : 0,
          "mean" : 0.000000,
          "stddev" : 0.000000,
          "N" : 0
        }
      },
      "job_runtime" : 60000,
      "usr_cpu" : 1.253333,
      "sys_cpu" : 6.383333,
      "ctx" : 778113,
      "majf" : 0,
      "minf" : 12,
      "iodepth_level" : {
        "1" : 100.000000,
        "2" : 0.000000,
        "4" : 0.000000,
        "8" : 0.000000,
        "16" : 0.000000,
        "32" : 0.000000,
        ">=64" : 0.000000
      },
      "iodepth_submit" : {
        "0" : 0.000000,
        "4" : 100.000000,
        "8" : 0.000000,
        "16" : 0.000000,
        "32" : 0.000000,
        "64" : 0.000000,
        ">=64" : 0.000000
      },
      "iodepth_complete" : {
        "0" : 0.000000,
        "4" : 100.000000,
        "8" : 0.000000,
        "16" : 0.000000,
        "32" : 0.000000,
        "64" : 0.000000,
        ">=64" : 0.000000
      },
      "latency_ns" : {
        "2" : 0.000000,
        "4" : 0.000000,
        "10" : 0.000000,
        "20" : 0.000000,
        "50" : 0.000000,
        "100" : 0.000000,
        "250" : 0.000000,
        "500" : 0.034101,
        "750" : 9.229795,
        "1000" : 19.403835
      },
      "latency_us" : {
        "2" : 10.955066,
        "4" : 7.596996,
        "10" : 0.477072,
        "20" : 0.056377,
        "50" : 2.290622,
        "100" : 49.364797,
        "250" : 0.545069,
        "500" : 0.015194,
        "750" : 0.010000,
        "1000" : 0.010000
      },
      "latency_ms" : {
        "2" : 0.010000,
        "4" : 0.010000,
        "10" : 0.010725,
        "20" : 0.010000,
        "50" : 0.010000,
        "100" : 0.000000,
        "250" : 0.000000,
        "500" : 0.000000,
        "750" : 0.000000,
        "1000" : 0.000000,
        "2000" : 0.000000,
        ">=2000" : 0.000000
      },
      "latency_depth" : 1,
      "latency_target" : 0,
      "latency_percentile" : 100.000000,
      "latency_window" : 0
    }
  ],
  "disk_util" : [
    {
      "name" : "nvme0n1",
      "read_ios" : 762279,
      "write_ios" : 302182,
      "read_sectors" : 7116760,
      "write_sectors" : 4293512,
      "read_merges" : 0,
      "write_merges" : 92,
      "read_ticks" : 55178,
      "write_ticks" : 30105,
      "in_queue" : 85408,
      "util" : 90.416785
    }
  ]
}
