{
  "fio version" : "fio-3.38",
  "timestamp" : 1729689985,
  "timestamp_ms" : 1729689985024,
  "time" : "Wed Oct 23 15:26:25 2024",
  "jobs" : [
    {
      "jobname" : "output",
      "groupid" : 0,
      "job_start" : 1729689924876,
      "error" : 0,
      "eta" : 0,
      "elapsed" : 61,
      "job options" : {
        "name" : "output",
        "loops" : "5",
        "runtime" : "60",
        "numjobs" : "1",
        "rwmixwrite" : "33",
        "bs" : "524288",
        "filesize" : "1G",
        "rw" : "randrw",
        "direct" : "0"
      },
      "read" : {
        "io_bytes" : 43902828544,
        "io_kbytes" : 42873856,
        "bw_bytes" : 730484160,
        "bw" : 713363,
        "iops" : 1393.287965,
        "runtime" : 60101,
        "total_ios" : 83738,
        "short_ios" : 0,
        "drop_ios" : 0,
        "slat_ns" : {
          "min" : 0,
          "max" : 0,
          "mean" : 0.000000,
          "stddev" : 0.000000,
          "N" : 0
        },
        "clat_ns" : {
          "min" : 53029,
          "max" : 318826160,
          "mean" : 425305.856791,
          "stddev" : 2300136.999769,
          "N" : 83738,
          "percentile" : {
            "1.000000" : 61184,
            "5.000000" : 325632,
            "10.000000" : 329728,
            "20.000000" : 342016,
            "30.000000" : 354304,
            "40.000000" : 362496,
            "50.000000" : 370688,
            "60.000000" : 387072,
            "70.000000" : 411648,
            "80.000000" : 436224,
            "90.000000" : 468992,
            "95.000000" : 505856,
            "99.000000" : 626688,
            "99.500000" : 684032,
            "99.900000" : 7897088,
            "99.950000" : 13434880,
            "99.990000" : 128450560
          }
        },
        "lat_ns" : {
          "min" : 53062,
          "max" : 318827062,
          "mean" : 425378.095202,
          "stddev" : 2300145.304824,
          "N" : 83738
        },
        "bw_min" : 50176,
        "bw_max" : 1241088,
        "bw_agg" : 100.000000,
        "bw_mean" : 714555.733333,
        "bw_dev" : 323833.866270,
        "bw_samples" : 120,
        "iops_min" : 98,
        "iops_max" : 2424,
        "iops_mean" : 1395.616667,
        "iops_stddev" : 632.488020,
        "iops_samples" : 120
      },
      "write" : {
        "io_bytes" : 21595947008,
        "io_kbytes" : 21089792,
        "bw_bytes" : 359327582,
        "bw" : 350905,
        "iops" : 685.362972,
        "runtime" : 60101,
        "total_ios" : 41191,
        "short_ios" : 0,
        "drop_ios" : 0,
        "slat_ns" : {
          "min" : 0,
          "max" : 0,
          "mean" : 0.000000,
          "stddev" : 0.000000,
          "N" : 0
        },
        "clat_ns" : {
          "min" : 61518,
          "max" : 731493,
          "mean" : 145187.258527,
          "stddev" : 45662.446197,
          "N" : 41191,
          "percentile" : {
            "1.000000" : 69120,
            "5.000000" : 114176,
            "10.000000" : 117248,
            "20.000000" : 121344,
            "30.000000" : 125440,
            "40.000000" : 128512,
            "50.000000" : 132096,
            "60.000000" : 138240,
            "70.000000" : 144384,
            "80.000000" : 156672,
            "90.000000" : 191488,
            "95.000000" : 232448,
            "99.000000" : 333824,
            "99.500000" : 358400,
            "99.900000" : 448512,
            "99.950000" : 528384,
            "99.990000" : 593920
          }
        },
        "lat_ns" : {
          "min" : 65414,
          "max" : 735762,
          "mean" : 150077.204972,
          "stddev" : 46536.993808,
          "N" : 41191
        },
        "bw_min" : 38912,
        "bw_max" : 621568,
        "bw_agg" : 100.000000,
        "bw_mean" : 351496.533333,
        "bw_dev" : 161655.486910,
        "bw_samples" : 120,
        "iops_min" : 76,
        "iops_max" : 1214,
        "iops_mean" : 686.516667,
        "iops_stddev" : 315.733373,
        "iops_samples" : 120
      },
      "trim" : {
        "io_bytes" : 0,
        "io_kbytes" : 0,
        "bw_bytes" : 0,
        "bw" : 0,
        "iops" : 0.000000,
        "runtime" : 0,
        "total_ios" : 0,
        "short_ios" : 0,
        "drop_ios" : 0,
        "slat_ns" : {
          "min" : 0,
          "max" : 0,
          "mean" : 0.000000,
          "stddev" : 0.000000,
          "N" : 0
        },
        "clat_ns" : {
          "min" : 0,
          "max" : 0,
          "mean" : 0.000000,
          "stddev" : 0.000000,
          "N" : 0
        },
        "lat_ns" : {
          "min" : 0,
          "max" : 0,
          "mean" : 0.000000,
          "stddev" : 0.000000,
          "N" : 0
        },
        "bw_min" : 0,
        "bw_max" : 0,
        "bw_agg" : 0.000000,
        "bw_mean" : 0.000000,
        "bw_dev" : 0.000000,
        "bw_samples" : 0,
        "iops_min" : 0,
        "iops_max" : 0,
        "iops_mean" : 0.000000,
        "iops_stddev" : 0.000000,
        "iops_samples" : 0
      },
      "sync" : {
        "total_ios" : 0,
        "lat_ns" : {
          "min" : 0,
          "max" : 0,
          "mean" : 0.000000,
          "stddev" : 0.000000,
          "N" : 0
        }
      },
      "job_runtime" : 60100,
      "usr_cpu" : 0.627288,
      "sys_cpu" : 41.267887,
      "ctx" : 85532,
      "majf" : 0,
      "minf" : 10,
      "iodepth_level" : {
        "1" : 100.000000,
        "2" : 0.000000,
        "4" : 0.000000,
        "8" : 0.000000,
        "16" : 0.000000,
        "32" : 0.000000,
        ">=64" : 0.000000
      },
      "iodepth_submit" : {
        "0" : 0.000000,
        "4" : 100.000000,
        "8" : 0.000000,
        "16" : 0.000000,
        "32" : 0.000000,
        "64" : 0.000000,
        ">=64" : 0.000000
      },
      "iodepth_complete" : {
        "0" : 0.000000,
        "4" : 100.000000,
        "8" : 0.000000,
        "16" : 0.000000,
        "32" : 0.000000,
        "64" : 0.000000,
        ">=64" : 0.000000
      },
      "latency_ns" : {
        "2" : 0.000000,
        "4" : 0.000000,
        "10" : 0.000000,
        "20" : 0.000000,
        "50" : 0.000000,
        "100" : 0.000000,
        "250" : 0.000000,
        "500" : 0.000000,
        "750" : 0.000000,
        "1000" : 0.000000
      },
      "latency_us" : {
        "2" : 0.000000,
        "4" : 0.000000,
        "10" : 0.000000,
        "20" : 0.000000,
        "50" : 0.000000,
        "100" : 3.592441,
        "250" : 30.727853,
        "500" : 61.985608,
        "750" : 3.477975,
        "1000" : 0.077644
      },
      "latency_ms" : {
        "2" : 0.025615,
        "4" : 0.024814,
        "10" : 0.034420,
        "20" : 0.028816,
        "50" : 0.010000,
        "100" : 0.010000,
        "250" : 0.010000,
        "500" : 0.010000,
        "750" : 0.000000,
        "1000" : 0.000000,
        "2000" : 0.000000,
        ">=2000" : 0.000000
      },
      "latency_depth" : 1,
      "latency_target" : 0,
      "latency_percentile" : 100.000000,
      "latency_window" : 0
    }
  ],
  "disk_util" : [
    {
      "name" : "nvme0n1",
      "read_ios" : 84593,
      "write_ios" : 38131,
      "read_sectors" : 83344664,
      "write_sectors" : 42670880,
      "read_merges" : 0,
      "write_merges" : 146,
      "read_ticks" : 26695,
      "write_ticks" : 1456878,
      "in_queue" : 1483640,
      "util" : 60.878050
    }
  ]
}
