{
  "fio version" : "fio-3.38",
  "timestamp" : 1729689924,
  "timestamp_ms" : 1729689924625,
  "time" : "Wed Oct 23 15:25:24 2024",
  "jobs" : [
    {
      "jobname" : "output",
      "groupid" : 0,
      "job_start" : 1729689864226,
      "error" : 0,
      "eta" : 0,
      "elapsed" : 61,
      "job options" : {
        "name" : "output",
        "loops" : "5",
        "runtime" : "60",
        "numjobs" : "1",
        "rwmixwrite" : "33",
        "bs" : "262144",
        "filesize" : "1G",
        "rw" : "randrw",
        "direct" : "0"
      },
      "read" : {
        "io_bytes" : 33807138816,
        "io_kbytes" : 33014784,
        "bw_bytes" : 561049153,
        "bw" : 547899,
        "iops" : 2140.232670,
        "runtime" : 60257,
        "total_ios" : 128964,
        "short_ios" : 0,
        "drop_ios" : 0,
        "slat_ns" : {
          "min" : 0,
          "max" : 0,
          "mean" : 0.000000,
          "stddev" : 0.000000,
          "N" : 0
        },
        "clat_ns" : {
          "min" : 25896,
          "max" : 201385560,
          "mean" : 281107.069368,
          "stddev" : 1111013.936264,
          "N" : 128964,
          "percentile" : {
            "1.000000" : 36096,
            "5.000000" : 220160,
            "10.000000" : 226304,
            "20.000000" : 232448,
            "30.000000" : 234496,
            "40.000000" : 240640,
            "50.000000" : 246784,
            "60.000000" : 252928,
            "70.000000" : 264192,
            "80.000000" : 296960,
            "90.000000" : 321536,
            "95.000000" : 342016,
            "99.000000" : 436224,
            "99.500000" : 477184,
            "99.900000" : 5341184,
            "99.950000" : 12124160,
            "99.990000" : 32374784
          }
        },
        "lat_ns" : {
          "min" : 25935,
          "max" : 201385690,
          "mean" : 281219.895498,
          "stddev" : 1111021.183794,
          "N" : 128964
        },
        "bw_min" : 45568,
        "bw_max" : 934912,
        "bw_agg" : 100.000000,
        "bw_mean" : 550246.400000,
        "bw_dev" : 248512.785447,
        "bw_samples" : 120,
        "iops_min" : 178,
        "iops_max" : 3652,
        "iops_mean" : 2149.400000,
        "iops_stddev" : 970.753068,
        "iops_samples" : 120
      },
      "write" : {
        "io_bytes" : 16658989056,
        "io_kbytes" : 16268544,
        "bw_bytes" : 276465623,
        "bw" : 269985,
        "iops" : 1054.632657,
        "runtime" : 60257,
        "total_ios" : 63549,
        "short_ios" : 0,
        "drop_ios" : 0,
        "slat_ns" : {
          "min" : 0,
          "max" : 0,
          "mean" : 0.000000,
          "stddev" : 0.000000,
          "N" : 0
        },
        "clat_ns" : {
          "min" : 31523,
          "max" : 772771,
          "mean" : 90899.120521,
          "stddev" : 29006.221127,
          "N" : 63549,
          "percentile" : {
            "1.000000" : 48896,
            "5.000000" : 62208,
            "10.000000" : 67072,
            "20.000000" : 77312,
            "30.000000" : 81408,
            "40.000000" : 83456,
            "50.000000" : 85504,
            "60.000000" : 88576,
            "70.000000" : 91648,
            "80.000000" : 97792,
            "90.000000" : 111104,
            "95.000000" : 140288,
            "99.000000" : 211968,
            "99.500000" : 276480,
            "99.900000" : 325632,
            "99.950000" : 358400,
            "99.990000" : 411648
          }
        },
        "lat_ns" : {
          "min" : 33099,
          "max" : 774681,
          "mean" : 93348.441266,
          "stddev" : 29301.396141,
          "N" : 63549
        },
        "bw_min" : 24576,
        "bw_max" : 501760,
        "bw_agg" : 100.000000,
        "bw_mean" : 271138.133333,
        "bw_dev" : 123516.393223,
        "bw_samples" : 120,
        "iops_min" : 96,
        "iops_max" : 1960,
        "iops_mean" : 1059.133333,
        "iops_stddev" : 482.485911,
        "iops_samples" : 120
      },
      "trim" : {
        "io_bytes" : 0,
        "io_kbytes" : 0,
        "bw_bytes" : 0,
        "bw" : 0,
        "iops" : 0.000000,
        "runtime" : 0,
        "total_ios" : 0,
        "short_ios" : 0,
        "drop_ios" : 0,
        "slat_ns" : {
          "min" : 0,
          "max" : 0,
          "mean" : 0.000000,
          "stddev" : 0.000000,
          "N" : 0
        },
        "clat_ns" : {
          "min" : 0,
          "max" : 0,
          "mean" : 0.000000,
          "stddev" : 0.000000,
          "N" : 0
        },
        "lat_ns" : {
          "min" : 0,
          "max" : 0,
          "mean" : 0.000000,
          "stddev" : 0.000000,
          "N" : 0
        },
        "bw_min" : 0,
        "bw_max" : 0,
        "bw_agg" : 0.000000,
        "bw_mean" : 0.000000,
        "bw_dev" : 0.000000,
        "bw_samples" : 0,
        "iops_min" : 0,
        "iops_max" : 0,
        "iops_mean" : 0.000000,
        "iops_stddev" : 0.000000,
        "iops_samples" : 0
      },
      "sync" : {
        "total_ios" : 0,
        "lat_ns" : {
          "min" : 0,
          "max" : 0,
          "mean" : 0.000000,
          "stddev" : 0.000000,
          "N" : 0
        }
      },
      "job_runtime" : 60256,
      "usr_cpu" : 0.765069,
      "sys_cpu" : 37.116636,
      "ctx" : 131255,
      "majf" : 0,
      "minf" : 10,
      "iodepth_level" : {
        "1" : 100.000000,
        "2" : 0.000000,
        "4" : 0.000000,
        "8" : 0.000000,
        "16" : 0.000000,
        "32" : 0.000000,
        ">=64" : 0.000000
      },
      "iodepth_submit" : {
        "0" : 0.000000,
        "4" : 100.000000,
        "8" : 0.000000,
        "16" : 0.000000,
        "32" : 0.000000,
        "64" : 0.000000,
        ">=64" : 0.000000
      },
      "iodepth_complete" : {
        "0" : 0.000000,
        "4" : 100.000000,
        "8" : 0.000000,
        "16" : 0.000000,
        "32" : 0.000000,
        "64" : 0.000000,
        ">=64" : 0.000000
      },
      "latency_ns" : {
        "2" : 0.000000,
        "4" : 0.000000,
        "10" : 0.000000,
        "20" : 0.000000,
        "50" : 0.000000,
        "100" : 0.000000,
        "250" : 0.000000,
        "500" : 0.000000,
        "750" : 0.000000,
        "1000" : 0.000000
      },
      "latency_us" : {
        "2" : 0.000000,
        "4" : 0.000000,
        "10" : 0.000000,
        "20" : 0.000000,
        "50" : 1.472108,
        "100" : 27.034538,
        "250" : 41.074109,
        "500" : 30.162638,
        "750" : 0.134017,
        "1000" : 0.010000
      },
      "latency_ms" : {
        "2" : 0.010908,
        "4" : 0.025453,
        "10" : 0.034803,
        "20" : 0.022856,
        "50" : 0.016103,
        "100" : 0.010000,
        "250" : 0.010000,
        "500" : 0.000000,
        "750" : 0.000000,
        "1000" : 0.000000,
        "2000" : 0.000000,
        ">=2000" : 0.000000
      },
      "latency_depth" : 1,
      "latency_target" : 0,
      "latency_percentile" : 100.000000,
      "latency_window" : 0
    }
  ],
  "disk_util" : [
    {
      "name" : "nvme0n1",
      "read_ios" : 132008,
      "write_ios" : 48308,
      "read_sectors" : 66109064,
      "write_sectors" : 33534048,
      "read_merges" : 0,
      "write_merges" : 85,
      "read_ticks" : 29038,
      "write_ticks" : 2408210,
      "in_queue" : 2437376,
      "util" : 63.502874
    }
  ]
}
