{
  "fio version" : "fio-3.38",
  "timestamp" : 1729689803,
  "timestamp_ms" : 1729689803674,
  "time" : "Wed Oct 23 15:23:23 2024",
  "jobs" : [
    {
      "jobname" : "output",
      "groupid" : 0,
      "job_start" : 1729689743625,
      "error" : 0,
      "eta" : 0,
      "elapsed" : 61,
      "job options" : {
        "name" : "output",
        "loops" : "5",
        "runtime" : "60",
        "numjobs" : "1",
        "rwmixwrite" : "33",
        "bs" : "65536",
        "filesize" : "1G",
        "rw" : "randrw",
        "direct" : "0"
      },
      "read" : {
        "io_bytes" : 17908105216,
        "io_kbytes" : 17488384,
        "bw_bytes" : 298438576,
        "bw" : 291443,
        "iops" : 4553.811286,
        "runtime" : 60006,
        "total_ios" : 273256,
        "short_ios" : 0,
        "drop_ios" : 0,
        "slat_ns" : {
          "min" : 0,
          "max" : 0,
          "mean" : 0.000000,
          "stddev" : 0.000000,
          "N" : 0
        },
        "clat_ns" : {
          "min" : 7937,
          "max" : 32151685,
          "mean" : 165608.628023,
          "stddev" : 220722.904074,
          "N" : 273256,
          "percentile" : {
            "1.000000" : 110080,
            "5.000000" : 114176,
            "10.000000" : 118272,
            "20.000000" : 127488,
            "30.000000" : 134144,
            "40.000000" : 152576,
            "50.000000" : 156672,
            "60.000000" : 160768,
            "70.000000" : 175104,
            "80.000000" : 187392,
            "90.000000" : 197632,
            "95.000000" : 216064,
            "99.000000" : 309248,
            "99.500000" : 337920,
            "99.900000" : 1449984,
            "99.950000" : 3784704,
            "99.990000" : 11075584
          }
        },
        "lat_ns" : {
          "min" : 7965,
          "max" : 32151732,
          "mean" : 165663.108788,
          "stddev" : 220736.495694,
          "N" : 273256
        },
        "bw_min" : 26496,
        "bw_max" : 421888,
        "bw_agg" : 100.000000,
        "bw_mean" : 293226.487395,
        "bw_dev" : 109968.693361,
        "bw_samples" : 119,
        "iops_min" : 414,
        "iops_max" : 6592,
        "iops_mean" : 4581.663866,
        "iops_stddev" : 1718.260834,
        "iops_samples" : 119
      },
      "write" : {
        "io_bytes" : 8855814144,
        "io_kbytes" : 8648256,
        "bw_bytes" : 147582144,
        "bw" : 144123,
        "iops" : 2251.924808,
        "runtime" : 60006,
        "total_ios" : 135129,
        "short_ios" : 0,
        "drop_ios" : 0,
        "slat_ns" : {
          "min" : 0,
          "max" : 0,
          "mean" : 0.000000,
          "stddev" : 0.000000,
          "N" : 0
        },
        "clat_ns" : {
          "min" : 12249,
          "max" : 1883382,
          "mean" : 24926.491308,
          "stddev" : 19071.186048,
          "N" : 135129,
          "percentile" : {
            "1.000000" : 13888,
            "5.000000" : 14656,
            "10.000000" : 15296,
            "20.000000" : 16192,
            "30.000000" : 17024,
            "40.000000" : 17792,
            "50.000000" : 18560,
            "60.000000" : 19840,
            "70.000000" : 22144,
            "80.000000" : 34048,
            "90.000000" : 42240,
            "95.000000" : 50432,
            "99.000000" : 87552,
            "99.500000" : 132096,
            "99.900000" : 222208,
            "99.950000" : 276480,
            "99.990000" : 366592
          }
        },
        "lat_ns" : {
          "min" : 12565,
          "max" : 1883913,
          "mean" : 25407.056753,
          "stddev" : 19334.499860,
          "N" : 135129
        },
        "bw_min" : 13056,
        "bw_max" : 209152,
        "bw_agg" : 100.000000,
        "bw_mean" : 145024.000000,
        "bw_dev" : 54912.083442,
        "bw_samples" : 119,
        "iops_min" : 204,
        "iops_max" : 3268,
        "iops_mean" : 2266.000000,
        "iops_stddev" : 858.001304,
        "iops_samples" : 119
      },
      "trim" : {
        "io_bytes" : 0,
        "io_kbytes" : 0,
        "bw_bytes" : 0,
        "bw" : 0,
        "iops" : 0.000000,
        "runtime" : 0,
        "total_ios" : 0,
        "short_ios" : 0,
        "drop_ios" : 0,
        "slat_ns" : {
          "min" : 0,
          "max" : 0,
          "mean" : 0.000000,
          "stddev" : 0.000000,
          "N" : 0
        },
        "clat_ns" : {
          "min" : 0,
          "max" : 0,
          "mean" : 0.000000,
          "stddev" : 0.000000,
          "N" : 0
        },
        "lat_ns" : {
          "min" : 0,
          "max" : 0,
          "mean" : 0.000000,
          "stddev" : 0.000000,
          "N" : 0
        },
        "bw_min" : 0,
        "bw_max" : 0,
        "bw_agg" : 0.000000,
        "bw_mean" : 0.000000,
        "bw_dev" : 0.000000,
        "bw_samples" : 0,
        "iops_min" : 0,
        "iops_max" : 0,
        "iops_mean" : 0.000000,
        "iops_stddev" : 0.000000,
        "iops_samples" : 0
      },
      "sync" : {
        "total_ios" : 0,
        "lat_ns" : {
          "min" : 0,
          "max" : 0,
          "mean" : 0.000000,
          "stddev" : 0.000000,
          "N" : 0
        }
      },
      "job_runtime" : 60005,
      "usr_cpu" : 0.876594,
      "sys_cpu" : 21.616532,
      "ctx" : 278763,
      "majf" : 0,
      "minf" : 18,
      "iodepth_level" : {
        "1" : 100.000000,
        "2" : 0.000000,
        "4" : 0.000000,
        "8" : 0.000000,
        "16" : 0.000000,
        "32" : 0.000000,
        ">=64" : 0.000000
      },
      "iodepth_submit" : {
        "0" : 0.000000,
        "4" : 100.000000,
        "8" : 0.000000,
        "16" : 0.000000,
        "32" : 0.000000,
        "64" : 0.000000,
        ">=64" : 0.000000
      },
      "iodepth_complete" : {
        "0" : 0.000000,
        "4" : 100.000000,
        "8" : 0.000000,
        "16" : 0.000000,
        "32" : 0.000000,
        "64" : 0.000000,
        ">=64" : 0.000000
      },
      "latency_ns" : {
        "2" : 0.000000,
        "4" : 0.000000,
        "10" : 0.000000,
        "20" : 0.000000,
        "50" : 0.000000,
        "100" : 0.000000,
        "250" : 0.000000,
        "500" : 0.000000,
        "750" : 0.000000,
        "1000" : 0.000000
      },
      "latency_us" : {
        "2" : 0.000000,
        "4" : 0.000000,
        "10" : 0.010000,
        "20" : 20.111414,
        "50" : 11.307467,
        "100" : 1.399905,
        "250" : 65.333203,
        "500" : 1.744432,
        "750" : 0.024976,
        "1000" : 0.010000
      },
      "latency_ms" : {
        "2" : 0.019834,
        "4" : 0.021548,
        "10" : 0.022283,
        "20" : 0.010040,
        "50" : 0.010000,
        "100" : 0.000000,
        "250" : 0.000000,
        "500" : 0.000000,
        "750" : 0.000000,
        "1000" : 0.000000,
        "2000" : 0.000000,
        ">=2000" : 0.000000
      },
      "latency_depth" : 1,
      "latency_target" : 0,
      "latency_percentile" : 100.000000,
      "latency_window" : 0
    }
  ],
  "disk_util" : [
    {
      "name" : "nvme0n1",
      "read_ios" : 277947,
      "write_ios" : 98847,
      "read_sectors" : 36067904,
      "write_sectors" : 18271272,
      "read_merges" : 0,
      "write_merges" : 826,
      "read_ticks" : 40433,
      "write_ticks" : 1239202,
      "in_queue" : 1280076,
      "util" : 77.146336
    }
  ]
}
