{
  "fio version" : "fio-3.38",
  "timestamp" : 1729689743,
  "timestamp_ms" : 1729689743377,
  "time" : "Wed Oct 23 15:22:23 2024",
  "jobs" : [
    {
      "jobname" : "output",
      "groupid" : 0,
      "job_start" : 1729689683330,
      "error" : 0,
      "eta" : 0,
      "elapsed" : 61,
      "job options" : {
        "name" : "output",
        "loops" : "5",
        "runtime" : "60",
        "numjobs" : "1",
        "rwmixwrite" : "33",
        "bs" : "32768",
        "filesize" : "1G",
        "rw" : "randrw",
        "direct" : "0"
      },
      "read" : {
        "io_bytes" : 14103281664,
        "io_kbytes" : 13772736,
        "bw_bytes" : 235050776,
        "bw" : 229541,
        "iops" : 7173.180447,
        "runtime" : 60001,
        "total_ios" : 430398,
        "short_ios" : 0,
        "drop_ios" : 0,
        "slat_ns" : {
          "min" : 0,
          "max" : 0,
          "mean" : 0.000000,
          "stddev" : 0.000000,
          "N" : 0
        },
        "clat_ns" : {
          "min" : 49195,
          "max" : 39417372,
          "mean" : 113453.724996,
          "stddev" : 187529.275554,
          "N" : 430398,
          "percentile" : {
            "1.000000" : 88576,
            "5.000000" : 90624,
            "10.000000" : 92672,
            "20.000000" : 95744,
            "30.000000" : 97792,
            "40.000000" : 103936,
            "50.000000" : 107008,
            "60.000000" : 109056,
            "70.000000" : 110080,
            "80.000000" : 112128,
            "90.000000" : 138240,
            "95.000000" : 158720,
            "99.000000" : 189440,
            "99.500000" : 238592,
            "99.900000" : 366592,
            "99.950000" : 1400832,
            "99.990000" : 9371648
          }
        },
        "lat_ns" : {
          "min" : 49219,
          "max" : 39417445,
          "mean" : 113485.106866,
          "stddev" : 187533.979125,
          "N" : 430398
        },
        "bw_min" : 6720,
        "bw_max" : 300480,
        "bw_agg" : 99.851542,
        "bw_mean" : 229201.210084,
        "bw_dev" : 80858.331370,
        "bw_samples" : 119,
        "iops_min" : 210,
        "iops_max" : 9390,
        "iops_mean" : 7162.537815,
        "iops_stddev" : 2526.822855,
        "iops_samples" : 119
      },
      "write" : {
        "io_bytes" : 6962020352,
        "io_kbytes" : 6798848,
        "bw_bytes" : 116031738,
        "bw" : 113312,
        "iops" : 3541.007650,
        "runtime" : 60001,
        "total_ios" : 212464,
        "short_ios" : 0,
        "drop_ios" : 0,
        "slat_ns" : {
          "min" : 0,
          "max" : 0,
          "mean" : 0.000000,
          "stddev" : 0.000000,
          "N" : 0
        },
        "clat_ns" : {
          "min" : 6966,
          "max" : 591466,
          "mean" : 11047.066675,
          "stddev" : 9275.086219,
          "N" : 212464,
          "percentile" : {
            "1.000000" : 7456,
            "5.000000" : 7776,
            "10.000000" : 7968,
            "20.000000" : 8256,
            "30.000000" : 8640,
            "40.000000" : 9152,
            "50.000000" : 9664,
            "60.000000" : 10176,
            "70.000000" : 10560,
            "80.000000" : 11456,
            "90.000000" : 12992,
            "95.000000" : 16768,
            "99.000000" : 38144,
            "99.500000" : 50432,
            "99.900000" : 187392,
            "99.950000" : 195584,
            "99.990000" : 224256
          }
        },
        "lat_ns" : {
          "min" : 7114,
          "max" : 591648,
          "mean" : 11226.394199,
          "stddev" : 9299.211226,
          "N" : 212464
        },
        "bw_min" : 3456,
        "bw_max" : 152576,
        "bw_agg" : 99.840049,
        "bw_mean" : 113131.563025,
        "bw_dev" : 39857.465530,
        "bw_samples" : 119,
        "iops_min" : 108,
        "iops_max" : 4768,
        "iops_mean" : 3535.361345,
        "iops_stddev" : 1245.545798,
        "iops_samples" : 119
      },
      "trim" : {
        "io_bytes" : 0,
        "io_kbytes" : 0,
        "bw_bytes" : 0,
        "bw" : 0,
        "iops" : 0.000000,
        "runtime" : 0,
        "total_ios" : 0,
        "short_ios" : 0,
        "drop_ios" : 0,
        "slat_ns" : {
          "min" : 0,
          "max" : 0,
          "mean" : 0.000000,
          "stddev" : 0.000000,
          "N" : 0
        },
        "clat_ns" : {
          "min" : 0,
          "max" : 0,
          "mean" : 0.000000,
          "stddev" : 0.000000,
          "N" : 0
        },
        "lat_ns" : {
          "min" : 0,
          "max" : 0,
          "mean" : 0.000000,
          "stddev" : 0.000000,
          "N" : 0
        },
        "bw_min" : 0,
        "bw_max" : 0,
        "bw_agg" : 0.000000,
        "bw_mean" : 0.000000,
        "bw_dev" : 0.000000,
        "bw_samples" : 0,
        "iops_min" : 0,
        "iops_max" : 0,
        "iops_mean" : 0.000000,
        "iops_stddev" : 0.000000,
        "iops_samples" : 0
      },
      "sync" : {
        "total_ios" : 0,
        "lat_ns" : {
          "min" : 0,
          "max" : 0,
          "mean" : 0.000000,
          "stddev" : 0.000000,
          "N" : 0
        }
      },
      "job_runtime" : 60000,
      "usr_cpu" : 0.791667,
      "sys_cpu" : 15.401667,
      "ctx" : 437544,
      "majf" : 0,
      "minf" : 10,
      "iodepth_level" : {
        "1" : 100.000000,
        "2" : 0.000000,
        "4" : 0.000000,
        "8" : 0.000000,
        "16" : 0.000000,
        "32" : 0.000000,
        ">=64" : 0.000000
      },
      "iodepth_submit" : {
        "0" : 0.000000,
        "4" : 100.000000,
        "8" : 0.000000,
        "16" : 0.000000,
        "32" : 0.000000,
        "64" : 0.000000,
        ">=64" : 0.000000
      },
      "iodepth_complete" : {
        "0" : 0.000000,
        "4" : 100.000000,
        "8" : 0.000000,
        "16" : 0.000000,
        "32" : 0.000000,
        "64" : 0.000000,
        ">=64" : 0.000000
      },
      "latency_ns" : {
        "2" : 0.000000,
        "4" : 0.000000,
        "10" : 0.000000,
        "20" : 0.000000,
        "50" : 0.000000,
        "100" : 0.000000,
        "250" : 0.000000,
        "500" : 0.000000,
        "750" : 0.000000,
        "1000" : 0.000000
      },
      "latency_us" : {
        "2" : 0.000000,
        "4" : 0.000000,
        "10" : 18.829858,
        "20" : 12.982724,
        "50" : 1.071303,
        "100" : 22.479475,
        "250" : 44.337821,
        "500" : 0.259931,
        "750" : 0.010000,
        "1000" : 0.010000
      },
      "latency_ms" : {
        "2" : 0.010000,
        "4" : 0.010000,
        "10" : 0.014622,
        "20" : 0.010000,
        "50" : 0.010000,
        "100" : 0.000000,
        "250" : 0.000000,
        "500" : 0.000000,
        "750" : 0.000000,
        "1000" : 0.000000,
        "2000" : 0.000000,
        ">=2000" : 0.000000
      },
      "latency_depth" : 1,
      "latency_target" : 0,
      "latency_percentile" : 100.000000,
      "latency_window" : 0
    }
  ],
  "disk_util" : [
    {
      "name" : "nvme0n1",
      "read_ios" : 434904,
      "write_ios" : 158897,
      "read_sectors" : 28661456,
      "write_sectors" : 14672584,
      "read_merges" : 0,
      "write_merges" : 138,
      "read_ticks" : 45445,
      "write_ticks" : 878193,
      "in_queue" : 923759,
      "util" : 80.941738
    }
  ]
}
