{
  "fio version" : "fio-3.38",
  "timestamp" : 1729777390,
  "timestamp_ms" : 1729777390108,
  "time" : "Thu Oct 24 15:43:10 2024",
  "jobs" : [
    {
      "jobname" : "output",
      "groupid" : 0,
      "job_start" : 1729777330052,
      "error" : 0,
      "eta" : 0,
      "elapsed" : 61,
      "job options" : {
        "name" : "output",
        "loops" : "5",
        "runtime" : "60",
        "numjobs" : "1",
        "rwmixwrite" : "25.0",
        "bs" : "16k",
        "filesize" : "1G",
        "rw" : "rw",
        "direct" : "0"
      },
      "read" : {
        "io_bytes" : 84883128320,
        "io_kbytes" : 82893680,
        "bw_bytes" : 1414718805,
        "bw" : 1381561,
        "iops" : 86347.583333,
        "runtime" : 60000,
        "total_ios" : 5180855,
        "short_ios" : 0,
        "drop_ios" : 0,
        "slat_ns" : {
          "min" : 0,
          "max" : 0,
          "mean" : 0.000000,
          "stddev" : 0.000000,
          "N" : 0
        },
        "clat_ns" : {
          "min" : 560,
          "max" : 199024534,
          "mean" : 5578.160878,
          "stddev" : 351882.362820,
          "N" : 5180855,
          "percentile" : {
            "1.000000" : 1560,
            "5.000000" : 1608,
            "10.000000" : 1624,
            "20.000000" : 1672,
            "30.000000" : 1720,
            "40.000000" : 1752,
            "50.000000" : 1800,
            "60.000000" : 1864,
            "70.000000" : 1928,
            "80.000000" : 2040,
            "90.000000" : 2224,
            "95.000000" : 34048,
            "99.000000" : 54528,
            "99.500000" : 94720,
            "99.900000" : 185344,
            "99.950000" : 220160,
            "99.990000" : 387072
          }
        },
        "lat_ns" : {
          "min" : 583,
          "max" : 199025454,
          "mean" : 5604.315685,
          "stddev" : 351883.677266,
          "N" : 5180855
        },
        "bw_min" : 168096,
        "bw_max" : 2197248,
        "bw_agg" : 100.000000,
        "bw_mean" : 1392191.781513,
        "bw_dev" : 558807.816231,
        "bw_samples" : 119,
        "iops_min" : 10506,
        "iops_max" : 137328,
        "iops_mean" : 87011.983193,
        "iops_stddev" : 34925.484529,
        "iops_samples" : 119
      },
      "write" : {
        "io_bytes" : 28313190400,
        "io_kbytes" : 27649600,
        "bw_bytes" : 471878642,
        "bw" : 460818,
        "iops" : 28801.186647,
        "runtime" : 60001,
        "total_ios" : 1728100,
        "short_ios" : 0,
        "drop_ios" : 0,
        "slat_ns" : {
          "min" : 0,
          "max" : 0,
          "mean" : 0.000000,
          "stddev" : 0.000000,
          "N" : 0
        },
        "clat_ns" : {
          "min" : 1773,
          "max" : 641405,
          "mean" : 3742.844981,
          "stddev" : 4564.397829,
          "N" : 1728100,
          "percentile" : {
            "1.000000" : 2512,
            "5.000000" : 2640,
            "10.000000" : 2704,
            "20.000000" : 2832,
            "30.000000" : 2992,
            "40.000000" : 3216,
            "50.000000" : 3344,
            "60.000000" : 3472,
            "70.000000" : 3600,
            "80.000000" : 3824,
            "90.000000" : 4448,
            "95.000000" : 5408,
            "99.000000" : 7264,
            "99.500000" : 21632,
            "99.900000" : 71168,
            "99.950000" : 101888,
            "99.990000" : 189440
          }
        },
        "lat_ns" : {
          "min" : 1826,
          "max" : 641480,
          "mean" : 3801.635275,
          "stddev" : 4578.513476,
          "N" : 1728100
        },
        "bw_min" : 55456,
        "bw_max" : 737088,
        "bw_agg" : 100.000000,
        "bw_mean" : 464383.605042,
        "bw_dev" : 185961.304377,
        "bw_samples" : 119,
        "iops_min" : 3466,
        "iops_max" : 46068,
        "iops_mean" : 29023.974790,
        "iops_stddev" : 11622.580865,
        "iops_samples" : 119
      },
      "trim" : {
        "io_bytes" : 0,
        "io_kbytes" : 0,
        "bw_bytes" : 0,
        "bw" : 0,
        "iops" : 0.000000,
        "runtime" : 0,
        "total_ios" : 0,
        "short_ios" : 0,
        "drop_ios" : 0,
        "slat_ns" : {
          "min" : 0,
          "max" : 0,
          "mean" : 0.000000,
          "stddev" : 0.000000,
          "N" : 0
        },
        "clat_ns" : {
          "min" : 0,
          "max" : 0,
          "mean" : 0.000000,
          "stddev" : 0.000000,
          "N" : 0
        },
        "lat_ns" : {
          "min" : 0,
          "max" : 0,
          "mean" : 0.000000,
          "stddev" : 0.000000,
          "N" : 0
        },
        "bw_min" : 0,
        "bw_max" : 0,
        "bw_agg" : 0.000000,
        "bw_mean" : 0.000000,
        "bw_dev" : 0.000000,
        "bw_samples" : 0,
        "iops_min" : 0,
        "iops_max" : 0,
        "iops_mean" : 0.000000,
        "iops_stddev" : 0.000000,
        "iops_samples" : 0
      },
      "sync" : {
        "total_ios" : 0,
        "lat_ns" : {
          "min" : 0,
          "max" : 0,
          "mean" : 0.000000,
          "stddev" : 0.000000,
          "N" : 0
        }
      },
      "job_runtime" : 60000,
      "usr_cpu" : 3.718333,
      "sys_cpu" : 56.383333,
      "ctx" : 103917,
      "majf" : 0,
      "minf" : 13,
      "iodepth_level" : {
        "1" : 100.000000,
        "2" : 0.000000,
        "4" : 0.000000,
        "8" : 0.000000,
        "16" : 0.000000,
        "32" : 0.000000,
        ">=64" : 0.000000
      },
      "iodepth_submit" : {
        "0" : 0.000000,
        "4" : 100.000000,
        "8" : 0.000000,
        "16" : 0.000000,
        "32" : 0.000000,
        "64" : 0.000000,
        ">=64" : 0.000000
      },
      "iodepth_complete" : {
        "0" : 0.000000,
        "4" : 100.000000,
        "8" : 0.000000,
        "16" : 0.000000,
        "32" : 0.000000,
        "64" : 0.000000,
        ">=64" : 0.000000
      },
      "latency_ns" : {
        "2" : 0.000000,
        "4" : 0.000000,
        "10" : 0.000000,
        "20" : 0.000000,
        "50" : 0.000000,
        "100" : 0.000000,
        "250" : 0.000000,
        "500" : 0.000000,
        "750" : 0.010000,
        "1000" : 0.029758
      },
      "latency_us" : {
        "2" : 57.483339,
        "4" : 34.553967,
        "10" : 3.753361,
        "20" : 0.167464,
        "50" : 3.023583,
        "100" : 0.618646,
        "250" : 0.342092,
        "500" : 0.014069,
        "750" : 0.010000,
        "1000" : 0.010000
      },
      "latency_ms" : {
        "2" : 0.010000,
        "4" : 0.010000,
        "10" : 0.010000,
        "20" : 0.010000,
        "50" : 0.010000,
        "100" : 0.010000,
        "250" : 0.010000,
        "500" : 0.000000,
        "750" : 0.000000,
        "1000" : 0.000000,
        "2000" : 0.000000,
        ">=2000" : 0.000000
      },
      "latency_depth" : 1,
      "latency_target" : 0,
      "latency_percentile" : 100.000000,
      "latency_window" : 0
    }
  ],
  "disk_util" : [
    {
      "name" : "nvme0n1",
      "read_ios" : 257014,
      "write_ios" : 37912,
      "read_sectors" : 130194752,
      "write_sectors" : 55351168,
      "read_merges" : 0,
      "write_merges" : 111,
      "read_ticks" : 34103,
      "write_ticks" : 1752419,
      "in_queue" : 1786655,
      "util" : 75.771983
    }
  ]
}
