{
  "fio version" : "fio-3.38",
  "timestamp" : 1729777450,
  "timestamp_ms" : 1729777450413,
  "time" : "Thu Oct 24 15:44:10 2024",
  "jobs" : [
    {
      "jobname" : "output",
      "groupid" : 0,
      "job_start" : 1729777390353,
      "error" : 0,
      "eta" : 0,
      "elapsed" : 61,
      "job options" : {
        "name" : "output",
        "loops" : "5",
        "runtime" : "60",
        "numjobs" : "1",
        "rwmixwrite" : "37.5",
        "bs" : "16k",
        "filesize" : "1G",
        "rw" : "rw",
        "direct" : "0"
      },
      "read" : {
        "io_bytes" : 55062609920,
        "io_kbytes" : 53772080,
        "bw_bytes" : 917694870,
        "bw" : 896186,
        "iops" : 56011.649806,
        "runtime" : 60001,
        "total_ios" : 3360755,
        "short_ios" : 0,
        "drop_ios" : 0,
        "slat_ns" : {
          "min" : 0,
          "max" : 0,
          "mean" : 0.000000,
          "stddev" : 0.000000,
          "N" : 0
        },
        "clat_ns" : {
          "min" : 573,
          "max" : 291655865,
          "mean" : 6165.276895,
          "stddev" : 464176.779108,
          "N" : 3360755,
          "percentile" : {
            "1.000000" : 1576,
            "5.000000" : 1624,
            "10.000000" : 1656,
            "20.000000" : 1720,
            "30.000000" : 1768,
            "40.000000" : 1816,
            "50.000000" : 1864,
            "60.000000" : 1944,
            "70.000000" : 2024,
            "80.000000" : 2128,
            "90.000000" : 2320,
            "95.000000" : 18048,
            "99.000000" : 47360,
            "99.500000" : 84480,
            "99.900000" : 189440,
            "99.950000" : 222208,
            "99.990000" : 428032
          }
        },
        "lat_ns" : {
          "min" : 593,
          "max" : 291656740,
          "mean" : 6192.642581,
          "stddev" : 464178.751279,
          "N" : 3360755
        },
        "bw_min" : 64,
        "bw_max" : 2097152,
        "bw_agg" : 100.000000,
        "bw_mean" : 954916.910714,
        "bw_dev" : 618148.048940,
        "bw_samples" : 112,
        "iops_min" : 4,
        "iops_max" : 131072,
        "iops_mean" : 59682.321429,
        "iops_stddev" : 38634.261414,
        "iops_samples" : 112
      },
      "write" : {
        "io_bytes" : 32343523328,
        "io_kbytes" : 31585472,
        "bw_bytes" : 539049737,
        "bw" : 526415,
        "iops" : 32900.984984,
        "runtime" : 60001,
        "total_ios" : 1974092,
        "short_ios" : 0,
        "drop_ios" : 0,
        "slat_ns" : {
          "min" : 0,
          "max" : 0,
          "mean" : 0.000000,
          "stddev" : 0.000000,
          "N" : 0
        },
        "clat_ns" : {
          "min" : 1742,
          "max" : 3412254,
          "mean" : 3919.453550,
          "stddev" : 6210.908280,
          "N" : 1974092,
          "percentile" : {
            "1.000000" : 2512,
            "5.000000" : 2608,
            "10.000000" : 2704,
            "20.000000" : 2896,
            "30.000000" : 3248,
            "40.000000" : 3344,
            "50.000000" : 3408,
            "60.000000" : 3536,
            "70.000000" : 3664,
            "80.000000" : 3920,
            "90.000000" : 5088,
            "95.000000" : 5472,
            "99.000000" : 7968,
            "99.500000" : 22912,
            "99.900000" : 99840,
            "99.950000" : 164864,
            "99.990000" : 199680
          }
        },
        "lat_ns" : {
          "min" : 1803,
          "max" : 3412340,
          "mean" : 3978.933742,
          "stddev" : 6216.703102,
          "N" : 1974092
        },
        "bw_min" : 32,
        "bw_max" : 1246112,
        "bw_agg" : 100.000000,
        "bw_mean" : 571127.109091,
        "bw_dev" : 357477.012070,
        "bw_samples" : 110,
        "iops_min" : 2,
        "iops_max" : 77882,
        "iops_mean" : 35695.436364,
        "iops_stddev" : 22342.299651,
        "iops_samples" : 110
      },
      "trim" : {
        "io_bytes" : 0,
        "io_kbytes" : 0,
        "bw_bytes" : 0,
        "bw" : 0,
        "iops" : 0.000000,
        "runtime" : 0,
        "total_ios" : 0,
        "short_ios" : 0,
        "drop_ios" : 0,
        "slat_ns" : {
          "min" : 0,
          "max" : 0,
          "mean" : 0.000000,
          "stddev" : 0.000000,
          "N" : 0
        },
        "clat_ns" : {
          "min" : 0,
          "max" : 0,
          "mean" : 0.000000,
          "stddev" : 0.000000,
          "N" : 0
        },
        "lat_ns" : {
          "min" : 0,
          "max" : 0,
          "mean" : 0.000000,
          "stddev" : 0.000000,
          "N" : 0
        },
        "bw_min" : 0,
        "bw_max" : 0,
        "bw_agg" : 0.000000,
        "bw_mean" : 0.000000,
        "bw_dev" : 0.000000,
        "bw_samples" : 0,
        "iops_min" : 0,
        "iops_max" : 0,
        "iops_mean" : 0.000000,
        "iops_stddev" : 0.000000,
        "iops_samples" : 0
      },
      "sync" : {
        "total_ios" : 0,
        "lat_ns" : {
          "min" : 0,
          "max" : 0,
          "mean" : 0.000000,
          "stddev" : 0.000000,
          "N" : 0
        }
      },
      "job_runtime" : 60000,
      "usr_cpu" : 2.883333,
      "sys_cpu" : 45.531667,
      "ctx" : 31047,
      "majf" : 0,
      "minf" : 12,
      "iodepth_level" : {
        "1" : 100.000000,
        "2" : 0.000000,
        "4" : 0.000000,
        "8" : 0.000000,
        "16" : 0.000000,
        "32" : 0.000000,
        ">=64" : 0.000000
      },
      "iodepth_submit" : {
        "0" : 0.000000,
        "4" : 100.000000,
        "8" : 0.000000,
        "16" : 0.000000,
        "32" : 0.000000,
        "64" : 0.000000,
        ">=64" : 0.000000
      },
      "iodepth_complete" : {
        "0" : 0.000000,
        "4" : 100.000000,
        "8" : 0.000000,
        "16" : 0.000000,
        "32" : 0.000000,
        "64" : 0.000000,
        ">=64" : 0.000000
      },
      "latency_ns" : {
        "2" : 0.000000,
        "4" : 0.000000,
        "10" : 0.000000,
        "20" : 0.000000,
        "50" : 0.000000,
        "100" : 0.000000,
        "250" : 0.000000,
        "500" : 0.000000,
        "750" : 0.010000,
        "1000" : 0.039101
      },
      "latency_us" : {
        "2" : 42.630857,
        "4" : 47.189526,
        "10" : 6.620658,
        "20" : 0.177156,
        "50" : 2.683807,
        "100" : 0.348707,
        "250" : 0.287975,
        "500" : 0.010853,
        "750" : 0.010000,
        "1000" : 0.010000
      },
      "latency_ms" : {
        "2" : 0.010000,
        "4" : 0.010000,
        "10" : 0.010000,
        "20" : 0.010000,
        "50" : 0.010000,
        "100" : 0.010000,
        "250" : 0.010000,
        "500" : 0.010000,
        "750" : 0.000000,
        "1000" : 0.000000,
        "2000" : 0.000000,
        ">=2000" : 0.000000
      },
      "latency_depth" : 1,
      "latency_target" : 0,
      "latency_percentile" : 100.000000,
      "latency_window" : 0
    }
  ],
  "disk_util" : [
    {
      "name" : "nvme0n1",
      "read_ios" : 158579,
      "write_ios" : 42046,
      "read_sectors" : 80341328,
      "write_sectors" : 62951128,
      "read_merges" : 0,
      "write_merges" : 110,
      "read_ticks" : 24839,
      "write_ticks" : 2838810,
      "in_queue" : 2863864,
      "util" : 78.108839
    }
  ]
}
