{
  "fio version" : "fio-3.38",
  "timestamp" : 1729777510,
  "timestamp_ms" : 1729777510711,
  "time" : "Thu Oct 24 15:45:10 2024",
  "jobs" : [
    {
      "jobname" : "output",
      "groupid" : 0,
      "job_start" : 1729777450658,
      "error" : 0,
      "eta" : 0,
      "elapsed" : 61,
      "job options" : {
        "name" : "output",
        "loops" : "5",
        "runtime" : "60",
        "numjobs" : "1",
        "rwmixwrite" : "50.0",
        "bs" : "16k",
        "filesize" : "1G",
        "rw" : "rw",
        "direct" : "0"
      },
      "read" : {
        "io_bytes" : 37429673984,
        "io_kbytes" : 36552416,
        "bw_bytes" : 623755128,
        "bw" : 609135,
        "iops" : 38070.991718,
        "runtime" : 60007,
        "total_ios" : 2284526,
        "short_ios" : 0,
        "drop_ios" : 0,
        "slat_ns" : {
          "min" : 0,
          "max" : 0,
          "mean" : 0.000000,
          "stddev" : 0.000000,
          "N" : 0
        },
        "clat_ns" : {
          "min" : 555,
          "max" : 296092111,
          "mean" : 13649.451186,
          "stddev" : 637986.886181,
          "N" : 2284526,
          "percentile" : {
            "1.000000" : 948,
            "5.000000" : 1592,
            "10.000000" : 1640,
            "20.000000" : 1704,
            "30.000000" : 1752,
            "40.000000" : 1800,
            "50.000000" : 1864,
            "60.000000" : 1944,
            "70.000000" : 2064,
            "80.000000" : 2192,
            "90.000000" : 2512,
            "95.000000" : 35584,
            "99.000000" : 54016,
            "99.500000" : 114176,
            "99.900000" : 1597440,
            "99.950000" : 4882432,
            "99.990000" : 14352384
          }
        },
        "lat_ns" : {
          "min" : 579,
          "max" : 296092924,
          "mean" : 13676.584399,
          "stddev" : 637989.672823,
          "N" : 2284526
        },
        "bw_min" : 8640,
        "bw_max" : 1452256,
        "bw_agg" : 100.000000,
        "bw_mean" : 685747.622642,
        "bw_dev" : 447930.317706,
        "bw_samples" : 106,
        "iops_min" : 540,
        "iops_max" : 90766,
        "iops_mean" : 42859.226415,
        "iops_stddev" : 27995.644857,
        "iops_samples" : 106
      },
      "write" : {
        "io_bytes" : 37394546688,
        "io_kbytes" : 36518112,
        "bw_bytes" : 623169741,
        "bw" : 608564,
        "iops" : 38035.262553,
        "runtime" : 60007,
        "total_ios" : 2282382,
        "short_ios" : 0,
        "drop_ios" : 0,
        "slat_ns" : {
          "min" : 0,
          "max" : 0,
          "mean" : 0.000000,
          "stddev" : 0.000000,
          "N" : 0
        },
        "clat_ns" : {
          "min" : 1648,
          "max" : 9541946,
          "mean" : 3089.534855,
          "stddev" : 14039.395385,
          "N" : 2282382,
          "percentile" : {
            "1.000000" : 2160,
            "5.000000" : 2384,
            "10.000000" : 2448,
            "20.000000" : 2512,
            "30.000000" : 2576,
            "40.000000" : 2640,
            "50.000000" : 2704,
            "60.000000" : 2800,
            "70.000000" : 2928,
            "80.000000" : 3184,
            "90.000000" : 3536,
            "95.000000" : 4080,
            "99.000000" : 6368,
            "99.500000" : 17536,
            "99.900000" : 35584,
            "99.950000" : 44800,
            "99.990000" : 179200
          }
        },
        "lat_ns" : {
          "min" : 1699,
          "max" : 9542017,
          "mean" : 3150.969937,
          "stddev" : 14042.902430,
          "N" : 2282382
        },
        "bw_min" : 8672,
        "bw_max" : 1452096,
        "bw_agg" : 100.000000,
        "bw_mean" : 685200.905660,
        "bw_dev" : 446902.768434,
        "bw_samples" : 106,
        "iops_min" : 542,
        "iops_max" : 90756,
        "iops_mean" : 42825.056604,
        "iops_stddev" : 27931.423027,
        "iops_samples" : 106
      },
      "trim" : {
        "io_bytes" : 0,
        "io_kbytes" : 0,
        "bw_bytes" : 0,
        "bw" : 0,
        "iops" : 0.000000,
        "runtime" : 0,
        "total_ios" : 0,
        "short_ios" : 0,
        "drop_ios" : 0,
        "slat_ns" : {
          "min" : 0,
          "max" : 0,
          "mean" : 0.000000,
          "stddev" : 0.000000,
          "N" : 0
        },
        "clat_ns" : {
          "min" : 0,
          "max" : 0,
          "mean" : 0.000000,
          "stddev" : 0.000000,
          "N" : 0
        },
        "lat_ns" : {
          "min" : 0,
          "max" : 0,
          "mean" : 0.000000,
          "stddev" : 0.000000,
          "N" : 0
        },
        "bw_min" : 0,
        "bw_max" : 0,
        "bw_agg" : 0.000000,
        "bw_mean" : 0.000000,
        "bw_dev" : 0.000000,
        "bw_samples" : 0,
        "iops_min" : 0,
        "iops_max" : 0,
        "iops_mean" : 0.000000,
        "iops_stddev" : 0.000000,
        "iops_samples" : 0
      },
      "sync" : {
        "total_ios" : 0,
        "lat_ns" : {
          "min" : 0,
          "max" : 0,
          "mean" : 0.000000,
          "stddev" : 0.000000,
          "N" : 0
        }
      },
      "job_runtime" : 60006,
      "usr_cpu" : 2.694731,
      "sys_cpu" : 35.379795,
      "ctx" : 39316,
      "majf" : 0,
      "minf" : 16,
      "iodepth_level" : {
        "1" : 100.000000,
        "2" : 0.000000,
        "4" : 0.000000,
        "8" : 0.000000,
        "16" : 0.000000,
        "32" : 0.000000,
        ">=64" : 0.000000
      },
      "iodepth_submit" : {
        "0" : 0.000000,
        "4" : 100.000000,
        "8" : 0.000000,
        "16" : 0.000000,
        "32" : 0.000000,
        "64" : 0.000000,
        ">=64" : 0.000000
      },
      "iodepth_complete" : {
        "0" : 0.000000,
        "4" : 100.000000,
        "8" : 0.000000,
        "16" : 0.000000,
        "32" : 0.000000,
        "64" : 0.000000,
        ">=64" : 0.000000
      },
      "latency_ns" : {
        "2" : 0.000000,
        "4" : 0.000000,
        "10" : 0.000000,
        "20" : 0.000000,
        "50" : 0.000000,
        "100" : 0.000000,
        "250" : 0.000000,
        "500" : 0.000000,
        "750" : 0.092951,
        "1000" : 0.508769
      },
      "latency_us" : {
        "2" : 31.978179,
        "4" : 61.224969,
        "10" : 2.767452,
        "20" : 0.203354,
        "50" : 2.654225,
        "100" : 0.259935,
        "250" : 0.244170,
        "500" : 0.010000,
        "750" : 0.010000,
        "1000" : 0.010000
      },
      "latency_ms" : {
        "2" : 0.010000,
        "4" : 0.014693,
        "10" : 0.021700,
        "20" : 0.010000,
        "50" : 0.010000,
        "100" : 0.010000,
        "250" : 0.010000,
        "500" : 0.010000,
        "750" : 0.000000,
        "1000" : 0.000000,
        "2000" : 0.000000,
        ">=2000" : 0.000000
      },
      "latency_depth" : 1,
      "latency_target" : 0,
      "latency_percentile" : 100.000000,
      "latency_window" : 0
    }
  ],
  "disk_util" : [
    {
      "name" : "nvme0n1",
      "read_ios" : 135928,
      "write_ios" : 50313,
      "read_sectors" : 68930160,
      "write_sectors" : 72020512,
      "read_merges" : 0,
      "write_merges" : 182,
      "read_ticks" : 50983,
      "write_ticks" : 1974660,
      "in_queue" : 2025874,
      "util" : 81.968772
    }
  ]
}
