{
  "fio version" : "fio-3.38",
  "timestamp" : 1729777692,
  "timestamp_ms" : 1729777692038,
  "time" : "Thu Oct 24 15:48:12 2024",
  "jobs" : [
    {
      "jobname" : "output",
      "groupid" : 0,
      "job_start" : 1729777631889,
      "error" : 0,
      "eta" : 0,
      "elapsed" : 61,
      "job options" : {
        "name" : "output",
        "loops" : "5",
        "runtime" : "60",
        "numjobs" : "1",
        "rwmixwrite" : "87.5",
        "bs" : "16k",
        "filesize" : "1G",
        "rw" : "rw",
        "direct" : "0"
      },
      "read" : {
        "io_bytes" : 8191229952,
        "io_kbytes" : 7999248,
        "bw_bytes" : 136404555,
        "bw" : 133207,
        "iops" : 8325.473348,
        "runtime" : 60051,
        "total_ios" : 499953,
        "short_ios" : 0,
        "drop_ios" : 0,
        "slat_ns" : {
          "min" : 0,
          "max" : 0,
          "mean" : 0.000000,
          "stddev" : 0.000000,
          "N" : 0
        },
        "clat_ns" : {
          "min" : 597,
          "max" : 340470769,
          "mean" : 17161.650155,
          "stddev" : 1196548.961290,
          "N" : 499953,
          "percentile" : {
            "1.000000" : 1752,
            "5.000000" : 1896,
            "10.000000" : 1960,
            "20.000000" : 2064,
            "30.000000" : 2160,
            "40.000000" : 2224,
            "50.000000" : 2288,
            "60.000000" : 2384,
            "70.000000" : 2480,
            "80.000000" : 2608,
            "90.000000" : 2896,
            "95.000000" : 3472,
            "99.000000" : 39680,
            "99.500000" : 42240,
            "99.900000" : 1400832,
            "99.950000" : 4358144,
            "99.990000" : 24248320
          }
        },
        "lat_ns" : {
          "min" : 621,
          "max" : 340470843,
          "mean" : 17191.196014,
          "stddev" : 1196549.835559,
          "N" : 499953
        },
        "bw_min" : 64,
        "bw_max" : 321312,
        "bw_agg" : 100.000000,
        "bw_mean" : 181801.090909,
        "bw_dev" : 103695.266757,
        "bw_samples" : 88,
        "iops_min" : 4,
        "iops_max" : 20082,
        "iops_mean" : 11362.568182,
        "iops_stddev" : 6480.954172,
        "iops_samples" : 88
      },
      "write" : {
        "io_bytes" : 54760980480,
        "io_kbytes" : 53477520,
        "bw_bytes" : 911907886,
        "bw" : 890535,
        "iops" : 55658.440326,
        "runtime" : 60051,
        "total_ios" : 3342345,
        "short_ios" : 0,
        "drop_ios" : 0,
        "slat_ns" : {
          "min" : 0,
          "max" : 0,
          "mean" : 0.000000,
          "stddev" : 0.000000,
          "N" : 0
        },
        "clat_ns" : {
          "min" : 1333,
          "max" : 63078039,
          "mean" : 4318.542509,
          "stddev" : 39285.827424,
          "N" : 3342345,
          "percentile" : {
            "1.000000" : 2224,
            "5.000000" : 2576,
            "10.000000" : 3152,
            "20.000000" : 3376,
            "30.000000" : 3504,
            "40.000000" : 3600,
            "50.000000" : 3696,
            "60.000000" : 3824,
            "70.000000" : 3984,
            "80.000000" : 4448,
            "90.000000" : 5536,
            "95.000000" : 5984,
            "99.000000" : 8032,
            "99.500000" : 20096,
            "99.900000" : 110080,
            "99.950000" : 189440,
            "99.990000" : 205824
          }
        },
        "lat_ns" : {
          "min" : 1392,
          "max" : 63078186,
          "mean" : 4385.623672,
          "stddev" : 39287.708426,
          "N" : 3342345
        },
        "bw_min" : 32,
        "bw_max" : 2097152,
        "bw_agg" : 100.000000,
        "bw_mean" : 1150054.193548,
        "bw_dev" : 726785.266677,
        "bw_samples" : 93,
        "iops_min" : 2,
        "iops_max" : 131072,
        "iops_mean" : 71878.387097,
        "iops_stddev" : 45424.079167,
        "iops_samples" : 93
      },
      "trim" : {
        "io_bytes" : 0,
        "io_kbytes" : 0,
        "bw_bytes" : 0,
        "bw" : 0,
        "iops" : 0.000000,
        "runtime" : 0,
        "total_ios" : 0,
        "short_ios" : 0,
        "drop_ios" : 0,
        "slat_ns" : {
          "min" : 0,
          "max" : 0,
          "mean" : 0.000000,
          "stddev" : 0.000000,
          "N" : 0
        },
        "clat_ns" : {
          "min" : 0,
          "max" : 0,
          "mean" : 0.000000,
          "stddev" : 0.000000,
          "N" : 0
        },
        "lat_ns" : {
          "min" : 0,
          "max" : 0,
          "mean" : 0.000000,
          "stddev" : 0.000000,
          "N" : 0
        },
        "bw_min" : 0,
        "bw_max" : 0,
        "bw_agg" : 0.000000,
        "bw_mean" : 0.000000,
        "bw_dev" : 0.000000,
        "bw_samples" : 0,
        "iops_min" : 0,
        "iops_max" : 0,
        "iops_mean" : 0.000000,
        "iops_stddev" : 0.000000,
        "iops_samples" : 0
      },
      "sync" : {
        "total_ios" : 0,
        "lat_ns" : {
          "min" : 0,
          "max" : 0,
          "mean" : 0.000000,
          "stddev" : 0.000000,
          "N" : 0
        }
      },
      "job_runtime" : 60050,
      "usr_cpu" : 2.584513,
      "sys_cpu" : 39.070774,
      "ctx" : 115375,
      "majf" : 0,
      "minf" : 13,
      "iodepth_level" : {
        "1" : 100.000000,
        "2" : 0.000000,
        "4" : 0.000000,
        "8" : 0.000000,
        "16" : 0.000000,
        "32" : 0.000000,
        ">=64" : 0.000000
      },
      "iodepth_submit" : {
        "0" : 0.000000,
        "4" : 100.000000,
        "8" : 0.000000,
        "16" : 0.000000,
        "32" : 0.000000,
        "64" : 0.000000,
        ">=64" : 0.000000
      },
      "iodepth_complete" : {
        "0" : 0.000000,
        "4" : 100.000000,
        "8" : 0.000000,
        "16" : 0.000000,
        "32" : 0.000000,
        "64" : 0.000000,
        ">=64" : 0.000000
      },
      "latency_ns" : {
        "2" : 0.000000,
        "4" : 0.000000,
        "10" : 0.000000,
        "20" : 0.000000,
        "50" : 0.000000,
        "100" : 0.000000,
        "250" : 0.000000,
        "500" : 0.000000,
        "750" : 0.010000,
        "1000" : 0.010000
      },
      "latency_us" : {
        "2" : 1.675169,
        "4" : 71.872796,
        "10" : 25.436392,
        "20" : 0.199360,
        "50" : 0.594332,
        "100" : 0.056112,
        "250" : 0.143378,
        "500" : 0.010000,
        "750" : 0.010000,
        "1000" : 0.010000
      },
      "latency_ms" : {
        "2" : 0.010000,
        "4" : 0.010000,
        "10" : 0.010000,
        "20" : 0.010000,
        "50" : 0.010000,
        "100" : 0.010000,
        "250" : 0.010000,
        "500" : 0.010000,
        "750" : 0.000000,
        "1000" : 0.000000,
        "2000" : 0.000000,
        ">=2000" : 0.000000
      },
      "latency_depth" : 1,
      "latency_target" : 0,
      "latency_percentile" : 100.000000,
      "latency_window" : 0
    }
  ],
  "disk_util" : [
    {
      "name" : "nvme0n1",
      "read_ios" : 13968,
      "write_ios" : 94871,
      "read_sectors" : 7031776,
      "write_sectors" : 106465344,
      "read_merges" : 0,
      "write_merges" : 241,
      "read_ticks" : 11698,
      "write_ticks" : 6052669,
      "in_queue" : 6064645,
      "util" : 74.046273
    }
  ]
}
