{
  "fio version" : "fio-3.38",
  "timestamp" : 1729779142,
  "timestamp_ms" : 1729779142801,
  "time" : "Thu Oct 24 16:12:22 2024",
  "jobs" : [
    {
      "jobname" : "output",
      "groupid" : 0,
      "job_start" : 1729779082740,
      "error" : 0,
      "eta" : 0,
      "elapsed" : 61,
      "job options" : {
        "name" : "output",
        "loops" : "5",
        "runtime" : "60",
        "numjobs" : "2",
        "rwmixwrite" : "33",
        "bs" : "16k",
        "filesize" : "1G",
        "rw" : "randrw",
        "direct" : "0"
      },
      "read" : {
        "io_bytes" : 8330444800,
        "io_kbytes" : 8135200,
        "bw_bytes" : 138838432,
        "bw" : 135584,
        "iops" : 8474.025433,
        "runtime" : 60001,
        "total_ios" : 508450,
        "short_ios" : 0,
        "drop_ios" : 0,
        "slat_ns" : {
          "min" : 0,
          "max" : 0,
          "mean" : 0.000000,
          "stddev" : 0.000000,
          "N" : 0
        },
        "clat_ns" : {
          "min" : 30296,
          "max" : 17611490,
          "mean" : 107031.741485,
          "stddev" : 266893.642389,
          "N" : 508450,
          "percentile" : {
            "1.000000" : 72192,
            "5.000000" : 73216,
            "10.000000" : 75264,
            "20.000000" : 81408,
            "30.000000" : 86528,
            "40.000000" : 89600,
            "50.000000" : 92672,
            "60.000000" : 95744,
            "70.000000" : 99840,
            "80.000000" : 108032,
            "90.000000" : 119296,
            "95.000000" : 128512,
            "99.000000" : 150528,
            "99.500000" : 171008,
            "99.900000" : 5341184,
            "99.950000" : 6389760,
            "99.990000" : 9371648
          }
        },
        "lat_ns" : {
          "min" : 30326,
          "max" : 17611598,
          "mean" : 107068.410721,
          "stddev" : 266904.502076,
          "N" : 508450
        },
        "bw_min" : 3008,
        "bw_max" : 165280,
        "bw_agg" : 49.883098,
        "bw_mean" : 135524.630252,
        "bw_dev" : 48159.193303,
        "bw_samples" : 119,
        "iops_min" : 188,
        "iops_max" : 10330,
        "iops_mean" : 8470.285714,
        "iops_stddev" : 3009.947973,
        "iops_samples" : 119
      },
      "write" : {
        "io_bytes" : 4109418496,
        "io_kbytes" : 4013104,
        "bw_bytes" : 68489166,
        "bw" : 66883,
        "iops" : 4180.246996,
        "runtime" : 60001,
        "total_ios" : 250819,
        "short_ios" : 0,
        "drop_ios" : 0,
        "slat_ns" : {
          "min" : 0,
          "max" : 0,
          "mean" : 0.000000,
          "stddev" : 0.000000,
          "N" : 0
        },
        "clat_ns" : {
          "min" : 3116,
          "max" : 258449,
          "mean" : 4615.414398,
          "stddev" : 5025.133611,
          "N" : 250819,
          "percentile" : {
            "1.000000" : 3344,
            "5.000000" : 3472,
            "10.000000" : 3536,
            "20.000000" : 3632,
            "30.000000" : 3728,
            "40.000000" : 3824,
            "50.000000" : 3920,
            "60.000000" : 4128,
            "70.000000" : 4384,
            "80.000000" : 4832,
            "90.000000" : 5728,
            "95.000000" : 6240,
            "99.000000" : 10048,
            "99.500000" : 23680,
            "99.900000" : 78336,
            "99.950000" : 102912,
            "99.990000" : 191488
          }
        },
        "lat_ns" : {
          "min" : 3180,
          "max" : 258582,
          "mean" : 4698.138407,
          "stddev" : 5039.017758,
          "N" : 250819
        },
        "bw_min" : 1696,
        "bw_max" : 85600,
        "bw_agg" : 49.818734,
        "bw_mean" : 66881.327731,
        "bw_dev" : 23767.286343,
        "bw_samples" : 119,
        "iops_min" : 106,
        "iops_max" : 5350,
        "iops_mean" : 4180.075630,
        "iops_stddev" : 1485.451117,
        "iops_samples" : 119
      },
      "trim" : {
        "io_bytes" : 0,
        "io_kbytes" : 0,
        "bw_bytes" : 0,
        "bw" : 0,
        "iops" : 0.000000,
        "runtime" : 0,
        "total_ios" : 0,
        "short_ios" : 0,
        "drop_ios" : 0,
        "slat_ns" : {
          "min" : 0,
          "max" : 0,
          "mean" : 0.000000,
          "stddev" : 0.000000,
          "N" : 0
        },
        "clat_ns" : {
          "min" : 0,
          "max" : 0,
          "mean" : 0.000000,
          "stddev" : 0.000000,
          "N" : 0
        },
        "lat_ns" : {
          "min" : 0,
          "max" : 0,
          "mean" : 0.000000,
          "stddev" : 0.000000,
          "N" : 0
        },
        "bw_min" : 0,
        "bw_max" : 0,
        "bw_agg" : 0.000000,
        "bw_mean" : 0.000000,
        "bw_dev" : 0.000000,
        "bw_samples" : 0,
        "iops_min" : 0,
        "iops_max" : 0,
        "iops_mean" : 0.000000,
        "iops_stddev" : 0.000000,
        "iops_samples" : 0
      },
      "sync" : {
        "total_ios" : 0,
        "lat_ns" : {
          "min" : 0,
          "max" : 0,
          "mean" : 0.000000,
          "stddev" : 0.000000,
          "N" : 0
        }
      },
      "job_runtime" : 60000,
      "usr_cpu" : 0.780000,
      "sys_cpu" : 8.958333,
      "ctx" : 549706,
      "majf" : 0,
      "minf" : 12,
      "iodepth_level" : {
        "1" : 100.000000,
        "2" : 0.000000,
        "4" : 0.000000,
        "8" : 0.000000,
        "16" : 0.000000,
        "32" : 0.000000,
        ">=64" : 0.000000
      },
      "iodepth_submit" : {
        "0" : 0.000000,
        "4" : 100.000000,
        "8" : 0.000000,
        "16" : 0.000000,
        "32" : 0.000000,
        "64" : 0.000000,
        ">=64" : 0.000000
      },
      "iodepth_complete" : {
        "0" : 0.000000,
        "4" : 100.000000,
        "8" : 0.000000,
        "16" : 0.000000,
        "32" : 0.000000,
        "64" : 0.000000,
        ">=64" : 0.000000
      },
      "latency_ns" : {
        "2" : 0.000000,
        "4" : 0.000000,
        "10" : 0.000000,
        "20" : 0.000000,
        "50" : 0.000000,
        "100" : 0.000000,
        "250" : 0.000000,
        "500" : 0.000000,
        "750" : 0.000000,
        "1000" : 0.000000
      },
      "latency_us" : {
        "2" : 0.000000,
        "4" : 17.969652,
        "10" : 14.730748,
        "20" : 0.088374,
        "50" : 0.186627,
        "100" : 46.588100,
        "250" : 20.270023,
        "500" : 0.025551,
        "750" : 0.010000,
        "1000" : 0.010000
      },
      "latency_ms" : {
        "2" : 0.010000,
        "4" : 0.016068,
        "10" : 0.111291,
        "20" : 0.010000,
        "50" : 0.000000,
        "100" : 0.000000,
        "250" : 0.000000,
        "500" : 0.000000,
        "750" : 0.000000,
        "1000" : 0.000000,
        "2000" : 0.000000,
        ">=2000" : 0.000000
      },
      "latency_depth" : 1,
      "latency_target" : 0,
      "latency_percentile" : 100.000000,
      "latency_window" : 0
    },
    {
      "jobname" : "output",
      "groupid" : 0,
      "job_start" : 1729779082740,
      "error" : 0,
      "eta" : 0,
      "elapsed" : 61,
      "job options" : {
        "name" : "output",
        "loops" : "5",
        "runtime" : "60",
        "numjobs" : "2",
        "rwmixwrite" : "33",
        "bs" : "16k",
        "filesize" : "1G",
        "rw" : "randrw",
        "direct" : "0"
      },
      "read" : {
        "io_bytes" : 8362049536,
        "io_kbytes" : 8166064,
        "bw_bytes" : 139365169,
        "bw" : 136098,
        "iops" : 8506.174897,
        "runtime" : 60001,
        "total_ios" : 510379,
        "short_ios" : 0,
        "drop_ios" : 0,
        "slat_ns" : {
          "min" : 0,
          "max" : 0,
          "mean" : 0.000000,
          "stddev" : 0.000000,
          "N" : 0
        },
        "clat_ns" : {
          "min" : 32909,
          "max" : 17250791,
          "mean" : 106770.977415,
          "stddev" : 269056.319566,