{
  "fio version" : "fio-3.38",
  "timestamp" : 1729777872,
  "timestamp_ms" : 1729777872925,
  "time" : "Thu Oct 24 15:51:12 2024",
  "jobs" : [
    {
      "jobname" : "output",
      "groupid" : 0,
      "job_start" : 1729777812877,
      "error" : 0,
      "eta" : 0,
      "elapsed" : 61,
      "job options" : {
        "name" : "output",
        "loops" : "5",
        "runtime" : "60",
        "numjobs" : "1",
        "rwmixwrite" : "12.5",
        "bs" : "16k",
        "filesize" : "1G",
        "rw" : "randrw",
        "direct" : "0"
      },
      "read" : {
        "io_bytes" : 12079906816,
        "io_kbytes" : 11796784,
        "bw_bytes" : 201328424,
        "bw" : 196609,
        "iops" : 12288.111865,
        "runtime" : 60001,
        "total_ios" : 737299,
        "short_ios" : 0,
        "drop_ios" : 0,
        "slat_ns" : {
          "min" : 0,
          "max" : 0,
          "mean" : 0.000000,
          "stddev" : 0.000000,
          "N" : 0
        },
        "clat_ns" : {
          "min" : 18475,
          "max" : 11517913,
          "mean" : 77606.455418,
          "stddev" : 40260.657505,
          "N" : 737299,
          "percentile" : {
            "1.000000" : 53504,
            "5.000000" : 54016,
            "10.000000" : 54528,
            "20.000000" : 57088,
            "30.000000" : 73216,
            "40.000000" : 74240,
            "50.000000" : 77312,
            "60.000000" : 87552,
            "70.000000" : 88576,
            "80.000000" : 89600,
            "90.000000" : 91648,
            "95.000000" : 93696,
            "99.000000" : 112128,
            "99.500000" : 134144,
            "99.900000" : 185344,
            "99.950000" : 246784,
            "99.990000" : 395264
          }
        },
        "lat_ns" : {
          "min" : 18508,
          "max" : 11518037,
          "mean" : 77640.381105,
          "stddev" : 40261.858828,
          "N" : 737299
        },
        "bw_min" : 105280,
        "bw_max" : 240960,
        "bw_agg" : 99.914150,
        "bw_mean" : 196441.647059,
        "bw_dev" : 28754.929095,
        "bw_samples" : 119,
        "iops_min" : 6580,
        "iops_max" : 15060,
        "iops_mean" : 12277.596639,
        "iops_stddev" : 1797.188965,
        "iops_samples" : 119
      },
      "write" : {
        "io_bytes" : 1654800384,
        "io_kbytes" : 1616016,
        "bw_bytes" : 27579546,
        "bw" : 26933,
        "iops" : 1683.321945,
        "runtime" : 60001,
        "total_ios" : 101001,
        "short_ios" : 0,
        "drop_ios" : 0,
        "slat_ns" : {
          "min" : 0,
          "max" : 0,
          "mean" : 0.000000,
          "stddev" : 0.000000,
          "N" : 0
        },
        "clat_ns" : {
          "min" : 3097,
          "max" : 214259,
          "mean" : 4641.033643,
          "stddev" : 5442.919208,
          "N" : 101001,
          "percentile" : {
            "1.000000" : 3408,
            "5.000000" : 3536,
            "10.000000" : 3600,
            "20.000000" : 3728,
            "30.000000" : 3792,
            "40.000000" : 3888,
            "50.000000" : 3984,
            "60.000000" : 4192,
            "70.000000" : 4512,
            "80.000000" : 4832,
            "90.000000" : 5664,
            "95.000000" : 6048,
            "99.000000" : 7840,
            "99.500000" : 21120,
            "99.900000" : 94720,
            "99.950000" : 110080,
            "99.990000" : 183296
          }
        },
        "lat_ns" : {
          "min" : 3175,
          "max" : 214360,
          "mean" : 4721.197236,
          "stddev" : 5449.080883,
          "N" : 101001
        },
        "bw_min" : 14272,
        "bw_max" : 33600,
        "bw_agg" : 99.914045,
        "bw_mean" : 26910.000000,
        "bw_dev" : 4037.327099,
        "bw_samples" : 119,
        "iops_min" : 892,
        "iops_max" : 2100,
        "iops_mean" : 1681.873950,
        "iops_stddev" : 252.333971,
        "iops_samples" : 119
      },
      "trim" : {
        "io_bytes" : 0,
        "io_kbytes" : 0,
        "bw_bytes" : 0,
        "bw" : 0,
        "iops" : 0.000000,
        "runtime" : 0,
        "total_ios" : 0,
        "short_ios" : 0,
        "drop_ios" : 0,
        "slat_ns" : {
          "min" : 0,
          "max" : 0,
          "mean" : 0.000000,
          "stddev" : 0.000000,
          "N" : 0
        },
        "clat_ns" : {
          "min" : 0,
          "max" : 0,
          "mean" : 0.000000,
          "stddev" : 0.000000,
          "N" : 0
        },
        "lat_ns" : {
          "min" : 0,
          "max" : 0,
          "mean" : 0.000000,
          "stddev" : 0.000000,
          "N" : 0
        },
        "bw_min" : 0,
        "bw_max" : 0,
        "bw_agg" : 0.000000,
        "bw_mean" : 0.000000,
        "bw_dev" : 0.000000,
        "bw_samples" : 0,
        "iops_min" : 0,
        "iops_max" : 0,
        "iops_mean" : 0.000000,
        "iops_stddev" : 0.000000,
        "iops_samples" : 0
      },
      "sync" : {
        "total_ios" : 0,
        "lat_ns" : {
          "min" : 0,
          "max" : 0,
          "mean" : 0.000000,
          "stddev" : 0.000000,
          "N" : 0
        }
      },
      "job_runtime" : 60000,
      "usr_cpu" : 0.690000,
      "sys_cpu" : 9.538333,
      "ctx" : 754408,
      "majf" : 0,
      "minf" : 10,
      "iodepth_level" : {
        "1" : 100.000000,
        "2" : 0.000000,
        "4" : 0.000000,
        "8" : 0.000000,
        "16" : 0.000000,
        "32" : 0.000000,
        ">=64" : 0.000000
      },
      "iodepth_submit" : {
        "0" : 0.000000,
        "4" : 100.000000,
        "8" : 0.000000,
        "16" : 0.000000,
        "32" : 0.000000,
        "64" : 0.000000,
        ">=64" : 0.000000
      },
      "iodepth_complete" : {
        "0" : 0.000000,
        "4" : 100.000000,
        "8" : 0.000000,
        "16" : 0.000000,
        "32" : 0.000000,
        "64" : 0.000000,
        ">=64" : 0.000000
      },
      "latency_ns" : {
        "2" : 0.000000,
        "4" : 0.000000,
        "10" : 0.000000,
        "20" : 0.000000,
        "50" : 0.000000,
        "100" : 0.000000,
        "250" : 0.000000,
        "500" : 0.000000,
        "750" : 0.000000,
        "1000" : 0.000000
      },
      "latency_us" : {
        "2" : 0.000000,
        "4" : 6.125850,
        "10" : 5.833234,
        "20" : 0.028391,
        "50" : 0.034832,
        "100" : 86.516522,
        "250" : 1.420136,
        "500" : 0.034236,
        "750" : 0.010000,
        "1000" : 0.010000
      },
      "latency_ms" : {
        "2" : 0.010000,
        "4" : 0.010000,
        "10" : 0.010000,
        "20" : 0.010000,
        "50" : 0.000000,
        "100" : 0.000000,
        "250" : 0.000000,
        "500" : 0.000000,
        "750" : 0.000000,
        "1000" : 0.000000,
        "2000" : 0.000000,
        ">=2000" : 0.000000
      },
      "latency_depth" : 1,
      "latency_target" : 0,
      "latency_percentile" : 100.000000,
      "latency_window" : 0
    }
  ],
  "disk_util" : [
    {
      "name" : "nvme0n1",
      "read_ios" : 735765,
      "write_ios" : 83797,
      "read_sectors" : 23544528,
      "write_sectors" : 3034336,
      "read_merges" : 0,
      "write_merges" : 21,
      "read_ticks" : 52651,
      "write_ticks" : 4452,
      "in_queue" : 57122,
      "util" : 87.203096
    }
  ]
}
