{
  "fio version" : "fio-3.38",
  "timestamp" : 1729778235,
  "timestamp_ms" : 1729778235673,
  "time" : "Thu Oct 24 15:57:15 2024",
  "jobs" : [
    {
      "jobname" : "output",
      "groupid" : 0,
      "job_start" : 1729778175610,
      "error" : 0,
      "eta" : 0,
      "elapsed" : 61,
      "job options" : {
        "name" : "output",
        "loops" : "5",
        "runtime" : "60",
        "numjobs" : "1",
        "rwmixwrite" : "87.5",
        "bs" : "16k",
        "filesize" : "1G",
        "rw" : "randrw",
        "direct" : "0"
      },
      "read" : {
        "io_bytes" : 4745232384,
        "io_kbytes" : 4634016,
        "bw_bytes" : 79080616,
        "bw" : 77227,
        "iops" : 4826.697775,
        "runtime" : 60005,
        "total_ios" : 289626,
        "short_ios" : 0,
        "drop_ios" : 0,
        "slat_ns" : {
          "min" : 0,
          "max" : 0,
          "mean" : 0.000000,
          "stddev" : 0.000000,
          "N" : 0
        },
        "clat_ns" : {
          "min" : 34937,
          "max" : 24071600,
          "mean" : 113402.822851,
          "stddev" : 522486.127393,
          "N" : 289626,
          "percentile" : {
            "1.000000" : 53504,
            "5.000000" : 54528,
            "10.000000" : 55040,
            "20.000000" : 56064,
            "30.000000" : 60160,
            "40.000000" : 73216,
            "50.000000" : 75264,
            "60.000000" : 77312,
            "70.000000" : 87552,
            "80.000000" : 89600,
            "90.000000" : 91648,
            "95.000000" : 93696,
            "99.000000" : 197632,
            "99.500000" : 3227648,
            "99.900000" : 8978432,
            "99.950000" : 10289152,
            "99.990000" : 13303808
          }
        },
        "lat_ns" : {
          "min" : 34967,
          "max" : 24071698,
          "mean" : 113435.456192,
          "stddev" : 522494.137911,
          "N" : 289626
        },
        "bw_min" : 384,
        "bw_max" : 176704,
        "bw_agg" : 100.000000,
        "bw_mean" : 84404.550459,
        "bw_dev" : 45749.867311,
        "bw_samples" : 109,
        "iops_min" : 24,
        "iops_max" : 11044,
        "iops_mean" : 5275.284404,
        "iops_stddev" : 2859.366707,
        "iops_samples" : 109
      },
      "write" : {
        "io_bytes" : 31701925888,
        "io_kbytes" : 30958912,
        "bw_bytes" : 528321404,
        "bw" : 515938,
        "iops" : 32246.179485,
        "runtime" : 60005,
        "total_ios" : 1934932,
        "short_ios" : 0,
        "drop_ios" : 0,
        "slat_ns" : {
          "min" : 0,
          "max" : 0,
          "mean" : 0.000000,
          "stddev" : 0.000000,
          "N" : 0
        },
        "clat_ns" : {
          "min" : 2998,
          "max" : 425383,
          "mean" : 4276.305555,
          "stddev" : 6164.264810,
          "N" : 1934932,
          "percentile" : {
            "1.000000" : 3248,
            "5.000000" : 3344,
            "10.000000" : 3408,
            "20.000000" : 3472,
            "30.000000" : 3536,
            "40.000000" : 3600,
            "50.000000" : 3664,
            "60.000000" : 3760,
            "70.000000" : 3888,
            "80.000000" : 4192,
            "90.000000" : 5280,
            "95.000000" : 5536,
            "99.000000" : 6688,
            "99.500000" : 19840,
            "99.900000" : 107008,
            "99.950000" : 191488,
            "99.990000" : 197632
          }
        },
        "lat_ns" : {
          "min" : 3056,
          "max" : 425450,
          "mean" : 4345.585802,
          "stddev" : 6171.848474,
          "N" : 1934932
        },
        "bw_min" : 2368,
        "bw_max" : 1190496,
        "bw_agg" : 100.000000,
        "bw_mean" : 563772.477064,
        "bw_dev" : 304277.434086,
        "bw_samples" : 109,
        "iops_min" : 148,
        "iops_max" : 74406,
        "iops_mean" : 35235.779817,
        "iops_stddev" : 19017.339630,
        "iops_samples" : 109
      },
      "trim" : {
        "io_bytes" : 0,
        "io_kbytes" : 0,
        "bw_bytes" : 0,
        "bw" : 0,
        "iops" : 0.000000,
        "runtime" : 0,
        "total_ios" : 0,
        "short_ios" : 0,
        "drop_ios" : 0,
        "slat_ns" : {
          "min" : 0,
          "max" : 0,
          "mean" : 0.000000,
          "stddev" : 0.000000,
          "N" : 0
        },
        "clat_ns" : {
          "min" : 0,
          "max" : 0,
          "mean" : 0.000000,
          "stddev" : 0.000000,
          "N" : 0
        },
        "lat_ns" : {
          "min" : 0,
          "max" : 0,
          "mean" : 0.000000,
          "stddev" : 0.000000,
          "N" : 0
        },
        "bw_min" : 0,
        "bw_max" : 0,
        "bw_agg" : 0.000000,
        "bw_mean" : 0.000000,
        "bw_dev" : 0.000000,
        "bw_samples" : 0,
        "iops_min" : 0,
        "iops_max" : 0,
        "iops_mean" : 0.000000,
        "iops_stddev" : 0.000000,
        "iops_samples" : 0
      },
      "sync" : {
        "total_ios" : 0,
        "lat_ns" : {
          "min" : 0,
          "max" : 0,
          "mean" : 0.000000,
          "stddev" : 0.000000,
          "N" : 0
        }
      },
      "job_runtime" : 60004,
      "usr_cpu" : 1.504900,
      "sys_cpu" : 26.003266,
      "ctx" : 297846,
      "majf" : 0,
      "minf" : 12,
      "iodepth_level" : {
        "1" : 100.000000,
        "2" : 0.000000,
        "4" : 0.000000,
        "8" : 0.000000,
        "16" : 0.000000,
        "32" : 0.000000,
        ">=64" : 0.000000
      },
      "iodepth_submit" : {
        "0" : 0.000000,
        "4" : 100.000000,
        "8" : 0.000000,
        "16" : 0.000000,
        "32" : 0.000000,
        "64" : 0.000000,
        ">=64" : 0.000000
      },
      "iodepth_complete" : {
        "0" : 0.000000,
        "4" : 100.000000,
        "8" : 0.000000,
        "16" : 0.000000,
        "32" : 0.000000,
        "64" : 0.000000,
        ">=64" : 0.000000
      },
      "latency_ns" : {
        "2" : 0.000000,
        "4" : 0.000000,
        "10" : 0.000000,
        "20" : 0.000000,
        "50" : 0.000000,
        "100" : 0.000000,
        "250" : 0.000000,
        "500" : 0.000000,
        "750" : 0.000000,
        "1000" : 0.000000
      },
      "latency_us" : {
        "2" : 0.000000,
        "4" : 64.829103,
        "10" : 21.606360,
        "20" : 0.124115,
        "50" : 0.222022,
        "100" : 12.767615,
        "250" : 0.328245,
        "500" : 0.019285,
        "750" : 0.010000,
        "1000" : 0.010000
      },
      "latency_ms" : {
        "2" : 0.016543,
        "4" : 0.011823,
        "10" : 0.053269,
        "20" : 0.010000,
        "50" : 0.010000,
        "100" : 0.000000,
        "250" : 0.000000,
        "500" : 0.000000,
        "750" : 0.000000,
        "1000" : 0.000000,
        "2000" : 0.000000,
        ">=2000" : 0.000000
      },
      "latency_depth" : 1,
      "latency_target" : 0,
      "latency_percentile" : 100.000000,
      "latency_window" : 0
    }
  ],
  "disk_util" : [
    {
      "name" : "nvme0n1",
      "read_ios" : 288874,
      "write_ios" : 407355,
      "read_sectors" : 9243968,
      "write_sectors" : 60545008,
      "read_merges" : 0,
      "write_merges" : 27,
      "read_ticks" : 30884,
      "write_ticks" : 2099529,
      "in_queue" : 2130581,
      "util" : 69.318940
    }
  ]
}
