{
  "fio version" : "fio-3.38",
  "timestamp" : 1729778114,
  "timestamp_ms" : 1729778114221,
  "time" : "Thu Oct 24 15:55:14 2024",
  "jobs" : [
    {
      "jobname" : "output",
      "groupid" : 0,
      "job_start" : 1729778054073,
      "error" : 0,
      "eta" : 0,
      "elapsed" : 61,
      "job options" : {
        "name" : "output",
        "loops" : "5",
        "runtime" : "60",
        "numjobs" : "1",
        "rwmixwrite" : "62.5",
        "bs" : "16k",
        "filesize" : "1G",
        "rw" : "randrw",
        "direct" : "0"
      },
      "read" : {
        "io_bytes" : 7756316672,
        "io_kbytes" : 7574528,
        "bw_bytes" : 129033233,
        "bw" : 126009,
        "iops" : 7875.563541,
        "runtime" : 60111,
        "total_ios" : 473408,
        "short_ios" : 0,
        "drop_ios" : 0,
        "slat_ns" : {
          "min" : 0,
          "max" : 0,
          "mean" : 0.000000,
          "stddev" : 0.000000,
          "N" : 0
        },
        "clat_ns" : {
          "min" : 32202,
          "max" : 11687980,
          "mean" : 86434.939255,
          "stddev" : 100427.553202,
          "N" : 473408,
          "percentile" : {
            "1.000000" : 72192,
            "5.000000" : 73216,
            "10.000000" : 73216,
            "20.000000" : 75264,
            "30.000000" : 76288,
            "40.000000" : 79360,
            "50.000000" : 87552,
            "60.000000" : 89600,
            "70.000000" : 90624,
            "80.000000" : 91648,
            "90.000000" : 93696,
            "95.000000" : 95744,
            "99.000000" : 112128,
            "99.500000" : 134144,
            "99.900000" : 207872,
            "99.950000" : 276480,
            "99.990000" : 6586368
          }
        },
        "lat_ns" : {
          "min" : 32231,
          "max" : 11688067,
          "mean" : 86467.400940,
          "stddev" : 100429.357627,
          "N" : 473408
        },
        "bw_min" : 2304,
        "bw_max" : 180896,
        "bw_agg" : 100.000000,
        "bw_mean" : 141579.364486,
        "bw_dev" : 50146.001285,
        "bw_samples" : 107,
        "iops_min" : 144,
        "iops_max" : 11306,
        "iops_mean" : 8848.728972,
        "iops_stddev" : 3134.136484,
        "iops_samples" : 107
      },
      "write" : {
        "io_bytes" : 12644794368,
        "io_kbytes" : 12348432,
        "bw_bytes" : 210357411,
        "bw" : 205427,
        "iops" : 12839.197485,
        "runtime" : 60111,
        "total_ios" : 771777,
        "short_ios" : 0,
        "drop_ios" : 0,
        "slat_ns" : {
          "min" : 0,
          "max" : 0,
          "mean" : 0.000000,
          "stddev" : 0.000000,
          "N" : 0
        },
        "clat_ns" : {
          "min" : 3050,
          "max" : 475255,
          "mean" : 4288.391144,
          "stddev" : 5912.330808,
          "N" : 771777,
          "percentile" : {
            "1.000000" : 3280,
            "5.000000" : 3376,
            "10.000000" : 3408,
            "20.000000" : 3504,
            "30.000000" : 3568,
            "40.000000" : 3632,
            "50.000000" : 3696,
            "60.000000" : 3792,
            "70.000000" : 3952,
            "80.000000" : 4320,
            "90.000000" : 5344,
            "95.000000" : 5600,
            "99.000000" : 6560,
            "99.500000" : 10304,
            "99.900000" : 103936,
            "99.950000" : 187392,
            "99.990000" : 193536
          }
        },
        "lat_ns" : {
          "min" : 3108,
          "max" : 475330,
          "mean" : 4359.606145,
          "stddev" : 5918.789441,
          "N" : 771777
        },
        "bw_min" : 3968,
        "bw_max" : 296352,
        "bw_agg" : 100.000000,
        "bw_mean" : 230811.813084,
        "bw_dev" : 81515.736718,
        "bw_samples" : 107,
        "iops_min" : 248,
        "iops_max" : 18522,
        "iops_mean" : 14425.738318,
        "iops_stddev" : 5094.733545,
        "iops_samples" : 107
      },
      "trim" : {
        "io_bytes" : 0,
        "io_kbytes" : 0,
        "bw_bytes" : 0,
        "bw" : 0,
        "iops" : 0.000000,
        "runtime" : 0,
        "total_ios" : 0,
        "short_ios" : 0,
        "drop_ios" : 0,
        "slat_ns" : {
          "min" : 0,
          "max" : 0,
          "mean" : 0.000000,
          "stddev" : 0.000000,
          "N" : 0
        },
        "clat_ns" : {
          "min" : 0,
          "max" : 0,
          "mean" : 0.000000,
          "stddev" : 0.000000,
          "N" : 0
        },
        "lat_ns" : {
          "min" : 0,
          "max" : 0,
          "mean" : 0.000000,
          "stddev" : 0.000000,
          "N" : 0
        },
        "bw_min" : 0,
        "bw_max" : 0,
        "bw_agg" : 0.000000,
        "bw_mean" : 0.000000,
        "bw_dev" : 0.000000,
        "bw_samples" : 0,
        "iops_min" : 0,
        "iops_max" : 0,
        "iops_mean" : 0.000000,
        "iops_stddev" : 0.000000,
        "iops_samples" : 0
      },
      "sync" : {
        "total_ios" : 0,
        "lat_ns" : {
          "min" : 0,
          "max" : 0,
          "mean" : 0.000000,
          "stddev" : 0.000000,
          "N" : 0
        }
      },
      "job_runtime" : 60110,
      "usr_cpu" : 0.999834,
      "sys_cpu" : 15.390118,
      "ctx" : 485522,
      "majf" : 0,
      "minf" : 12,
      "iodepth_level" : {
        "1" : 100.000000,
        "2" : 0.000000,
        "4" : 0.000000,
        "8" : 0.000000,
        "16" : 0.000000,
        "32" : 0.000000,
        ">=64" : 0.000000
      },
      "iodepth_submit" : {
        "0" : 0.000000,
        "4" : 100.000000,
        "8" : 0.000000,
        "16" : 0.000000,
        "32" : 0.000000,
        "64" : 0.000000,
        ">=64" : 0.000000
      },
      "iodepth_complete" : {
        "0" : 0.000000,
        "4" : 100.000000,
        "8" : 0.000000,
        "16" : 0.000000,
        "32" : 0.000000,
        "64" : 0.000000,
        ">=64" : 0.000000
      },
      "latency_ns" : {
        "2" : 0.000000,
        "4" : 0.000000,
        "10" : 0.000000,
        "20" : 0.000000,
        "50" : 0.000000,
        "100" : 0.000000,
        "250" : 0.000000,
        "500" : 0.000000,
        "750" : 0.000000,
        "1000" : 0.000000
      },
      "latency_us" : {
        "2" : 0.000000,
        "4" : 44.821131,
        "10" : 16.844003,
        "20" : 0.050434,
        "50" : 0.131145,
        "100" : 37.416930,
        "250" : 0.701342,
        "500" : 0.024012,
        "750" : 0.010000,
        "1000" : 0.010000
      },
      "latency_ms" : {
        "2" : 0.010000,
        "4" : 0.010000,
        "10" : 0.010000,
        "20" : 0.010000,
        "50" : 0.000000,
        "100" : 0.000000,
        "250" : 0.000000,
        "500" : 0.000000,
        "750" : 0.000000,
        "1000" : 0.000000,
        "2000" : 0.000000,
        ">=2000" : 0.000000
      },
      "latency_depth" : 1,
      "latency_target" : 0,
      "latency_percentile" : 100.000000,
      "latency_window" : 0
    }
  ],
  "disk_util" : [
    {
      "name" : "nvme0n1",
      "read_ios" : 473407,
      "write_ios" : 316376,
      "read_sectors" : 15149024,
      "write_sectors" : 25087296,
      "read_merges" : 0,
      "write_merges" : 25,
      "read_ticks" : 38040,
      "write_ticks" : 2006072,
      "in_queue" : 2044150,
      "util" : 82.679411
    }
  ]
}
