{
  "fio version" : "fio-3.38",
  "timestamp" : 1729690286,
  "timestamp_ms" : 1729690286642,
  "time" : "Wed Oct 23 15:31:26 2024",
  "jobs" : [
    {
      "jobname" : "output",
      "groupid" : 0,
      "job_start" : 1729690226594,
      "error" : 0,
      "eta" : 0,
      "elapsed" : 61,
      "job options" : {
        "name" : "output",
        "loops" : "5",
        "runtime" : "60",
        "numjobs" : "1",
        "rwmixwrite" : "33",
        "bs" : "16k",
        "filesize" : "1G",
        "rw" : "randrw",
        "direct" : "0"
      },
      "read" : {
        "io_bytes" : 9595584512,
        "io_kbytes" : 9370688,
        "bw_bytes" : 159923743,
        "bw" : 156175,
        "iops" : 9760.970650,
        "runtime" : 60001,
        "total_ios" : 585668,
        "short_ios" : 0,
        "drop_ios" : 0,
        "slat_ns" : {
          "min" : 0,
          "max" : 0,
          "mean" : 0.000000,
          "stddev" : 0.000000,
          "N" : 0
        },
        "clat_ns" : {
          "min" : 3201,
          "max" : 54590555,
          "mean" : 88927.360334,
          "stddev" : 158493.204193,
          "N" : 585668,
          "percentile" : {
            "1.000000" : 72192,
            "5.000000" : 73216,
            "10.000000" : 74240,
            "20.000000" : 75264,
            "30.000000" : 77312,
            "40.000000" : 83456,
            "50.000000" : 88576,
            "60.000000" : 89600,
            "70.000000" : 90624,
            "80.000000" : 92672,
            "90.000000" : 94720,
            "95.000000" : 100864,
            "99.000000" : 140288,
            "99.500000" : 173056,
            "99.900000" : 288768,
            "99.950000" : 456704,
            "99.990000" : 6389760
          }
        },
        "lat_ns" : {
          "min" : 3233,
          "max" : 54591404,
          "mean" : 88960.396146,
          "stddev" : 158496.548057,
          "N" : 585668
        },
        "bw_min" : 25568,
        "bw_max" : 184800,
        "bw_agg" : 99.972768,
        "bw_mean" : 156133.915966,
        "bw_dev" : 40485.347479,
        "bw_samples" : 119,
        "iops_min" : 1598,
        "iops_max" : 11550,
        "iops_mean" : 9758.352941,
        "iops_stddev" : 2530.323549,
        "iops_samples" : 119
      },
      "write" : {
        "io_bytes" : 4737236992,
        "io_kbytes" : 4626208,
        "bw_bytes" : 78952633,
        "bw" : 77102,
        "iops" : 4818.886352,
        "runtime" : 60001,
        "total_ios" : 289138,
        "short_ios" : 0,
        "drop_ios" : 0,
        "slat_ns" : {
          "min" : 0,
          "max" : 0,
          "mean" : 0.000000,
          "stddev" : 0.000000,
          "N" : 0
        },
        "clat_ns" : {
          "min" : 3913,
          "max" : 305295,
          "mean" : 6728.765538,
          "stddev" : 6051.990793,
          "N" : 289138,
          "percentile" : {
            "1.000000" : 4256,
            "5.000000" : 4448,
            "10.000000" : 4576,
            "20.000000" : 4768,
            "30.000000" : 4960,
            "40.000000" : 5216,
            "50.000000" : 5664,
            "60.000000" : 6304,
            "70.000000" : 6688,
            "80.000000" : 7200,
            "90.000000" : 8512,
            "95.000000" : 10560,
            "99.000000" : 26240,
            "99.500000" : 37632,
            "99.900000" : 88576,
            "99.950000" : 118272,
            "99.990000" : 193536
          }
        },
        "lat_ns" : {
          "min" : 3990,
          "max" : 305400,
          "mean" : 6806.704304,
          "stddev" : 6079.253317,
          "N" : 289138
        },
        "bw_min" : 12736,
        "bw_max" : 97088,
        "bw_agg" : 99.953074,
        "bw_mean" : 77066.756303,
        "bw_dev" : 20057.696532,
        "bw_samples" : 119,
        "iops_min" : 796,
        "iops_max" : 6068,
        "iops_mean" : 4816.672269,
        "iops_stddev" : 1253.606033,
        "iops_samples" : 119
      },
      "trim" : {
        "io_bytes" : 0,
        "io_kbytes" : 0,
        "bw_bytes" : 0,
        "bw" : 0,
        "iops" : 0.000000,
        "runtime" : 0,
        "total_ios" : 0,
        "short_ios" : 0,
        "drop_ios" : 0,
        "slat_ns" : {
          "min" : 0,
          "max" : 0,
          "mean" : 0.000000,
          "stddev" : 0.000000,
          "N" : 0
        },
        "clat_ns" : {
          "min" : 0,
          "max" : 0,
          "mean" : 0.000000,
          "stddev" : 0.000000,
          "N" : 0
        },
        "lat_ns" : {
          "min" : 0,
          "max" : 0,
          "mean" : 0.000000,
          "stddev" : 0.000000,
          "N" : 0
        },
        "bw_min" : 0,
        "bw_max" : 0,
        "bw_agg" : 0.000000,
        "bw_mean" : 0.000000,
        "bw_dev" : 0.000000,
        "bw_samples" : 0,
        "iops_min" : 0,
        "iops_max" : 0,
        "iops_mean" : 0.000000,
        "iops_stddev" : 0.000000,
        "iops_samples" : 0
      },
      "sync" : {
        "total_ios" : 0,
        "lat_ns" : {
          "min" : 0,
          "max" : 0,
          "mean" : 0.000000,
          "stddev" : 0.000000,
          "N" : 0
        }
      },
      "job_runtime" : 60000,
      "usr_cpu" : 1.086667,
      "sys_cpu" : 12.213333,
      "ctx" : 598458,
      "majf" : 0,
      "minf" : 19,
      "iodepth_level" : {
        "1" : 100.000000,
        "2" : 0.000000,
        "4" : 0.000000,
        "8" : 0.000000,
        "16" : 0.000000,
        "32" : 0.000000,
        ">=64" : 0.000000
      },
      "iodepth_submit" : {
        "0" : 0.000000,
        "4" : 100.000000,
        "8" : 0.000000,
        "16" : 0.000000,
        "32" : 0.000000,
        "64" : 0.000000,
        ">=64" : 0.000000
      },
      "iodepth_complete" : {
        "0" : 0.000000,
        "4" : 100.000000,
        "8" : 0.000000,
        "16" : 0.000000,
        "32" : 0.000000,
        "64" : 0.000000,
        ">=64" : 0.000000
      },
      "latency_ns" : {
        "2" : 0.000000,
        "4" : 0.000000,
        "10" : 0.000000,
        "20" : 0.000000,
        "50" : 0.000000,
        "100" : 0.000000,
        "250" : 0.000000,
        "500" : 0.000000,
        "750" : 0.000000,
        "1000" : 0.000000
      },
      "latency_us" : {
        "2" : 0.000000,
        "4" : 0.010000,
        "10" : 31.132274,
        "20" : 1.389908,
        "50" : 0.440326,
        "100" : 63.505509,
        "250" : 3.420644,
        "500" : 0.076360,
        "750" : 0.010000,
        "1000" : 0.010000
      },
      "latency_ms" : {
        "2" : 0.010000,
        "4" : 0.010000,
        "10" : 0.011088,
        "20" : 0.010000,
        "50" : 0.010000,
        "100" : 0.010000,
        "250" : 0.000000,
        "500" : 0.000000,
        "750" : 0.000000,
        "1000" : 0.000000,
        "2000" : 0.000000,
        ">=2000" : 0.000000
      },
      "latency_depth" : 1,
      "latency_target" : 0,
      "latency_percentile" : 100.000000,
      "latency_window" : 0
    }
  ],
  "disk_util" : [
    {
      "name" : "nvme0n1",
      "read_ios" : 589170,
      "write_ios" : 195793,
      "read_sectors" : 19796520,
      "write_sectors" : 9739032,
      "read_merges" : 0,
      "write_merges" : 193,
      "read_ticks" : 49347,
      "write_ticks" : 447044,
      "in_queue" : 496561,
      "util" : 84.088938
    }
  ]
}
