{
  "fio version" : "fio-3.38",
  "timestamp" : 1729690348,
  "timestamp_ms" : 1729690348533,
  "time" : "Wed Oct 23 15:32:28 2024",
  "jobs" : [
    {
      "jobname" : "output",
      "groupid" : 0,
      "job_start" : 1729690288490,
      "error" : 0,
      "eta" : 0,
      "elapsed" : 61,
      "job options" : {
        "name" : "output",
        "loops" : "5",
        "runtime" : "60",
        "numjobs" : "2",
        "rwmixwrite" : "33",
        "bs" : "16k",
        "filesize" : "1G",
        "rw" : "randrw",
        "direct" : "0"
      },
      "read" : {
        "io_bytes" : 8086077440,
        "io_kbytes" : 7896560,
        "bw_bytes" : 134765711,
        "bw" : 131607,
        "iops" : 8225.446243,
        "runtime" : 60001,
        "total_ios" : 493535,
        "short_ios" : 0,
        "drop_ios" : 0,
        "slat_ns" : {
          "min" : 0,
          "max" : 0,
          "mean" : 0.000000,
          "stddev" : 0.000000,
          "N" : 0
        },
        "clat_ns" : {
          "min" : 30146,
          "max" : 37592829,
          "mean" : 110894.039126,
          "stddev" : 316339.944977,
          "N" : 493535,
          "percentile" : {
            "1.000000" : 73216,
            "5.000000" : 74240,
            "10.000000" : 76288,
            "20.000000" : 82432,
            "30.000000" : 87552,
            "40.000000" : 90624,
            "50.000000" : 93696,
            "60.000000" : 96768,
            "70.000000" : 100864,
            "80.000000" : 109056,
            "90.000000" : 121344,
            "95.000000" : 132096,
            "99.000000" : 160768,
            "99.500000" : 203776,
            "99.900000" : 5996544,
            "99.950000" : 7307264,
            "99.990000" : 10813440
          }
        },
        "lat_ns" : {
          "min" : 30173,
          "max" : 37593300,
          "mean" : 110939.192787,
          "stddev" : 316350.579230,
          "N" : 493535
        },
        "bw_min" : 14560,
        "bw_max" : 162944,
        "bw_agg" : 49.910313,
        "bw_mean" : 131483.697479,
        "bw_dev" : 38408.522201,
        "bw_samples" : 119,
        "iops_min" : 910,
        "iops_max" : 10184,
        "iops_mean" : 8217.731092,
        "iops_stddev" : 2400.532638,
        "iops_samples" : 119
      },
      "write" : {
        "io_bytes" : 3991437312,
        "io_kbytes" : 3897888,
        "bw_bytes" : 66522846,
        "bw" : 64963,
        "iops" : 4060.232329,
        "runtime" : 60001,
        "total_ios" : 243618,
        "short_ios" : 0,
        "drop_ios" : 0,
        "slat_ns" : {
          "min" : 0,
          "max" : 0,
          "mean" : 0.000000,
          "stddev" : 0.000000,
          "N" : 0
        },
        "clat_ns" : {
          "min" : 3997,
          "max" : 239803,
          "mean" : 6899.829988,
          "stddev" : 4842.731454,
          "N" : 243618,
          "percentile" : {
            "1.000000" : 4448,
            "5.000000" : 4768,
            "10.000000" : 4960,
            "20.000000" : 5280,
            "30.000000" : 5536,
            "40.000000" : 5792,
            "50.000000" : 6048,
            "60.000000" : 6432,
            "70.000000" : 6944,
            "80.000000" : 7584,
            "90.000000" : 8512,
            "95.000000" : 9920,
            "99.000000" : 24704,
            "99.500000" : 31872,
            "99.900000" : 67072,
            "99.950000" : 93696,
            "99.990000" : 187392
          }
        },
        "lat_ns" : {
          "min" : 4070,
          "max" : 239883,
          "mean" : 7001.278190,
          "stddev" : 4870.502196,
          "N" : 243618
        },
        "bw_min" : 7328,
        "bw_max" : 83392,
        "bw_agg" : 49.850122,
        "bw_mean" : 64918.319328,
        "bw_dev" : 18759.987911,
        "bw_samples" : 119,
        "iops_min" : 458,
        "iops_max" : 5212,
        "iops_mean" : 4057.394958,
        "iops_stddev" : 1172.499244,
        "iops_samples" : 119
      },
      "trim" : {
        "io_bytes" : 0,
        "io_kbytes" : 0,
        "bw_bytes" : 0,
        "bw" : 0,
        "iops" : 0.000000,
        "runtime" : 0,
        "total_ios" : 0,
        "short_ios" : 0,
        "drop_ios" : 0,
        "slat_ns" : {
          "min" : 0,
          "max" : 0,
          "mean" : 0.000000,
          "stddev" : 0.000000,
          "N" : 0
        },
        "clat_ns" : {
          "min" : 0,
          "max" : 0,
          "mean" : 0.000000,
          "stddev" : 0.000000,
          "N" : 0
        },
        "lat_ns" : {
          "min" : 0,
          "max" : 0,
          "mean" : 0.000000,
          "stddev" : 0.000000,
          "N" : 0
        },
        "bw_min" : 0,
        "bw_max" : 0,
        "bw_agg" : 0.000000,
        "bw_mean" : 0.000000,
        "bw_dev" : 0.000000,
        "bw_samples" : 0,
        "iops_min" : 0,
        "iops_max" : 0,
        "iops_mean" : 0.000000,
        "iops_stddev" : 0.000000,
        "iops_samples" : 0
      },
      "sync" : {
        "total_ios" : 0,
        "lat_ns" : {
          "min" : 0,
          "max" : 0,
          "mean" : 0.000000,
          "stddev" : 0.000000,
          "N" : 0
        }
      },
      "job_runtime" : 60000,
      "usr_cpu" : 0.761667,
      "sys_cpu" : 10.683333,
      "ctx" : 503132,
      "majf" : 0,
      "minf" : 11,
      "iodepth_level" : {
        "1" : 100.000000,
        "2" : 0.000000,
        "4" : 0.000000,
        "8" : 0.000000,
        "16" : 0.000000,
        "32" : 0.000000,
        ">=64" : 0.000000
      },
      "iodepth_submit" : {
        "0" : 0.000000,
        "4" : 100.000000,
        "8" : 0.000000,
        "16" : 0.000000,
        "32" : 0.000000,
        "64" : 0.000000,
        ">=64" : 0.000000
      },
      "iodepth_complete" : {
        "0" : 0.000000,
        "4" : 100.000000,
        "8" : 0.000000,
        "16" : 0.000000,
        "32" : 0.000000,
        "64" : 0.000000,
        ">=64" : 0.000000
      },
      "latency_ns" : {
        "2" : 0.000000,
        "4" : 0.000000,
        "10" : 0.000000,
        "20" : 0.000000,
        "50" : 0.000000,
        "100" : 0.000000,
        "250" : 0.000000,
        "500" : 0.000000,
        "750" : 0.000000,
        "1000" : 0.000000
      },
      "latency_us" : {
        "2" : 0.000000,
        "4" : 0.010000,
        "10" : 31.427397,
        "20" : 1.167329,
        "50" : 0.406971,
        "100" : 45.688616,
        "250" : 21.067947,
        "500" : 0.078545,
        "750" : 0.010000,
        "1000" : 0.010000
      },
      "latency_ms" : {
        "2" : 0.011938,
        "4" : 0.014380,
        "10" : 0.124262,
        "20" : 0.010000,
        "50" : 0.010000,
        "100" : 0.000000,
        "250" : 0.000000,
        "500" : 0.000000,
        "750" : 0.000000,
        "1000" : 0.000000,
        "2000" : 0.000000,
        ">=2000" : 0.000000
      },
      "latency_depth" : 1,
      "latency_target" : 0,
      "latency_percentile" : 100.000000,
      "latency_window" : 0
    },
    {
      "jobname" : "output",
      "groupid" : 0,
      "job_start" : 1729690288490,
      "error" : 0,
      "eta" : 0,
      "elapsed" : 61,
      "job options" : {
        "name" : "output",
        "loops" : "5",
        "runtime" : "60",
        "numjobs" : "2",
        "rwmixwrite" : "33",
        "bs" : "16k",
        "filesize" : "1G",
        "rw" : "randrw",
        "direct" : "0"
      },
      "read" : {
        "io_bytes" : 8099856384,
        "io_kbytes" : 7910016,
        "bw_bytes" : 134995356,
        "bw" : 131831,
        "iops" : 8239.462676,
        "runtime" : 60001,
        "total_ios" : 494376,
        "short_ios" : 0,
        "drop_ios" : 0,
        "slat_ns" : {
          "min" : 0,
          "max" : 0,
          "mean" : 0.000000,
          "stddev" : 0.000000,
          "N" : 0
        },
        "clat_ns" : {
          "min" : 32042,
          "max" : 37898252,
          "mean" : 111058.316188,
          "stddev" : 312920.366767,