{
  "fio version" : "fio-3.38",
  "timestamp" : 1729779020,
  "timestamp_ms" : 1729779020625,
  "time" : "Thu Oct 24 16:10:20 2024",
  "jobs" : [
    {
      "jobname" : "output",
      "groupid" : 0,
      "job_start" : 1729778960572,
      "error" : 0,
      "eta" : 0,
      "elapsed" : 61,
      "job options" : {
        "name" : "output",
        "loops" : "5",
        "runtime" : "60",
        "numjobs" : "1",
        "rwmixwrite" : "33",
        "bssplit" : "4k/30:16k/60:64k/10",
        "filesize" : "1G",
        "rw" : "randrw",
        "direct" : "0"
      },
      "read" : {
        "io_bytes" : 9817149440,
        "io_kbytes" : 9587060,
        "bw_bytes" : 163616430,
        "bw" : 159781,
        "iops" : 13533.874435,
        "runtime" : 60001,
        "total_ios" : 812046,
        "short_ios" : 0,
        "drop_ios" : 0,
        "slat_ns" : {
          "min" : 0,
          "max" : 0,
          "mean" : 0.000000,
          "stddev" : 0.000000,
          "N" : 0
        },
        "clat_ns" : {
          "min" : 10944,
          "max" : 10157011,
          "mean" : 66688.629030,
          "stddev" : 45837.194417,
          "N" : 812046,
          "percentile" : {
            "1.000000" : 46848,
            "5.000000" : 47360,
            "10.000000" : 47872,
            "20.000000" : 48896,
            "30.000000" : 51968,
            "40.000000" : 54016,
            "50.000000" : 56064,
            "60.000000" : 67072,
            "70.000000" : 73216,
            "80.000000" : 83456,
            "90.000000" : 90624,
            "95.000000" : 98816,
            "99.000000" : 160768,
            "99.500000" : 179200,
            "99.900000" : 238592,
            "99.950000" : 276480,
            "99.990000" : 806912
          }
        },
        "lat_ns" : {
          "min" : 10978,
          "max" : 10157374,
          "mean" : 66726.169582,
          "stddev" : 45838.228610,
          "N" : 812046
        },
        "bw_min" : 9072,
        "bw_max" : 242512,
        "bw_agg" : 100.000000,
        "bw_mean" : 159841.344538,
        "bw_dev" : 43570.762759,
        "bw_samples" : 119,
        "iops_min" : 526,
        "iops_max" : 17794,
        "iops_mean" : 13529.882353,
        "iops_stddev" : 3301.809225,
        "iops_samples" : 119
      },
      "write" : {
        "io_bytes" : 4822405120,
        "io_kbytes" : 4709380,
        "bw_bytes" : 80372079,
        "bw" : 78488,
        "iops" : 6669.172180,
        "runtime" : 60001,
        "total_ios" : 400157,
        "short_ios" : 0,
        "drop_ios" : 0,
        "slat_ns" : {
          "min" : 0,
          "max" : 0,
          "mean" : 0.000000,
          "stddev" : 0.000000,
          "N" : 0
        },
        "clat_ns" : {
          "min" : 955,
          "max" : 528411,
          "mean" : 3433.490300,
          "stddev" : 5619.887581,
          "N" : 400157,
          "percentile" : {
            "1.000000" : 1096,
            "5.000000" : 1192,
            "10.000000" : 1272,
            "20.000000" : 1384,
            "30.000000" : 1512,
            "40.000000" : 2064,
            "50.000000" : 2992,
            "60.000000" : 3600,
            "70.000000" : 3760,
            "80.000000" : 4048,
            "90.000000" : 5344,
            "95.000000" : 6496,
            "99.000000" : 15424,
            "99.500000" : 16512,
            "99.900000" : 96768,
            "99.950000" : 110080,
            "99.990000" : 195584
          }
        },
        "lat_ns" : {
          "min" : 998,
          "max" : 528798,
          "mean" : 3511.301252,
          "stddev" : 5651.580024,
          "N" : 400157
        },
        "bw_min" : 5216,
        "bw_max" : 115712,
        "bw_agg" : 100.000000,
        "bw_mean" : 78515.226891,
        "bw_dev" : 21379.194279,
        "bw_samples" : 119,
        "iops_min" : 296,
        "iops_max" : 8876,
        "iops_mean" : 6667.512605,
        "iops_stddev" : 1618.506467,
        "iops_samples" : 119
      },
      "trim" : {
        "io_bytes" : 0,
        "io_kbytes" : 0,
        "bw_bytes" : 0,
        "bw" : 0,
        "iops" : 0.000000,
        "runtime" : 0,
        "total_ios" : 0,
        "short_ios" : 0,
        "drop_ios" : 0,
        "slat_ns" : {
          "min" : 0,
          "max" : 0,
          "mean" : 0.000000,
          "stddev" : 0.000000,
          "N" : 0
        },
        "clat_ns" : {
          "min" : 0,
          "max" : 0,
          "mean" : 0.000000,
          "stddev" : 0.000000,
          "N" : 0
        },
        "lat_ns" : {
          "min" : 0,
          "max" : 0,
          "mean" : 0.000000,
          "stddev" : 0.000000,
          "N" : 0
        },
        "bw_min" : 0,
        "bw_max" : 0,
        "bw_agg" : 0.000000,
        "bw_mean" : 0.000000,
        "bw_dev" : 0.000000,
        "bw_samples" : 0,
        "iops_min" : 0,
        "iops_max" : 0,
        "iops_mean" : 0.000000,
        "iops_stddev" : 0.000000,
        "iops_samples" : 0
      },
      "sync" : {
        "total_ios" : 0,
        "lat_ns" : {
          "min" : 0,
          "max" : 0,
          "mean" : 0.000000,
          "stddev" : 0.000000,
          "N" : 0
        }
      },
      "job_runtime" : 60000,
      "usr_cpu" : 1.225000,
      "sys_cpu" : 10.953333,
      "ctx" : 845321,
      "majf" : 0,
      "minf" : 13,
      "iodepth_level" : {
        "1" : 100.000000,
        "2" : 0.000000,
        "4" : 0.000000,
        "8" : 0.000000,
        "16" : 0.000000,
        "32" : 0.000000,
        ">=64" : 0.000000
      },
      "iodepth_submit" : {
        "0" : 0.000000,
        "4" : 100.000000,
        "8" : 0.000000,
        "16" : 0.000000,
        "32" : 0.000000,
        "64" : 0.000000,
        ">=64" : 0.000000
      },
      "iodepth_complete" : {
        "0" : 0.000000,
        "4" : 100.000000,
        "8" : 0.000000,
        "16" : 0.000000,
        "32" : 0.000000,
        "64" : 0.000000,
        ">=64" : 0.000000
      },
      "latency_ns" : {
        "2" : 0.000000,
        "4" : 0.000000,
        "10" : 0.000000,
        "20" : 0.000000,
        "50" : 0.000000,
        "100" : 0.000000,
        "250" : 0.000000,
        "500" : 0.000000,
        "750" : 0.000000,
        "1000" : 0.015426
      },
      "latency_us" : {
        "2" : 12.712970,
        "4" : 13.383732,
        "10" : 5.828149,
        "20" : 0.958503,
        "50" : 16.612482,
        "100" : 47.156046,
        "250" : 3.280969,
        "500" : 0.042897,
        "750" : 0.010000,
        "1000" : 0.010000
      },
      "latency_ms" : {
        "2" : 0.010000,
        "4" : 0.010000,
        "10" : 0.010000,
        "20" : 0.010000,
        "50" : 0.000000,
        "100" : 0.000000,
        "250" : 0.000000,
        "500" : 0.000000,
        "750" : 0.000000,
        "1000" : 0.000000,
        "2000" : 0.000000,
        ">=2000" : 0.000000
      },
      "latency_depth" : 1,
      "latency_target" : 0,
      "latency_percentile" : 100.000000,
      "latency_window" : 0
    }
  ],
  "disk_util" : [
    {
      "name" : "nvme0n1",
      "read_ios" : 810685,
      "write_ios" : 275939,
      "read_sectors" : 19139288,
      "write_sectors" : 9269528,
      "read_merges" : 0,
      "write_merges" : 90,
      "read_ticks" : 49891,
      "write_ticks" : 29173,
      "in_queue" : 79092,
      "util" : 84.690065
    }
  ]
}
