{
  "fio version" : "fio-3.38",
  "timestamp" : 1729871605,
  "timestamp_ms" : 1729871605252,
  "time" : "Fri Oct 25 17:53:25 2024",
  "jobs" : [
    {
      "jobname" : "output",
      "groupid" : 0,
      "job_start" : 1729871545223,
      "error" : 0,
      "eta" : 0,
      "elapsed" : 61,
      "job options" : {
        "name" : "output",
        "loops" : "5",
        "runtime" : "60",
        "numjobs" : "1",
        "rwmixwrite" : "37.5",
        "bs" : "16k",
        "filesize" : "1G",
        "rw" : "randrw",
        "direct" : "1"
      },
      "read" : {
        "io_bytes" : 255637389312,
        "io_kbytes" : 249645888,
        "bw_bytes" : 4260552145,
        "bw" : 4160695,
        "iops" : 260043.465942,
        "runtime" : 60001,
        "total_ios" : 15602868,
        "short_ios" : 0,
        "drop_ios" : 0,
        "slat_ns" : {
          "min" : 0,
          "max" : 0,
          "mean" : 0.000000,
          "stddev" : 0.000000,
          "N" : 0
        },
        "clat_ns" : {
          "min" : 1034,
          "max" : 152287,
          "mean" : 2254.930654,
          "stddev" : 1602.883324,
          "N" : 15602868,
          "percentile" : {
            "1.000000" : 1832,
            "5.000000" : 1912,
            "10.000000" : 1960,
            "20.000000" : 2008,
            "30.000000" : 2064,
            "40.000000" : 2096,
            "50.000000" : 2128,
            "60.000000" : 2160,
            "70.000000" : 2224,
            "80.000000" : 2288,
            "90.000000" : 2384,
            "95.000000" : 2512,
            "99.000000" : 2832,
            "99.500000" : 4832,
            "99.900000" : 32640,
            "99.950000" : 35584,
            "99.990000" : 41728
          }
        },
        "lat_ns" : {
          "min" : 1057,
          "max" : 152317,
          "mean" : 2283.638677,
          "stddev" : 1612.758098,
          "N" : 15602868
        },
        "bw_min" : 4123072,
        "bw_max" : 4266304,
        "bw_agg" : 100.000000,
        "bw_mean" : 4162532.571429,
        "bw_dev" : 19341.569503,
        "bw_samples" : 119,
        "iops_min" : 257692,
        "iops_max" : 266644,
        "iops_mean" : 260158.336134,
        "iops_stddev" : 1208.836710,
        "iops_samples" : 119
      },
      "write" : {
        "io_bytes" : 150146924544,
        "io_kbytes" : 146627856,
        "bw_bytes" : 2502407035,
        "bw" : 2443756,
        "iops" : 152734.804420,
        "runtime" : 60001,
        "total_ios" : 9164241,
        "short_ios" : 0,
        "drop_ios" : 0,
        "slat_ns" : {
          "min" : 0,
          "max" : 0,
          "mean" : 0.000000,
          "stddev" : 0.000000,
          "N" : 0
        },
        "clat_ns" : {
          "min" : 970,
          "max" : 98804,
          "mean" : 1968.233690,
          "stddev" : 1498.135025,
          "N" : 9164241,
          "percentile" : {
            "1.000000" : 1608,
            "5.000000" : 1672,
            "10.000000" : 1720,
            "20.000000" : 1768,
            "30.000000" : 1800,
            "40.000000" : 1832,
            "50.000000" : 1864,
            "60.000000" : 1896,
            "70.000000" : 1928,
            "80.000000" : 1992,
            "90.000000" : 2096,
            "95.000000" : 2192,
            "99.000000" : 2416,
            "99.500000" : 3088,
            "99.900000" : 31616,
            "99.950000" : 34560,
            "99.990000" : 40704
          }
        },
        "lat_ns" : {
          "min" : 1031,
          "max" : 98866,
          "mean" : 2029.942472,
          "stddev" : 1519.785352,
          "N" : 9164241
        },
        "bw_min" : 2418240,
        "bw_max" : 2502848,
        "bw_agg" : 100.000000,
        "bw_mean" : 2444962.420168,
        "bw_dev" : 12796.264648,
        "bw_samples" : 119,
        "iops_min" : 151140,
        "iops_max" : 156428,
        "iops_mean" : 152810.151261,
        "iops_stddev" : 799.766540,
        "iops_samples" : 119
      },
      "trim" : {
        "io_bytes" : 0,
        "io_kbytes" : 0,
        "bw_bytes" : 0,
        "bw" : 0,
        "iops" : 0.000000,
        "runtime" : 0,
        "total_ios" : 0,
        "short_ios" : 0,
        "drop_ios" : 0,
        "slat_ns" : {
          "min" : 0,
          "max" : 0,
          "mean" : 0.000000,
          "stddev" : 0.000000,
          "N" : 0
        },
        "clat_ns" : {
          "min" : 0,
          "max" : 0,
          "mean" : 0.000000,
          "stddev" : 0.000000,
          "N" : 0
        },
        "lat_ns" : {
          "min" : 0,
          "max" : 0,
          "mean" : 0.000000,
          "stddev" : 0.000000,
          "N" : 0
        },
        "bw_min" : 0,
        "bw_max" : 0,
        "bw_agg" : 0.000000,
        "bw_mean" : 0.000000,
        "bw_dev" : 0.000000,
        "bw_samples" : 0,
        "iops_min" : 0,
        "iops_max" : 0,
        "iops_mean" : 0.000000,
        "iops_stddev" : 0.000000,
        "iops_samples" : 0
      },
      "sync" : {
        "total_ios" : 0,
        "lat_ns" : {
          "min" : 0,
          "max" : 0,
          "mean" : 0.000000,
          "stddev" : 0.000000,
          "N" : 0
        }
      },
      "job_runtime" : 60000,
      "usr_cpu" : 15.055000,
      "sys_cpu" : 84.805000,
      "ctx" : 64,
      "majf" : 0,
      "minf" : 9,
      "iodepth_level" : {
        "1" : 100.000000,
        "2" : 0.000000,
        "4" : 0.000000,
        "8" : 0.000000,
        "16" : 0.000000,
        "32" : 0.000000,
        ">=64" : 0.000000
      },
      "iodepth_submit" : {
        "0" : 0.000000,
        "4" : 100.000000,
        "8" : 0.000000,
        "16" : 0.000000,
        "32" : 0.000000,
        "64" : 0.000000,
        ">=64" : 0.000000
      },
      "iodepth_complete" : {
        "0" : 0.000000,
        "4" : 100.000000,
        "8" : 0.000000,
        "16" : 0.000000,
        "32" : 0.000000,
        "64" : 0.000000,
        ">=64" : 0.000000
      },
      "latency_ns" : {
        "2" : 0.000000,
        "4" : 0.000000,
        "10" : 0.000000,
        "20" : 0.000000,
        "50" : 0.000000,
        "100" : 0.000000,
        "250" : 0.000000,
        "500" : 0.000000,
        "750" : 0.000000,
        "1000" : 0.010000
      },
      "latency_us" : {
        "2" : 41.212779,
        "4" : 58.259706,
        "10" : 0.159906,
        "20" : 0.143493,
        "50" : 0.222129,
        "100" : 0.010000,
        "250" : 0.010000,
        "500" : 0.000000,
        "750" : 0.000000,
        "1000" : 0.000000
      },
      "latency_ms" : {
        "2" : 0.000000,
        "4" : 0.000000,
        "10" : 0.000000,
        "20" : 0.000000,
        "50" : 0.000000,
        "100" : 0.000000,
        "250" : 0.000000,
        "500" : 0.000000,
        "750" : 0.000000,
        "1000" : 0.000000,
        "2000" : 0.000000,
        ">=2000" : 0.000000
      },
      "latency_depth" : 1,
      "latency_target" : 0,
      "latency_percentile" : 100.000000,
      "latency_window" : 0
    }
  ]
}
