{
  "fio version" : "fio-3.38",
  "timestamp" : 1729871544,
  "timestamp_ms" : 1729871544978,
  "time" : "Fri Oct 25 17:52:24 2024",
  "jobs" : [
    {
      "jobname" : "output",
      "groupid" : 0,
      "job_start" : 1729871484945,
      "error" : 0,
      "eta" : 0,
      "elapsed" : 61,
      "job options" : {
        "name" : "output",
        "loops" : "5",
        "runtime" : "60",
        "numjobs" : "1",
        "rwmixwrite" : "25.0",
        "bs" : "16k",
        "filesize" : "1G",
        "rw" : "randrw",
        "direct" : "1"
      },
      "read" : {
        "io_bytes" : 304724623360,
        "io_kbytes" : 297582640,
        "bw_bytes" : 5078659078,
        "bw" : 4959628,
        "iops" : 309976.750387,
        "runtime" : 60001,
        "total_ios" : 18598915,
        "short_ios" : 0,
        "drop_ios" : 0,
        "slat_ns" : {
          "min" : 0,
          "max" : 0,
          "mean" : 0.000000,
          "stddev" : 0.000000,
          "N" : 0
        },
        "clat_ns" : {
          "min" : 923,
          "max" : 140527,
          "mean" : 2220.805035,
          "stddev" : 1852.739592,
          "N" : 18598915,
          "percentile" : {
            "1.000000" : 1784,
            "5.000000" : 1864,
            "10.000000" : 1896,
            "20.000000" : 1960,
            "30.000000" : 1992,
            "40.000000" : 2024,
            "50.000000" : 2064,
            "60.000000" : 2096,
            "70.000000" : 2160,
            "80.000000" : 2192,
            "90.000000" : 2320,
            "95.000000" : 2448,
            "99.000000" : 2832,
            "99.500000" : 18048,
            "99.900000" : 34048,
            "99.950000" : 38144,
            "99.990000" : 43776
          }
        },
        "lat_ns" : {
          "min" : 949,
          "max" : 140555,
          "mean" : 2248.569671,
          "stddev" : 1863.422639,
          "N" : 18598915
        },
        "bw_min" : 4896512,
        "bw_max" : 5085088,
        "bw_agg" : 100.000000,
        "bw_mean" : 4962426.084034,
        "bw_dev" : 31963.375371,
        "bw_samples" : 119,
        "iops_min" : 306032,
        "iops_max" : 317818,
        "iops_mean" : 310151.647059,
        "iops_stddev" : 1997.733506,
        "iops_samples" : 119
      },
      "write" : {
        "io_bytes" : 101579177984,
        "io_kbytes" : 99198416,
        "bw_bytes" : 1692958083,
        "bw" : 1653279,
        "iops" : 103329.961167,
        "runtime" : 60001,
        "total_ios" : 6199901,
        "short_ios" : 0,
        "drop_ios" : 0,
        "slat_ns" : {
          "min" : 0,
          "max" : 0,
          "mean" : 0.000000,
          "stddev" : 0.000000,
          "N" : 0
        },
        "clat_ns" : {
          "min" : 860,
          "max" : 198346,
          "mean" : 1971.108108,
          "stddev" : 1751.711185,
          "N" : 6199901,
          "percentile" : {
            "1.000000" : 1576,
            "5.000000" : 1640,
            "10.000000" : 1688,
            "20.000000" : 1736,
            "30.000000" : 1768,
            "40.000000" : 1800,
            "50.000000" : 1832,
            "60.000000" : 1864,
            "70.000000" : 1896,
            "80.000000" : 1960,
            "90.000000" : 2064,
            "95.000000" : 2192,
            "99.000000" : 2416,
            "99.500000" : 5600,
            "99.900000" : 33536,
            "99.950000" : 37120,
            "99.990000" : 43264
          }
        },
        "lat_ns" : {
          "min" : 917,
          "max" : 198414,
          "mean" : 2031.730539,
          "stddev" : 1778.103518,
          "N" : 6199901
        },
        "bw_min" : 1627808,
        "bw_max" : 1693600,
        "bw_agg" : 100.000000,
        "bw_mean" : 1654155.563025,
        "bw_dev" : 12362.158100,
        "bw_samples" : 119,
        "iops_min" : 101738,
        "iops_max" : 105850,
        "iops_mean" : 103384.722689,
        "iops_stddev" : 772.634881,
        "iops_samples" : 119
      },
      "trim" : {
        "io_bytes" : 0,
        "io_kbytes" : 0,
        "bw_bytes" : 0,
        "bw" : 0,
        "iops" : 0.000000,
        "runtime" : 0,
        "total_ios" : 0,
        "short_ios" : 0,
        "drop_ios" : 0,
        "slat_ns" : {
          "min" : 0,
          "max" : 0,
          "mean" : 0.000000,
          "stddev" : 0.000000,
          "N" : 0
        },
        "clat_ns" : {
          "min" : 0,
          "max" : 0,
          "mean" : 0.000000,
          "stddev" : 0.000000,
          "N" : 0
        },
        "lat_ns" : {
          "min" : 0,
          "max" : 0,
          "mean" : 0.000000,
          "stddev" : 0.000000,
          "N" : 0
        },
        "bw_min" : 0,
        "bw_max" : 0,
        "bw_agg" : 0.000000,
        "bw_mean" : 0.000000,
        "bw_dev" : 0.000000,
        "bw_samples" : 0,
        "iops_min" : 0,
        "iops_max" : 0,
        "iops_mean" : 0.000000,
        "iops_stddev" : 0.000000,
        "iops_samples" : 0
      },
      "sync" : {
        "total_ios" : 0,
        "lat_ns" : {
          "min" : 0,
          "max" : 0,
          "mean" : 0.000000,
          "stddev" : 0.000000,
          "N" : 0
        }
      },
      "job_runtime" : 60000,
      "usr_cpu" : 14.230000,
      "sys_cpu" : 85.601667,
      "ctx" : 22,
      "majf" : 0,
      "minf" : 9,
      "iodepth_level" : {
        "1" : 100.000000,
        "2" : 0.000000,
        "4" : 0.000000,
        "8" : 0.000000,
        "16" : 0.000000,
        "32" : 0.000000,
        ">=64" : 0.000000
      },
      "iodepth_submit" : {
        "0" : 0.000000,
        "4" : 100.000000,
        "8" : 0.000000,
        "16" : 0.000000,
        "32" : 0.000000,
        "64" : 0.000000,
        ">=64" : 0.000000
      },
      "iodepth_complete" : {
        "0" : 0.000000,
        "4" : 100.000000,
        "8" : 0.000000,
        "16" : 0.000000,
        "32" : 0.000000,
        "64" : 0.000000,
        ">=64" : 0.000000
      },
      "latency_ns" : {
        "2" : 0.000000,
        "4" : 0.000000,
        "10" : 0.000000,
        "20" : 0.000000,
        "50" : 0.000000,
        "100" : 0.000000,
        "250" : 0.000000,
        "500" : 0.000000,
        "750" : 0.000000,
        "1000" : 0.010000
      },
      "latency_us" : {
        "2" : 45.088274,
        "4" : 54.213016,
        "10" : 0.178952,
        "20" : 0.230152,
        "50" : 0.287901,
        "100" : 0.010000,
        "250" : 0.010000,
        "500" : 0.000000,
        "750" : 0.000000,
        "1000" : 0.000000
      },
      "latency_ms" : {
        "2" : 0.000000,
        "4" : 0.000000,
        "10" : 0.000000,
        "20" : 0.000000,
        "50" : 0.000000,
        "100" : 0.000000,
        "250" : 0.000000,
        "500" : 0.000000,
        "750" : 0.000000,
        "1000" : 0.000000,
        "2000" : 0.000000,
        ">=2000" : 0.000000
      },
      "latency_depth" : 1,
      "latency_target" : 0,
      "latency_percentile" : 100.000000,
      "latency_window" : 0
    }
  ]
}
