{
  "fio version" : "fio-3.38",
  "timestamp" : 1729871665,
  "timestamp_ms" : 1729871665528,
  "time" : "Fri Oct 25 17:54:25 2024",
  "jobs" : [
    {
      "jobname" : "output",
      "groupid" : 0,
      "job_start" : 1729871605497,
      "error" : 0,
      "eta" : 0,
      "elapsed" : 61,
      "job options" : {
        "name" : "output",
        "loops" : "5",
        "runtime" : "60",
        "numjobs" : "1",
        "rwmixwrite" : "50.0",
        "bs" : "16k",
        "filesize" : "1G",
        "rw" : "randrw",
        "direct" : "1"
      },
      "read" : {
        "io_bytes" : 206825406464,
        "io_kbytes" : 201977936,
        "bw_bytes" : 3447032657,
        "bw" : 3366242,
        "iops" : 210390.176830,
        "runtime" : 60001,
        "total_ios" : 12623621,
        "short_ios" : 0,
        "drop_ios" : 0,
        "slat_ns" : {
          "min" : 0,
          "max" : 0,
          "mean" : 0.000000,
          "stddev" : 0.000000,
          "N" : 0
        },
        "clat_ns" : {
          "min" : 1203,
          "max" : 128485,
          "mean" : 2259.669412,
          "stddev" : 1135.984804,
          "N" : 12623621,
          "percentile" : {
            "1.000000" : 1864,
            "5.000000" : 1944,
            "10.000000" : 1992,
            "20.000000" : 2064,
            "30.000000" : 2096,
            "40.000000" : 2128,
            "50.000000" : 2192,
            "60.000000" : 2224,
            "70.000000" : 2288,
            "80.000000" : 2352,
            "90.000000" : 2448,
            "95.000000" : 2544,
            "99.000000" : 2864,
            "99.500000" : 3664,
            "99.900000" : 24704,
            "99.950000" : 30592,
            "99.990000" : 36608
          }
        },
        "lat_ns" : {
          "min" : 1229,
          "max" : 128515,
          "mean" : 2288.457979,
          "stddev" : 1142.165900,
          "N" : 12623621
        },
        "bw_min" : 3325120,
        "bw_max" : 3393504,
        "bw_agg" : 100.000000,
        "bw_mean" : 3367789.445378,
        "bw_dev" : 14570.573324,
        "bw_samples" : 119,
        "iops_min" : 207820,
        "iops_max" : 212094,
        "iops_mean" : 210486.857143,
        "iops_stddev" : 910.644010,
        "iops_samples" : 119
      },
      "write" : {
        "io_bytes" : 206722383872,
        "io_kbytes" : 201877328,
        "bw_bytes" : 3445315642,
        "bw" : 3364566,
        "iops" : 210285.378577,
        "runtime" : 60001,
        "total_ios" : 12617333,
        "short_ios" : 0,
        "drop_ios" : 0,
        "slat_ns" : {
          "min" : 0,
          "max" : 0,
          "mean" : 0.000000,
          "stddev" : 0.000000,
          "N" : 0
        },
        "clat_ns" : {
          "min" : 937,
          "max" : 119321,
          "mean" : 1941.284524,
          "stddev" : 1048.341254,
          "N" : 12617333,
          "percentile" : {
            "1.000000" : 1624,
            "5.000000" : 1688,
            "10.000000" : 1736,
            "20.000000" : 1784,
            "30.000000" : 1816,
            "40.000000" : 1848,
            "50.000000" : 1880,
            "60.000000" : 1912,
            "70.000000" : 1944,
            "80.000000" : 1992,
            "90.000000" : 2064,
            "95.000000" : 2160,
            "99.000000" : 2416,
            "99.500000" : 2704,
            "99.900000" : 19584,
            "99.950000" : 29568,
            "99.990000" : 36096
          }
        },
        "lat_ns" : {
          "min" : 1004,
          "max" : 119382,
          "mean" : 2001.750406,
          "stddev" : 1064.461915,
          "N" : 12617333
        },
        "bw_min" : 3338880,
        "bw_max" : 3398080,
        "bw_agg" : 100.000000,
        "bw_mean" : 3366374.184874,
        "bw_dev" : 13319.609479,
        "bw_samples" : 119,
        "iops_min" : 208682,
        "iops_max" : 212380,
        "iops_mean" : 210398.386555,
        "iops_stddev" : 832.381972,
        "iops_samples" : 119
      },
      "trim" : {
        "io_bytes" : 0,
        "io_kbytes" : 0,
        "bw_bytes" : 0,
        "bw" : 0,
        "iops" : 0.000000,
        "runtime" : 0,
        "total_ios" : 0,
        "short_ios" : 0,
        "drop_ios" : 0,
        "slat_ns" : {
          "min" : 0,
          "max" : 0,
          "mean" : 0.000000,
          "stddev" : 0.000000,
          "N" : 0
        },
        "clat_ns" : {
          "min" : 0,
          "max" : 0,
          "mean" : 0.000000,
          "stddev" : 0.000000,
          "N" : 0
        },
        "lat_ns" : {
          "min" : 0,
          "max" : 0,
          "mean" : 0.000000,
          "stddev" : 0.000000,
          "N" : 0
        },
        "bw_min" : 0,
        "bw_max" : 0,
        "bw_agg" : 0.000000,
        "bw_mean" : 0.000000,
        "bw_dev" : 0.000000,
        "bw_samples" : 0,
        "iops_min" : 0,
        "iops_max" : 0,
        "iops_mean" : 0.000000,
        "iops_stddev" : 0.000000,
        "iops_samples" : 0
      },
      "sync" : {
        "total_ios" : 0,
        "lat_ns" : {
          "min" : 0,
          "max" : 0,
          "mean" : 0.000000,
          "stddev" : 0.000000,
          "N" : 0
        }
      },
      "job_runtime" : 60000,
      "usr_cpu" : 15.353333,
      "sys_cpu" : 84.496667,
      "ctx" : 32,
      "majf" : 0,
      "minf" : 11,
      "iodepth_level" : {
        "1" : 100.000000,
        "2" : 0.000000,
        "4" : 0.000000,
        "8" : 0.000000,
        "16" : 0.000000,
        "32" : 0.000000,
        ">=64" : 0.000000
      },
      "iodepth_submit" : {
        "0" : 0.000000,
        "4" : 100.000000,
        "8" : 0.000000,
        "16" : 0.000000,
        "32" : 0.000000,
        "64" : 0.000000,
        ">=64" : 0.000000
      },
      "iodepth_complete" : {
        "0" : 0.000000,
        "4" : 100.000000,
        "8" : 0.000000,
        "16" : 0.000000,
        "32" : 0.000000,
        "64" : 0.000000,
        ">=64" : 0.000000
      },
      "latency_ns" : {
        "2" : 0.000000,
        "4" : 0.000000,
        "10" : 0.000000,
        "20" : 0.000000,
        "50" : 0.000000,
        "100" : 0.000000,
        "250" : 0.000000,
        "500" : 0.000000,
        "750" : 0.000000,
        "1000" : 0.010000
      },
      "latency_us" : {
        "2" : 46.206522,
        "4" : 53.411353,
        "10" : 0.167870,
        "20" : 0.107662,
        "50" : 0.106145,
        "100" : 0.010000,
        "250" : 0.010000,
        "500" : 0.000000,
        "750" : 0.000000,
        "1000" : 0.000000
      },
      "latency_ms" : {
        "2" : 0.000000,
        "4" : 0.000000,
        "10" : 0.000000,
        "20" : 0.000000,
        "50" : 0.000000,
        "100" : 0.000000,
        "250" : 0.000000,
        "500" : 0.000000,
        "750" : 0.000000,
        "1000" : 0.000000,
        "2000" : 0.000000,
        ">=2000" : 0.000000
      },
      "latency_depth" : 1,
      "latency_target" : 0,
      "latency_percentile" : 100.000000,
      "latency_window" : 0
    }
  ]
}
