{
  "fio version" : "fio-3.38",
  "timestamp" : 1729871484,
  "timestamp_ms" : 1729871484699,
  "time" : "Fri Oct 25 17:51:24 2024",
  "jobs" : [
    {
      "jobname" : "output",
      "groupid" : 0,
      "job_start" : 1729871424685,
      "error" : 0,
      "eta" : 0,
      "elapsed" : 61,
      "job options" : {
        "name" : "output",
        "loops" : "5",
        "runtime" : "60",
        "numjobs" : "1",
        "rwmixwrite" : "12.5",
        "bs" : "16k",
        "filesize" : "1G",
        "rw" : "randrw",
        "direct" : "1"
      },
      "read" : {
        "io_bytes" : 354658353152,
        "io_kbytes" : 346346048,
        "bw_bytes" : 5910874037,
        "bw" : 5772337,
        "iops" : 360771.120481,
        "runtime" : 60001,
        "total_ios" : 21646628,
        "short_ios" : 0,
        "drop_ios" : 0,
        "slat_ns" : {
          "min" : 0,
          "max" : 0,
          "mean" : 0.000000,
          "stddev" : 0.000000,
          "N" : 0
        },
        "clat_ns" : {
          "min" : 874,
          "max" : 198317,
          "mean" : 2206.065710,
          "stddev" : 1725.149847,
          "N" : 21646628,
          "percentile" : {
            "1.000000" : 1800,
            "5.000000" : 1864,
            "10.000000" : 1896,
            "20.000000" : 1944,
            "30.000000" : 1992,
            "40.000000" : 2024,
            "50.000000" : 2064,
            "60.000000" : 2096,
            "70.000000" : 2128,
            "80.000000" : 2192,
            "90.000000" : 2352,
            "95.000000" : 2480,
            "99.000000" : 2736,
            "99.500000" : 8160,
            "99.900000" : 33536,
            "99.950000" : 36096,
            "99.990000" : 43264
          }
        },
        "lat_ns" : {
          "min" : 898,
          "max" : 198343,
          "mean" : 2234.269049,
          "stddev" : 1735.104556,
          "N" : 21646628
        },
        "bw_min" : 5720288,
        "bw_max" : 5831872,
        "bw_agg" : 100.000000,
        "bw_mean" : 5773541.378151,
        "bw_dev" : 27438.806618,
        "bw_samples" : 119,
        "iops_min" : 357518,
        "iops_max" : 364492,
        "iops_mean" : 360846.386555,
        "iops_stddev" : 1714.945258,
        "iops_samples" : 119
      },
      "write" : {
        "io_bytes" : 48389439488,
        "io_kbytes" : 47255312,
        "bw_bytes" : 806477216,
        "bw" : 787575,
        "iops" : 49223.462942,
        "runtime" : 60001,
        "total_ios" : 2953457,
        "short_ios" : 0,
        "drop_ios" : 0,
        "slat_ns" : {
          "min" : 0,
          "max" : 0,
          "mean" : 0.000000,
          "stddev" : 0.000000,
          "N" : 0
        },
        "clat_ns" : {
          "min" : 1305,
          "max" : 90610,
          "mean" : 2011.568542,
          "stddev" : 1655.937267,
          "N" : 2953457,
          "percentile" : {
            "1.000000" : 1624,
            "5.000000" : 1688,
            "10.000000" : 1720,
            "20.000000" : 1768,
            "30.000000" : 1800,
            "40.000000" : 1848,
            "50.000000" : 1880,
            "60.000000" : 1912,
            "70.000000" : 1960,
            "80.000000" : 2024,
            "90.000000" : 2160,
            "95.000000" : 2256,
            "99.000000" : 2480,
            "99.500000" : 5600,
            "99.900000" : 33024,
            "99.950000" : 35584,
            "99.990000" : 43264
          }
        },
        "lat_ns" : {
          "min" : 1361,
          "max" : 90669,
          "mean" : 2075.438440,
          "stddev" : 1680.836239,
          "N" : 2953457
        },
        "bw_min" : 772096,
        "bw_max" : 800576,
        "bw_agg" : 100.000000,
        "bw_mean" : 787756.100840,
        "bw_dev" : 5970.781364,
        "bw_samples" : 119,
        "iops_min" : 48256,
        "iops_max" : 50036,
        "iops_mean" : 49234.756303,
        "iops_stddev" : 373.173835,
        "iops_samples" : 119
      },
      "trim" : {
        "io_bytes" : 0,
        "io_kbytes" : 0,
        "bw_bytes" : 0,
        "bw" : 0,
        "iops" : 0.000000,
        "runtime" : 0,
        "total_ios" : 0,
        "short_ios" : 0,
        "drop_ios" : 0,
        "slat_ns" : {
          "min" : 0,
          "max" : 0,
          "mean" : 0.000000,
          "stddev" : 0.000000,
          "N" : 0
        },
        "clat_ns" : {
          "min" : 0,
          "max" : 0,
          "mean" : 0.000000,
          "stddev" : 0.000000,
          "N" : 0
        },
        "lat_ns" : {
          "min" : 0,
          "max" : 0,
          "mean" : 0.000000,
          "stddev" : 0.000000,
          "N" : 0
        },
        "bw_min" : 0,
        "bw_max" : 0,
        "bw_agg" : 0.000000,
        "bw_mean" : 0.000000,
        "bw_dev" : 0.000000,
        "bw_samples" : 0,
        "iops_min" : 0,
        "iops_max" : 0,
        "iops_mean" : 0.000000,
        "iops_stddev" : 0.000000,
        "iops_samples" : 0
      },
      "sync" : {
        "total_ios" : 0,
        "lat_ns" : {
          "min" : 0,
          "max" : 0,
          "mean" : 0.000000,
          "stddev" : 0.000000,
          "N" : 0
        }
      },
      "job_runtime" : 60000,
      "usr_cpu" : 14.265000,
      "sys_cpu" : 85.575000,
      "ctx" : 107,
      "majf" : 0,
      "minf" : 10,
      "iodepth_level" : {
        "1" : 100.000000,
        "2" : 0.000000,
        "4" : 0.000000,
        "8" : 0.000000,
        "16" : 0.000000,
        "32" : 0.000000,
        ">=64" : 0.000000
      },
      "iodepth_submit" : {
        "0" : 0.000000,
        "4" : 100.000000,
        "8" : 0.000000,
        "16" : 0.000000,
        "32" : 0.000000,
        "64" : 0.000000,
        ">=64" : 0.000000
      },
      "iodepth_complete" : {
        "0" : 0.000000,
        "4" : 100.000000,
        "8" : 0.000000,
        "16" : 0.000000,
        "32" : 0.000000,
        "64" : 0.000000,
        ">=64" : 0.000000
      },
      "latency_ns" : {
        "2" : 0.000000,
        "4" : 0.000000,
        "10" : 0.000000,
        "20" : 0.000000,
        "50" : 0.000000,
        "100" : 0.000000,
        "250" : 0.000000,
        "500" : 0.000000,
        "750" : 0.000000,
        "1000" : 0.010000
      },
      "latency_us" : {
        "2" : 38.498526,
        "4" : 60.837367,
        "10" : 0.213617,
        "20" : 0.194605,
        "50" : 0.254032,
        "100" : 0.010000,
        "250" : 0.010000,
        "500" : 0.000000,
        "750" : 0.000000,
        "1000" : 0.000000
      },
      "latency_ms" : {
        "2" : 0.000000,
        "4" : 0.000000,
        "10" : 0.000000,
        "20" : 0.000000,
        "50" : 0.000000,
        "100" : 0.000000,
        "250" : 0.000000,
        "500" : 0.000000,
        "750" : 0.000000,
        "1000" : 0.000000,
        "2000" : 0.000000,
        ">=2000" : 0.000000
      },
      "latency_depth" : 1,
      "latency_target" : 0,
      "latency_percentile" : 100.000000,
      "latency_window" : 0
    }
  ]
}
