{
  "fio version" : "fio-3.38",
  "timestamp" : 1729871846,
  "timestamp_ms" : 1729871846357,
  "time" : "Fri Oct 25 17:57:26 2024",
  "jobs" : [
    {
      "jobname" : "output",
      "groupid" : 0,
      "job_start" : 1729871786314,
      "error" : 0,
      "eta" : 0,
      "elapsed" : 61,
      "job options" : {
        "name" : "output",
        "loops" : "5",
        "runtime" : "60",
        "numjobs" : "1",
        "rwmixwrite" : "87.5",
        "bs" : "16k",
        "filesize" : "1G",
        "rw" : "randrw",
        "direct" : "1"
      },
      "read" : {
        "io_bytes" : 56184160256,
        "io_kbytes" : 54867344,
        "bw_bytes" : 936387064,
        "bw" : 914440,
        "iops" : 57152.530791,
        "runtime" : 60001,
        "total_ios" : 3429209,
        "short_ios" : 0,
        "drop_ios" : 0,
        "slat_ns" : {
          "min" : 0,
          "max" : 0,
          "mean" : 0.000000,
          "stddev" : 0.000000,
          "N" : 0
        },
        "clat_ns" : {
          "min" : 1057,
          "max" : 109836,
          "mean" : 2451.384478,
          "stddev" : 1453.351771,
          "N" : 3429209,
          "percentile" : {
            "1.000000" : 1928,
            "5.000000" : 2024,
            "10.000000" : 2096,
            "20.000000" : 2160,
            "30.000000" : 2224,
            "40.000000" : 2288,
            "50.000000" : 2352,
            "60.000000" : 2416,
            "70.000000" : 2480,
            "80.000000" : 2544,
            "90.000000" : 2672,
            "95.000000" : 2768,
            "99.000000" : 3312,
            "99.500000" : 5088,
            "99.900000" : 30592,
            "99.950000" : 33536,
            "99.990000" : 40704
          }
        },
        "lat_ns" : {
          "min" : 1085,
          "max" : 109866,
          "mean" : 2479.072329,
          "stddev" : 1460.958411,
          "N" : 3429209
        },
        "bw_min" : 899488,
        "bw_max" : 936192,
        "bw_agg" : 100.000000,
        "bw_mean" : 915118.109244,
        "bw_dev" : 6241.042780,
        "bw_samples" : 119,
        "iops_min" : 56218,
        "iops_max" : 58512,
        "iops_mean" : 57194.890756,
        "iops_stddev" : 390.063767,
        "iops_samples" : 119
      },
      "write" : {
        "io_bytes" : 376159453184,
        "io_kbytes" : 367343216,
        "bw_bytes" : 6269219732,
        "bw" : 6122284,
        "iops" : 382642.805953,
        "runtime" : 60001,
        "total_ios" : 22958951,
        "short_ios" : 0,
        "drop_ios" : 0,
        "slat_ns" : {
          "min" : 0,
          "max" : 0,
          "mean" : 0.000000,
          "stddev" : 0.000000,
          "N" : 0
        },
        "clat_ns" : {
          "min" : 894,
          "max" : 181104,
          "mean" : 1935.955821,
          "stddev" : 1272.270948,
          "N" : 22958951,
          "percentile" : {
            "1.000000" : 1576,
            "5.000000" : 1656,
            "10.000000" : 1688,
            "20.000000" : 1752,
            "30.000000" : 1784,
            "40.000000" : 1816,
            "50.000000" : 1848,
            "60.000000" : 1896,
            "70.000000" : 1928,
            "80.000000" : 1976,
            "90.000000" : 2064,
            "95.000000" : 2128,
            "99.000000" : 2416,
            "99.500000" : 3216,
            "99.900000" : 26240,
            "99.950000" : 32384,
            "99.990000" : 38656
          }
        },
        "lat_ns" : {
          "min" : 956,
          "max" : 181161,
          "mean" : 1992.478774,
          "stddev" : 1290.819466,
          "N" : 22958951
        },
        "bw_min" : 6048128,
        "bw_max" : 6188192,
        "bw_agg" : 100.000000,
        "bw_mean" : 6126689.126050,
        "bw_dev" : 27227.848557,
        "bw_samples" : 119,
        "iops_min" : 378008,
        "iops_max" : 386762,
        "iops_mean" : 382918.067227,
        "iops_stddev" : 1701.705863,
        "iops_samples" : 119
      },
      "trim" : {
        "io_bytes" : 0,
        "io_kbytes" : 0,
        "bw_bytes" : 0,
        "bw" : 0,
        "iops" : 0.000000,
        "runtime" : 0,
        "total_ios" : 0,
        "short_ios" : 0,
        "drop_ios" : 0,
        "slat_ns" : {
          "min" : 0,
          "max" : 0,
          "mean" : 0.000000,
          "stddev" : 0.000000,
          "N" : 0
        },
        "clat_ns" : {
          "min" : 0,
          "max" : 0,
          "mean" : 0.000000,
          "stddev" : 0.000000,
          "N" : 0
        },
        "lat_ns" : {
          "min" : 0,
          "max" : 0,
          "mean" : 0.000000,
          "stddev" : 0.000000,
          "N" : 0
        },
        "bw_min" : 0,
        "bw_max" : 0,
        "bw_agg" : 0.000000,
        "bw_mean" : 0.000000,
        "bw_dev" : 0.000000,
        "bw_samples" : 0,
        "iops_min" : 0,
        "iops_max" : 0,
        "iops_mean" : 0.000000,
        "iops_stddev" : 0.000000,
        "iops_samples" : 0
      },
      "sync" : {
        "total_ios" : 0,
        "lat_ns" : {
          "min" : 0,
          "max" : 0,
          "mean" : 0.000000,
          "stddev" : 0.000000,
          "N" : 0
        }
      },
      "job_runtime" : 60000,
      "usr_cpu" : 15.706667,
      "sys_cpu" : 84.201667,
      "ctx" : 250,
      "majf" : 0,
      "minf" : 9,
      "iodepth_level" : {
        "1" : 100.000000,
        "2" : 0.000000,
        "4" : 0.000000,
        "8" : 0.000000,
        "16" : 0.000000,
        "32" : 0.000000,
        ">=64" : 0.000000
      },
      "iodepth_submit" : {
        "0" : 0.000000,
        "4" : 100.000000,
        "8" : 0.000000,
        "16" : 0.000000,
        "32" : 0.000000,
        "64" : 0.000000,
        ">=64" : 0.000000
      },
      "iodepth_complete" : {
        "0" : 0.000000,
        "4" : 100.000000,
        "8" : 0.000000,
        "16" : 0.000000,
        "32" : 0.000000,
        "64" : 0.000000,
        ">=64" : 0.000000
      },
      "latency_ns" : {
        "2" : 0.000000,
        "4" : 0.000000,
        "10" : 0.000000,
        "20" : 0.000000,
        "50" : 0.000000,
        "100" : 0.000000,
        "250" : 0.000000,
        "500" : 0.000000,
        "750" : 0.000000,
        "1000" : 0.010000
      },
      "latency_us" : {
        "2" : 72.872857,
        "4" : 26.680291,
        "10" : 0.154990,
        "20" : 0.139468,
        "50" : 0.150825,
        "100" : 0.010000,
        "250" : 0.010000,
        "500" : 0.000000,
        "750" : 0.000000,
        "1000" : 0.000000
      },
      "latency_ms" : {
        "2" : 0.000000,
        "4" : 0.000000,
        "10" : 0.000000,
        "20" : 0.000000,
        "50" : 0.000000,
        "100" : 0.000000,
        "250" : 0.000000,
        "500" : 0.000000,
        "750" : 0.000000,
        "1000" : 0.000000,
        "2000" : 0.000000,
        ">=2000" : 0.000000
      },
      "latency_depth" : 1,
      "latency_target" : 0,
      "latency_percentile" : 100.000000,
      "latency_window" : 0
    }
  ]
}
