{
  "fio version" : "fio-3.38",
  "timestamp" : 1729871786,
  "timestamp_ms" : 1729871786068,
  "time" : "Fri Oct 25 17:56:26 2024",
  "jobs" : [
    {
      "jobname" : "output",
      "groupid" : 0,
      "job_start" : 1729871726035,
      "error" : 0,
      "eta" : 0,
      "elapsed" : 61,
      "job options" : {
        "name" : "output",
        "loops" : "5",
        "runtime" : "60",
        "numjobs" : "1",
        "rwmixwrite" : "75.0",
        "bs" : "16k",
        "filesize" : "1G",
        "rw" : "randrw",
        "direct" : "1"
      },
      "read" : {
        "io_bytes" : 103403405312,
        "io_kbytes" : 100979888,
        "bw_bytes" : 1723361365,
        "bw" : 1682970,
        "iops" : 105185.630239,
        "runtime" : 60001,
        "total_ios" : 6311243,
        "short_ios" : 0,
        "drop_ios" : 0,
        "slat_ns" : {
          "min" : 0,
          "max" : 0,
          "mean" : 0.000000,
          "stddev" : 0.000000,
          "N" : 0
        },
        "clat_ns" : {
          "min" : 1270,
          "max" : 118848,
          "mean" : 2405.140050,
          "stddev" : 1168.913085,
          "N" : 6311243,
          "percentile" : {
            "1.000000" : 1944,
            "5.000000" : 2040,
            "10.000000" : 2096,
            "20.000000" : 2160,
            "30.000000" : 2224,
            "40.000000" : 2288,
            "50.000000" : 2320,
            "60.000000" : 2384,
            "70.000000" : 2448,
            "80.000000" : 2512,
            "90.000000" : 2608,
            "95.000000" : 2736,
            "99.000000" : 3152,
            "99.500000" : 4192,
            "99.900000" : 23168,
            "99.950000" : 33024,
            "99.990000" : 38656
          }
        },
        "lat_ns" : {
          "min" : 1300,
          "max" : 118870,
          "mean" : 2434.367643,
          "stddev" : 1175.782312,
          "N" : 6311243
        },
        "bw_min" : 1657216,
        "bw_max" : 1713280,
        "bw_agg" : 100.000000,
        "bw_mean" : 1684052.705882,
        "bw_dev" : 12992.182073,
        "bw_samples" : 119,
        "iops_min" : 103576,
        "iops_max" : 107082,
        "iops_mean" : 105253.327731,
        "iops_stddev" : 812.034452,
        "iops_samples" : 119
      },
      "write" : {
        "io_bytes" : 310176907264,
        "io_kbytes" : 302907136,
        "bw_bytes" : 5169528962,
        "bw" : 5048368,
        "iops" : 315523.007950,
        "runtime" : 60001,
        "total_ios" : 18931696,
        "short_ios" : 0,
        "drop_ios" : 0,
        "slat_ns" : {
          "min" : 0,
          "max" : 0,
          "mean" : 0.000000,
          "stddev" : 0.000000,
          "N" : 0
        },
        "clat_ns" : {
          "min" : 925,
          "max" : 236054,
          "mean" : 1985.280687,
          "stddev" : 1059.546593,
          "N" : 18931696,
          "percentile" : {
            "1.000000" : 1656,
            "5.000000" : 1736,
            "10.000000" : 1768,
            "20.000000" : 1816,
            "30.000000" : 1864,
            "40.000000" : 1896,
            "50.000000" : 1928,
            "60.000000" : 1960,
            "70.000000" : 1992,
            "80.000000" : 2040,
            "90.000000" : 2128,
            "95.000000" : 2192,
            "99.000000" : 2448,
            "99.500000" : 2928,
            "99.900000" : 19840,
            "99.950000" : 31360,
            "99.990000" : 38144
          }
        },
        "lat_ns" : {
          "min" : 984,
          "max" : 236114,
          "mean" : 2045.828290,
          "stddev" : 1074.688690,
          "N" : 18931696
        },
        "bw_min" : 4968512,
        "bw_max" : 5137984,
        "bw_agg" : 100.000000,
        "bw_mean" : 5051629.445378,
        "bw_dev" : 37004.679194,
        "bw_samples" : 119,
        "iops_min" : 310532,
        "iops_max" : 321124,
        "iops_mean" : 315726.840336,
        "iops_stddev" : 2312.829429,
        "iops_samples" : 119
      },
      "trim" : {
        "io_bytes" : 0,
        "io_kbytes" : 0,
        "bw_bytes" : 0,
        "bw" : 0,
        "iops" : 0.000000,
        "runtime" : 0,
        "total_ios" : 0,
        "short_ios" : 0,
        "drop_ios" : 0,
        "slat_ns" : {
          "min" : 0,
          "max" : 0,
          "mean" : 0.000000,
          "stddev" : 0.000000,
          "N" : 0
        },
        "clat_ns" : {
          "min" : 0,
          "max" : 0,
          "mean" : 0.000000,
          "stddev" : 0.000000,
          "N" : 0
        },
        "lat_ns" : {
          "min" : 0,
          "max" : 0,
          "mean" : 0.000000,
          "stddev" : 0.000000,
          "N" : 0
        },
        "bw_min" : 0,
        "bw_max" : 0,
        "bw_agg" : 0.000000,
        "bw_mean" : 0.000000,
        "bw_dev" : 0.000000,
        "bw_samples" : 0,
        "iops_min" : 0,
        "iops_max" : 0,
        "iops_mean" : 0.000000,
        "iops_stddev" : 0.000000,
        "iops_samples" : 0
      },
      "sync" : {
        "total_ios" : 0,
        "lat_ns" : {
          "min" : 0,
          "max" : 0,
          "mean" : 0.000000,
          "stddev" : 0.000000,
          "N" : 0
        }
      },
      "job_runtime" : 60000,
      "usr_cpu" : 15.930000,
      "sys_cpu" : 83.915000,
      "ctx" : 20,
      "majf" : 0,
      "minf" : 9,
      "iodepth_level" : {
        "1" : 100.000000,
        "2" : 0.000000,
        "4" : 0.000000,
        "8" : 0.000000,
        "16" : 0.000000,
        "32" : 0.000000,
        ">=64" : 0.000000
      },
      "iodepth_submit" : {
        "0" : 0.000000,
        "4" : 100.000000,
        "8" : 0.000000,
        "16" : 0.000000,
        "32" : 0.000000,
        "64" : 0.000000,
        ">=64" : 0.000000
      },
      "iodepth_complete" : {
        "0" : 0.000000,
        "4" : 100.000000,
        "8" : 0.000000,
        "16" : 0.000000,
        "32" : 0.000000,
        "64" : 0.000000,
        ">=64" : 0.000000
      },
      "latency_ns" : {
        "2" : 0.000000,
        "4" : 0.000000,
        "10" : 0.000000,
        "20" : 0.000000,
        "50" : 0.000000,
        "100" : 0.000000,
        "250" : 0.000000,
        "500" : 0.000000,
        "750" : 0.000000,
        "1000" : 0.010000
      },
      "latency_us" : {
        "2" : 54.198210,
        "4" : 45.414454,
        "10" : 0.187538,
        "20" : 0.097615,
        "50" : 0.101177,
        "100" : 0.010000,
        "250" : 0.010000,
        "500" : 0.000000,
        "750" : 0.000000,
        "1000" : 0.000000
      },
      "latency_ms" : {
        "2" : 0.000000,
        "4" : 0.000000,
        "10" : 0.000000,
        "20" : 0.000000,
        "50" : 0.000000,
        "100" : 0.000000,
        "250" : 0.000000,
        "500" : 0.000000,
        "750" : 0.000000,
        "1000" : 0.000000,
        "2000" : 0.000000,
        ">=2000" : 0.000000
      },
      "latency_depth" : 1,
      "latency_target" : 0,
      "latency_percentile" : 100.000000,
      "latency_window" : 0
    }
  ]
}
