{
  "fio version" : "fio-3.38",
  "timestamp" : 1729871725,
  "timestamp_ms" : 1729871725789,
  "time" : "Fri Oct 25 17:55:25 2024",
  "jobs" : [
    {
      "jobname" : "output",
      "groupid" : 0,
      "job_start" : 1729871665773,
      "error" : 0,
      "eta" : 0,
      "elapsed" : 61,
      "job options" : {
        "name" : "output",
        "loops" : "5",
        "runtime" : "60",
        "numjobs" : "1",
        "rwmixwrite" : "62.5",
        "bs" : "16k",
        "filesize" : "1G",
        "rw" : "randrw",
        "direct" : "1"
      },
      "read" : {
        "io_bytes" : 162694021120,
        "io_kbytes" : 158880880,
        "bw_bytes" : 2711521826,
        "bw" : 2647970,
        "iops" : 165498.158364,
        "runtime" : 60001,
        "total_ios" : 9930055,
        "short_ios" : 0,
        "drop_ios" : 0,
        "slat_ns" : {
          "min" : 0,
          "max" : 0,
          "mean" : 0.000000,
          "stddev" : 0.000000,
          "N" : 0
        },
        "clat_ns" : {
          "min" : 1030,
          "max" : 126489,
          "mean" : 2273.718049,
          "stddev" : 1187.226142,
          "N" : 9930055,
          "percentile" : {
            "1.000000" : 1848,
            "5.000000" : 1928,
            "10.000000" : 1976,
            "20.000000" : 2040,
            "30.000000" : 2096,
            "40.000000" : 2128,
            "50.000000" : 2192,
            "60.000000" : 2224,
            "70.000000" : 2288,
            "80.000000" : 2352,
            "90.000000" : 2480,
            "95.000000" : 2576,
            "99.000000" : 2960,
            "99.500000" : 3888,
            "99.900000" : 24704,
            "99.950000" : 32384,
            "99.990000" : 37632
          }
        },
        "lat_ns" : {
          "min" : 1053,
          "max" : 126513,
          "mean" : 2300.576847,
          "stddev" : 1193.883014,
          "N" : 9930055
        },
        "bw_min" : 2592192,
        "bw_max" : 2733696,
        "bw_agg" : 100.000000,
        "bw_mean" : 2648998.184874,
        "bw_dev" : 39890.633789,
        "bw_samples" : 119,
        "iops_min" : 162012,
        "iops_max" : 170856,
        "iops_mean" : 165562.436975,
        "iops_stddev" : 2493.151829,
        "iops_samples" : 119
      },
      "write" : {
        "io_bytes" : 265426993152,
        "io_kbytes" : 259206048,
        "bw_bytes" : 4423709490,
        "bw" : 4320028,
        "iops" : 270001.799970,
        "runtime" : 60001,
        "total_ios" : 16200378,
        "short_ios" : 0,
        "drop_ios" : 0,
        "slat_ns" : {
          "min" : 0,
          "max" : 0,
          "mean" : 0.000000,
          "stddev" : 0.000000,
          "N" : 0
        },
        "clat_ns" : {
          "min" : 868,
          "max" : 141400,
          "mean" : 1884.980754,
          "stddev" : 1073.421451,
          "N" : 16200378,
          "percentile" : {
            "1.000000" : 1560,
            "5.000000" : 1640,
            "10.000000" : 1672,
            "20.000000" : 1720,
            "30.000000" : 1752,
            "40.000000" : 1784,
            "50.000000" : 1816,
            "60.000000" : 1848,
            "70.000000" : 1896,
            "80.000000" : 1944,
            "90.000000" : 2008,
            "95.000000" : 2096,
            "99.000000" : 2352,
            "99.500000" : 2736,
            "99.900000" : 22400,
            "99.950000" : 31360,
            "99.990000" : 36096
          }
        },
        "lat_ns" : {
          "min" : 941,
          "max" : 141450,
          "mean" : 1941.988971,
          "stddev" : 1089.854474,
          "N" : 16200378
        },
        "bw_min" : 4245184,
        "bw_max" : 4448736,
        "bw_agg" : 100.000000,
        "bw_mean" : 4321648.403361,
        "bw_dev" : 62339.454868,
        "bw_samples" : 119,
        "iops_min" : 265324,
        "iops_max" : 278046,
        "iops_mean" : 270103.025210,
        "iops_stddev" : 3896.225700,
        "iops_samples" : 119
      },
      "trim" : {
        "io_bytes" : 0,
        "io_kbytes" : 0,
        "bw_bytes" : 0,
        "bw" : 0,
        "iops" : 0.000000,
        "runtime" : 0,
        "total_ios" : 0,
        "short_ios" : 0,
        "drop_ios" : 0,
        "slat_ns" : {
          "min" : 0,
          "max" : 0,
          "mean" : 0.000000,
          "stddev" : 0.000000,
          "N" : 0
        },
        "clat_ns" : {
          "min" : 0,
          "max" : 0,
          "mean" : 0.000000,
          "stddev" : 0.000000,
          "N" : 0
        },
        "lat_ns" : {
          "min" : 0,
          "max" : 0,
          "mean" : 0.000000,
          "stddev" : 0.000000,
          "N" : 0
        },
        "bw_min" : 0,
        "bw_max" : 0,
        "bw_agg" : 0.000000,
        "bw_mean" : 0.000000,
        "bw_dev" : 0.000000,
        "bw_samples" : 0,
        "iops_min" : 0,
        "iops_max" : 0,
        "iops_mean" : 0.000000,
        "iops_stddev" : 0.000000,
        "iops_samples" : 0
      },
      "sync" : {
        "total_ios" : 0,
        "lat_ns" : {
          "min" : 0,
          "max" : 0,
          "mean" : 0.000000,
          "stddev" : 0.000000,
          "N" : 0
        }
      },
      "job_runtime" : 60000,
      "usr_cpu" : 15.243333,
      "sys_cpu" : 84.688333,
      "ctx" : 280,
      "majf" : 0,
      "minf" : 10,
      "iodepth_level" : {
        "1" : 100.000000,
        "2" : 0.000000,
        "4" : 0.000000,
        "8" : 0.000000,
        "16" : 0.000000,
        "32" : 0.000000,
        ">=64" : 0.000000
      },
      "iodepth_submit" : {
        "0" : 0.000000,
        "4" : 100.000000,
        "8" : 0.000000,
        "16" : 0.000000,
        "32" : 0.000000,
        "64" : 0.000000,
        ">=64" : 0.000000
      },
      "iodepth_complete" : {
        "0" : 0.000000,
        "4" : 100.000000,
        "8" : 0.000000,
        "16" : 0.000000,
        "32" : 0.000000,
        "64" : 0.000000,
        ">=64" : 0.000000
      },
      "latency_ns" : {
        "2" : 0.000000,
        "4" : 0.000000,
        "10" : 0.000000,
        "20" : 0.000000,
        "50" : 0.000000,
        "100" : 0.000000,
        "250" : 0.000000,
        "500" : 0.000000,
        "750" : 0.000000,
        "1000" : 0.010000
      },
      "latency_us" : {
        "2" : 59.894212,
        "4" : 39.724275,
        "10" : 0.164146,
        "20" : 0.103171,
        "50" : 0.113094,
        "100" : 0.010000,
        "250" : 0.010000,
        "500" : 0.000000,
        "750" : 0.000000,
        "1000" : 0.000000
      },
      "latency_ms" : {
        "2" : 0.000000,
        "4" : 0.000000,
        "10" : 0.000000,
        "20" : 0.000000,
        "50" : 0.000000,
        "100" : 0.000000,
        "250" : 0.000000,
        "500" : 0.000000,
        "750" : 0.000000,
        "1000" : 0.000000,
        "2000" : 0.000000,
        ">=2000" : 0.000000
      },
      "latency_depth" : 1,
      "latency_target" : 0,
      "latency_percentile" : 100.000000,
      "latency_window" : 0
    }
  ]
}
