{
  "fio version" : "fio-3.38",
  "timestamp" : 1729777329,
  "timestamp_ms" : 1729777329807,
  "time" : "Thu Oct 24 15:42:09 2024",
  "jobs" : [
    {
      "jobname" : "output",
      "groupid" : 0,
      "job_start" : 1729777269757,
      "error" : 0,
      "eta" : 0,
      "elapsed" : 61,
      "job options" : {
        "name" : "output",
        "loops" : "5",
        "runtime" : "60",
        "numjobs" : "1",
        "rwmixwrite" : "12.5",
        "bs" : "16k",
        "filesize" : "1G",
        "rw" : "rw",
        "direct" : "0"
      },
      "read" : {
        "io_bytes" : 134843777024,
        "io_kbytes" : 131683376,
        "bw_bytes" : 2247358827,
        "bw" : 2194686,
        "iops" : 137167.897202,
        "runtime" : 60001,
        "total_ios" : 8230211,
        "short_ios" : 0,
        "drop_ios" : 0,
        "slat_ns" : {
          "min" : 0,
          "max" : 0,
          "mean" : 0.000000,
          "stddev" : 0.000000,
          "N" : 0
        },
        "clat_ns" : {
          "min" : 557,
          "max" : 13168258,
          "mean" : 5058.289471,
          "stddev" : 17965.166179,
          "N" : 8230211,
          "percentile" : {
            "1.000000" : 1544,
            "5.000000" : 1592,
            "10.000000" : 1608,
            "20.000000" : 1640,
            "30.000000" : 1672,
            "40.000000" : 1704,
            "50.000000" : 1736,
            "60.000000" : 1784,
            "70.000000" : 1848,
            "80.000000" : 1976,
            "90.000000" : 2224,
            "95.000000" : 38656,
            "99.000000" : 61696,
            "99.500000" : 99840,
            "99.900000" : 158720,
            "99.950000" : 216064,
            "99.990000" : 296960
          }
        },
        "lat_ns" : {
          "min" : 581,
          "max" : 13169159,
          "mean" : 5084.756473,
          "stddev" : 17965.901829,
          "N" : 8230211
        },
        "bw_min" : 1773888,
        "bw_max" : 2525120,
        "bw_agg" : 100.000000,
        "bw_mean" : 2195946.487395,
        "bw_dev" : 109952.068358,
        "bw_samples" : 119,
        "iops_min" : 110868,
        "iops_max" : 157820,
        "iops_mean" : 137246.689076,
        "iops_stddev" : 6872.006770,
        "iops_samples" : 119
      },
      "write" : {
        "io_bytes" : 18399133696,
        "io_kbytes" : 17967904,
        "bw_bytes" : 306647117,
        "bw" : 299460,
        "iops" : 18716.254729,
        "runtime" : 60001,
        "total_ios" : 1122994,
        "short_ios" : 0,
        "drop_ios" : 0,
        "slat_ns" : {
          "min" : 0,
          "max" : 0,
          "mean" : 0.000000,
          "stddev" : 0.000000,
          "N" : 0
        },
        "clat_ns" : {
          "min" : 1800,
          "max" : 1627104,
          "mean" : 3968.482538,
          "stddev" : 5526.668262,
          "N" : 1122994,
          "percentile" : {
            "1.000000" : 2544,
            "5.000000" : 2672,
            "10.000000" : 2768,
            "20.000000" : 2960,
            "30.000000" : 3184,
            "40.000000" : 3376,
            "50.000000" : 3504,
            "60.000000" : 3664,
            "70.000000" : 3856,
            "80.000000" : 4128,
            "90.000000" : 4896,
            "95.000000" : 5664,
            "99.000000" : 7712,
            "99.500000" : 21888,
            "99.900000" : 79360,
            "99.950000" : 107008,
            "99.990000" : 191488
          }
        },
        "lat_ns" : {
          "min" : 1845,
          "max" : 1627182,
          "mean" : 4032.938356,
          "stddev" : 5535.515616,
          "N" : 1122994
        },
        "bw_min" : 241824,
        "bw_max" : 346400,
        "bw_agg" : 100.000000,
        "bw_mean" : 299620.033613,
        "bw_dev" : 15581.282639,
        "bw_samples" : 119,
        "iops_min" : 15114,
        "iops_max" : 21650,
        "iops_mean" : 18726.252101,
        "iops_stddev" : 973.830165,
        "iops_samples" : 119
      },
      "trim" : {
        "io_bytes" : 0,
        "io_kbytes" : 0,
        "bw_bytes" : 0,
        "bw" : 0,
        "iops" : 0.000000,
        "runtime" : 0,
        "total_ios" : 0,
        "short_ios" : 0,
        "drop_ios" : 0,
        "slat_ns" : {
          "min" : 0,
          "max" : 0,
          "mean" : 0.000000,
          "stddev" : 0.000000,
          "N" : 0
        },
        "clat_ns" : {
          "min" : 0,
          "max" : 0,
          "mean" : 0.000000,
          "stddev" : 0.000000,
          "N" : 0
        },
        "lat_ns" : {
          "min" : 0,
          "max" : 0,
          "mean" : 0.000000,
          "stddev" : 0.000000,
          "N" : 0
        },
        "bw_min" : 0,
        "bw_max" : 0,
        "bw_agg" : 0.000000,
        "bw_mean" : 0.000000,
        "bw_dev" : 0.000000,
        "bw_samples" : 0,
        "iops_min" : 0,
        "iops_max" : 0,
        "iops_mean" : 0.000000,
        "iops_stddev" : 0.000000,
        "iops_samples" : 0
      },
      "sync" : {
        "total_ios" : 0,
        "lat_ns" : {
          "min" : 0,
          "max" : 0,
          "mean" : 0.000000,
          "stddev" : 0.000000,
          "N" : 0
        }
      },
      "job_runtime" : 60000,
      "usr_cpu" : 4.915000,
      "sys_cpu" : 80.593333,
      "ctx" : 319689,
      "majf" : 0,
      "minf" : 12,
      "iodepth_level" : {
        "1" : 100.000000,
        "2" : 0.000000,
        "4" : 0.000000,
        "8" : 0.000000,
        "16" : 0.000000,
        "32" : 0.000000,
        ">=64" : 0.000000
      },
      "iodepth_submit" : {
        "0" : 0.000000,
        "4" : 100.000000,
        "8" : 0.000000,
        "16" : 0.000000,
        "32" : 0.000000,
        "64" : 0.000000,
        ">=64" : 0.000000
      },
      "iodepth_complete" : {
        "0" : 0.000000,
        "4" : 100.000000,
        "8" : 0.000000,
        "16" : 0.000000,
        "32" : 0.000000,
        "64" : 0.000000,
        ">=64" : 0.000000
      },
      "latency_ns" : {
        "2" : 0.000000,
        "4" : 0.000000,
        "10" : 0.000000,
        "20" : 0.000000,
        "50" : 0.000000,
        "100" : 0.000000,
        "250" : 0.000000,
        "500" : 0.000000,
        "750" : 0.010000,
        "1000" : 0.010328
      },
      "latency_us" : {
        "2" : 72.165263,
        "4" : 19.309766,
        "10" : 2.957820,
        "20" : 0.137140,
        "50" : 3.539771,
        "100" : 1.425768,
        "250" : 0.434781,
        "500" : 0.011664,
        "750" : 0.010000,
        "1000" : 0.010000
      },
      "latency_ms" : {
        "2" : 0.010000,
        "4" : 0.010000,
        "10" : 0.010000,
        "20" : 0.010000,
        "50" : 0.000000,
        "100" : 0.000000,
        "250" : 0.000000,
        "500" : 0.000000,
        "750" : 0.000000,
        "1000" : 0.000000,
        "2000" : 0.000000,
        ">=2000" : 0.000000
      },
      "latency_depth" : 1,
      "latency_target" : 0,
      "latency_percentile" : 100.000000,
      "latency_window" : 0
    }
  ],
  "disk_util" : [
    {
      "name" : "nvme0n1",
      "read_ios" : 485763,
      "write_ios" : 25421,
      "read_sectors" : 246249472,
      "write_sectors" : 35767360,
      "read_merges" : 0,
      "write_merges" : 47,
      "read_ticks" : 51652,
      "write_ticks" : 430557,
      "in_queue" : 482267,
      "util" : 62.742285
    }
  ]
}
