{
  "fio version" : "fio-3.38",
  "timestamp" : 1729777571,
  "timestamp_ms" : 1729777571355,
  "time" : "Thu Oct 24 15:46:11 2024",
  "jobs" : [
    {
      "jobname" : "output",
      "groupid" : 0,
      "job_start" : 1729777510956,
      "error" : 0,
      "eta" : 0,
      "elapsed" : 61,
      "job options" : {
        "name" : "output",
        "loops" : "5",
        "runtime" : "60",
        "numjobs" : "1",
        "rwmixwrite" : "62.5",
        "bs" : "16k",
        "filesize" : "1G",
        "rw" : "rw",
        "direct" : "0"
      },
      "read" : {
        "io_bytes" : 25029967872,
        "io_kbytes" : 24443328,
        "bw_bytes" : 415649012,
        "bw" : 405907,
        "iops" : 25369.202411,
        "runtime" : 60219,
        "total_ios" : 1527708,
        "short_ios" : 0,
        "drop_ios" : 0,
        "slat_ns" : {
          "min" : 0,
          "max" : 0,
          "mean" : 0.000000,
          "stddev" : 0.000000,
          "N" : 0
        },
        "clat_ns" : {
          "min" : 565,
          "max" : 364392995,
          "mean" : 9233.030234,
          "stddev" : 777784.529824,
          "N" : 1527708,
          "percentile" : {
            "1.000000" : 1624,
            "5.000000" : 1704,
            "10.000000" : 1752,
            "20.000000" : 1832,
            "30.000000" : 1912,
            "40.000000" : 1976,
            "50.000000" : 2064,
            "60.000000" : 2128,
            "70.000000" : 2224,
            "80.000000" : 2320,
            "90.000000" : 2544,
            "95.000000" : 3600,
            "99.000000" : 38144,
            "99.500000" : 51968,
            "99.900000" : 171008,
            "99.950000" : 226304,
            "99.990000" : 9895936
          }
        },
        "lat_ns" : {
          "min" : 587,
          "max" : 364393077,
          "mean" : 9261.139559,
          "stddev" : 777786.129753,
          "N" : 1527708
        },
        "bw_min" : 64,
        "bw_max" : 1293376,
        "bw_agg" : 100.000000,
        "bw_mean" : 525662.967742,
        "bw_dev" : 361034.220505,
        "bw_samples" : 93,
        "iops_min" : 4,
        "iops_max" : 80836,
        "iops_mean" : 32853.935484,
        "iops_stddev" : 22564.638782,
        "iops_samples" : 93
      },
      "write" : {
        "io_bytes" : 40802205696,
        "io_kbytes" : 39845904,
        "bw_bytes" : 677563654,
        "bw" : 661683,
        "iops" : 41355.203507,
        "runtime" : 60219,
        "total_ios" : 2490369,
        "short_ios" : 0,
        "drop_ios" : 0,
        "slat_ns" : {
          "min" : 0,
          "max" : 0,
          "mean" : 0.000000,
          "stddev" : 0.000000,
          "N" : 0
        },
        "clat_ns" : {
          "min" : 1709,
          "max" : 59687299,
          "mean" : 4103.888534,
          "stddev" : 45264.301630,
          "N" : 2490369,
          "percentile" : {
            "1.000000" : 2256,
            "5.000000" : 2576,
            "10.000000" : 2768,
            "20.000000" : 3216,
            "30.000000" : 3312,
            "40.000000" : 3376,
            "50.000000" : 3472,
            "60.000000" : 3568,
            "70.000000" : 3728,
            "80.000000" : 4048,
            "90.000000" : 5216,
            "95.000000" : 5600,
            "99.000000" : 8384,
            "99.500000" : 23168,
            "99.900000" : 104960,
            "99.950000" : 183296,
            "99.990000" : 201728
          }
        },
        "lat_ns" : {
          "min" : 1760,
          "max" : 59687359,
          "mean" : 4166.260257,
          "stddev" : 45265.260042,
          "N" : 2490369
        },
        "bw_min" : 32,
        "bw_max" : 2097152,
        "bw_agg" : 100.000000,
        "bw_mean" : 838860.800000,
        "bw_dev" : 594944.974885,
        "bw_samples" : 95,
        "iops_min" : 2,
        "iops_max" : 131072,
        "iops_mean" : 52428.800000,
        "iops_stddev" : 37184.060930,
        "iops_samples" : 95
      },
      "trim" : {
        "io_bytes" : 0,
        "io_kbytes" : 0,
        "bw_bytes" : 0,
        "bw" : 0,
        "iops" : 0.000000,
        "runtime" : 0,
        "total_ios" : 0,
        "short_ios" : 0,
        "drop_ios" : 0,
        "slat_ns" : {
          "min" : 0,
          "max" : 0,
          "mean" : 0.000000,
          "stddev" : 0.000000,
          "N" : 0
        },
        "clat_ns" : {
          "min" : 0,
          "max" : 0,
          "mean" : 0.000000,
          "stddev" : 0.000000,
          "N" : 0
        },
        "lat_ns" : {
          "min" : 0,
          "max" : 0,
          "mean" : 0.000000,
          "stddev" : 0.000000,
          "N" : 0
        },
        "bw_min" : 0,
        "bw_max" : 0,
        "bw_agg" : 0.000000,
        "bw_mean" : 0.000000,
        "bw_dev" : 0.000000,
        "bw_samples" : 0,
        "iops_min" : 0,
        "iops_max" : 0,
        "iops_mean" : 0.000000,
        "iops_stddev" : 0.000000,
        "iops_samples" : 0
      },
      "sync" : {
        "total_ios" : 0,
        "lat_ns" : {
          "min" : 0,
          "max" : 0,
          "mean" : 0.000000,
          "stddev" : 0.000000,
          "N" : 0
        }
      },
      "job_runtime" : 60218,
      "usr_cpu" : 2.258461,
      "sys_cpu" : 36.040719,
      "ctx" : 46674,
      "majf" : 0,
      "minf" : 14,
      "iodepth_level" : {
        "1" : 100.000000,
        "2" : 0.000000,
        "4" : 0.000000,
        "8" : 0.000000,
        "16" : 0.000000,
        "32" : 0.000000,
        ">=64" : 0.000000
      },
      "iodepth_submit" : {
        "0" : 0.000000,
        "4" : 100.000000,
        "8" : 0.000000,
        "16" : 0.000000,
        "32" : 0.000000,
        "64" : 0.000000,
        ">=64" : 0.000000
      },
      "iodepth_complete" : {
        "0" : 0.000000,
        "4" : 100.000000,
        "8" : 0.000000,
        "16" : 0.000000,
        "32" : 0.000000,
        "64" : 0.000000,
        ">=64" : 0.000000
      },
      "latency_ns" : {
        "2" : 0.000000,
        "4" : 0.000000,
        "10" : 0.000000,
        "20" : 0.000000,
        "50" : 0.000000,
        "100" : 0.000000,
        "250" : 0.000000,
        "500" : 0.000000,
        "750" : 0.010000,
        "1000" : 0.026306
      },
      "latency_us" : {
        "2" : 16.464667,
        "4" : 68.620686,
        "10" : 12.881112,
        "20" : 0.193625,
        "50" : 1.496064,
        "100" : 0.141884,
        "250" : 0.155846,
        "500" : 0.010000,
        "750" : 0.010000,
        "1000" : 0.010000
      },
      "latency_ms" : {
        "2" : 0.010000,
        "4" : 0.010000,
        "10" : 0.010000,
        "20" : 0.010000,
        "50" : 0.010000,
        "100" : 0.010000,
        "250" : 0.010000,
        "500" : 0.010000,
        "750" : 0.000000,
        "1000" : 0.000000,
        "2000" : 0.000000,
        ">=2000" : 0.000000
      },
      "latency_depth" : 1,
      "latency_target" : 0,
      "latency_percentile" : 100.000000,
      "latency_window" : 0
    }
  ],
  "disk_util" : [
    {
      "name" : "nvme0n1",
      "read_ios" : 53755,
      "write_ios" : 61201,
      "read_sectors" : 27201608,
      "write_sectors" : 80632688,
      "read_merges" : 0,
      "write_merges" : 162,
      "read_ticks" : 18303,
      "write_ticks" : 4749467,
      "in_queue" : 4768025,
      "util" : 78.972723
    }
  ]
}
