{
  "fio version" : "fio-3.38",
  "timestamp" : 1729777631,
  "timestamp_ms" : 1729777631645,
  "time" : "Thu Oct 24 15:47:11 2024",
  "jobs" : [
    {
      "jobname" : "output",
      "groupid" : 0,
      "job_start" : 1729777571599,
      "error" : 0,
      "eta" : 0,
      "elapsed" : 61,
      "job options" : {
        "name" : "output",
        "loops" : "5",
        "runtime" : "60",
        "numjobs" : "1",
        "rwmixwrite" : "75.0",
        "bs" : "16k",
        "filesize" : "1G",
        "rw" : "rw",
        "direct" : "0"
      },
      "read" : {
        "io_bytes" : 31524290560,
        "io_kbytes" : 30785440,
        "bw_bytes" : 525396086,
        "bw" : 513082,
        "iops" : 32067.632206,
        "runtime" : 60001,
        "total_ios" : 1924090,
        "short_ios" : 0,
        "drop_ios" : 0,
        "slat_ns" : {
          "min" : 0,
          "max" : 0,
          "mean" : 0.000000,
          "stddev" : 0.000000,
          "N" : 0
        },
        "clat_ns" : {
          "min" : 580,
          "max" : 33234059,
          "mean" : 5467.294798,
          "stddev" : 119929.689519,
          "N" : 1924090,
          "percentile" : {
            "1.000000" : 1656,
            "5.000000" : 1784,
            "10.000000" : 1864,
            "20.000000" : 1976,
            "30.000000" : 2096,
            "40.000000" : 2160,
            "50.000000" : 2256,
            "60.000000" : 2352,
            "70.000000" : 2448,
            "80.000000" : 2576,
            "90.000000" : 2928,
            "95.000000" : 3664,
            "99.000000" : 40704,
            "99.500000" : 42240,
            "99.900000" : 146432,
            "99.950000" : 246784,
            "99.990000" : 6586368
          }
        },
        "lat_ns" : {
          "min" : 602,
          "max" : 33234087,
          "mean" : 5496.542132,
          "stddev" : 119929.724069,
          "N" : 1924090
        },
        "bw_min" : 232800,
        "bw_max" : 732640,
        "bw_agg" : 100.000000,
        "bw_mean" : 518922.576271,
        "bw_dev" : 128241.936964,
        "bw_samples" : 118,
        "iops_min" : 14550,
        "iops_max" : 45790,
        "iops_mean" : 32432.661017,
        "iops_stddev" : 8015.121060,
        "iops_samples" : 118
      },
      "write" : {
        "io_bytes" : 94506876928,
        "io_kbytes" : 92291872,
        "bw_bytes" : 1575088363,
        "bw" : 1538172,
        "iops" : 96135.764404,
        "runtime" : 60001,
        "total_ios" : 5768242,
        "short_ios" : 0,
        "drop_ios" : 0,
        "slat_ns" : {
          "min" : 0,
          "max" : 0,
          "mean" : 0.000000,
          "stddev" : 0.000000,
          "N" : 0
        },
        "clat_ns" : {
          "min" : 1731,
          "max" : 1193681,
          "mean" : 4382.704008,
          "stddev" : 5860.822041,
          "N" : 5768242,
          "percentile" : {
            "1.000000" : 2512,
            "5.000000" : 2736,
            "10.000000" : 3024,
            "20.000000" : 3376,
            "30.000000" : 3536,
            "40.000000" : 3696,
            "50.000000" : 3824,
            "60.000000" : 3952,
            "70.000000" : 4128,
            "80.000000" : 4768,
            "90.000000" : 5792,
            "95.000000" : 6240,
            "99.000000" : 8512,
            "99.500000" : 19584,
            "99.900000" : 107008,
            "99.950000" : 127488,
            "99.990000" : 201728
          }
        },
        "lat_ns" : {
          "min" : 1779,
          "max" : 1193756,
          "mean" : 4450.603523,
          "stddev" : 5868.520303,
          "N" : 5768242
        },
        "bw_min" : 688736,
        "bw_max" : 2215104,
        "bw_agg" : 100.000000,
        "bw_mean" : 1555615.728814,
        "bw_dev" : 384467.866189,
        "bw_samples" : 118,
        "iops_min" : 43046,
        "iops_max" : 138444,
        "iops_mean" : 97225.983051,
        "iops_stddev" : 24029.241637,
        "iops_samples" : 118
      },
      "trim" : {
        "io_bytes" : 0,
        "io_kbytes" : 0,
        "bw_bytes" : 0,
        "bw" : 0,
        "iops" : 0.000000,
        "runtime" : 0,
        "total_ios" : 0,
        "short_ios" : 0,
        "drop_ios" : 0,
        "slat_ns" : {
          "min" : 0,
          "max" : 0,
          "mean" : 0.000000,
          "stddev" : 0.000000,
          "N" : 0
        },
        "clat_ns" : {
          "min" : 0,
          "max" : 0,
          "mean" : 0.000000,
          "stddev" : 0.000000,
          "N" : 0
        },
        "lat_ns" : {
          "min" : 0,
          "max" : 0,
          "mean" : 0.000000,
          "stddev" : 0.000000,
          "N" : 0
        },
        "bw_min" : 0,
        "bw_max" : 0,
        "bw_agg" : 0.000000,
        "bw_mean" : 0.000000,
        "bw_dev" : 0.000000,
        "bw_samples" : 0,
        "iops_min" : 0,
        "iops_max" : 0,
        "iops_mean" : 0.000000,
        "iops_stddev" : 0.000000,
        "iops_samples" : 0
      },
      "sync" : {
        "total_ios" : 0,
        "lat_ns" : {
          "min" : 0,
          "max" : 0,
          "mean" : 0.000000,
          "stddev" : 0.000000,
          "N" : 0
        }
      },
      "job_runtime" : 60000,
      "usr_cpu" : 4.808333,
      "sys_cpu" : 75.523333,
      "ctx" : 123881,
      "majf" : 0,
      "minf" : 13,
      "iodepth_level" : {
        "1" : 100.000000,
        "2" : 0.000000,
        "4" : 0.000000,
        "8" : 0.000000,
        "16" : 0.000000,
        "32" : 0.000000,
        ">=64" : 0.000000
      },
      "iodepth_submit" : {
        "0" : 0.000000,
        "4" : 100.000000,
        "8" : 0.000000,
        "16" : 0.000000,
        "32" : 0.000000,
        "64" : 0.000000,
        ">=64" : 0.000000
      },
      "iodepth_complete" : {
        "0" : 0.000000,
        "4" : 100.000000,
        "8" : 0.000000,
        "16" : 0.000000,
        "32" : 0.000000,
        "64" : 0.000000,
        ">=64" : 0.000000
      },
      "latency_ns" : {
        "2" : 0.000000,
        "4" : 0.000000,
        "10" : 0.000000,
        "20" : 0.000000,
        "50" : 0.000000,
        "100" : 0.000000,
        "250" : 0.000000,
        "500" : 0.000000,
        "750" : 0.010000,
        "1000" : 0.010000
      },
      "latency_us" : {
        "2" : 5.422166,
        "4" : 66.100917,
        "10" : 27.091277,
        "20" : 0.194999,
        "50" : 0.968601,
        "100" : 0.071227,
        "250" : 0.129025,
        "500" : 0.010000,
        "750" : 0.010000,
        "1000" : 0.010000
      },
      "latency_ms" : {
        "2" : 0.010000,
        "4" : 0.010000,
        "10" : 0.010000,
        "20" : 0.010000,
        "50" : 0.010000,
        "100" : 0.000000,
        "250" : 0.000000,
        "500" : 0.000000,
        "750" : 0.000000,
        "1000" : 0.000000,
        "2000" : 0.000000,
        ">=2000" : 0.000000
      },
      "latency_depth" : 1,
      "latency_target" : 0,
      "latency_percentile" : 100.000000,
      "latency_window" : 0
    }
  ],
  "disk_util" : [
    {
      "name" : "nvme0n1",
      "read_ios" : 62133,
      "write_ios" : 148010,
      "read_sectors" : 31467160,
      "write_sectors" : 184169936,
      "read_merges" : 0,
      "write_merges" : 459,
      "read_ticks" : 12801,
      "write_ticks" : 5181777,
      "in_queue" : 5194607,
      "util" : 51.585409
    }
  ]
}
