{
  "fio version" : "fio-3.38",
  "timestamp" : 1729688415,
  "timestamp_ms" : 1729688415674,
  "time" : "Wed Oct 23 15:00:15 2024",
  "jobs" : [
    {
      "jobname" : "output",
      "groupid" : 0,
      "job_start" : 1729688355525,
      "error" : 0,
      "eta" : 0,
      "elapsed" : 61,
      "job options" : {
        "name" : "output",
        "loops" : "5",
        "runtime" : "60",
        "numjobs" : "1",
        "rwmixwrite" : "12.5",
        "bs" : "16k",
        "filesize" : "1G",
        "rw" : "rw",
        "direct" : "0"
      },
      "read" : {
        "io_bytes" : 129922777088,
        "io_kbytes" : 126877712,
        "bw_bytes" : 2163324459,
        "bw" : 2112621,
        "iops" : 132038.846429,
        "runtime" : 60057,
        "total_ios" : 7929857,
        "short_ios" : 0,
        "drop_ios" : 0,
        "slat_ns" : {
          "min" : 0,
          "max" : 0,
          "mean" : 0.000000,
          "stddev" : 0.000000,
          "N" : 0
        },
        "clat_ns" : {
          "min" : 628,
          "max" : 7161208,
          "mean" : 5075.533700,
          "stddev" : 15251.632564,
          "N" : 7929857,
          "percentile" : {
            "1.000000" : 1624,
            "5.000000" : 1656,
            "10.000000" : 1688,
            "20.000000" : 1736,
            "30.000000" : 1768,
            "40.000000" : 1800,
            "50.000000" : 1848,
            "60.000000" : 1896,
            "70.000000" : 1976,
            "80.000000" : 2128,
            "90.000000" : 2416,
            "95.000000" : 40192,
            "99.000000" : 59648,
            "99.500000" : 91648,
            "99.900000" : 140288,
            "99.950000" : 191488,
            "99.990000" : 276480
          }
        },
        "lat_ns" : {
          "min" : 651,
          "max" : 7161918,
          "mean" : 5104.508243,
          "stddev" : 15252.328505,
          "N" : 7929857
        },
        "bw_min" : 1693120,
        "bw_max" : 2409632,
        "bw_agg" : 100.000000,
        "bw_mean" : 2114804.841667,
        "bw_dev" : 91300.600783,
        "bw_samples" : 120,
        "iops_min" : 105820,
        "iops_max" : 150602,
        "iops_mean" : 132175.325000,
        "iops_stddev" : 5706.266828,
        "iops_samples" : 120
      },
      "write" : {
        "io_bytes" : 17724801024,
        "io_kbytes" : 17309376,
        "bw_bytes" : 295132974,
        "bw" : 288215,
        "iops" : 18013.487187,
        "runtime" : 60057,
        "total_ios" : 1081836,
        "short_ios" : 0,
        "drop_ios" : 0,
        "slat_ns" : {
          "min" : 0,
          "max" : 0,
          "mean" : 0.000000,
          "stddev" : 0.000000,
          "N" : 0
        },
        "clat_ns" : {
          "min" : 2799,
          "max" : 581742,
          "mean" : 5492.252218,
          "stddev" : 4622.914983,
          "N" : 1081836,
          "percentile" : {
            "1.000000" : 3664,
            "5.000000" : 3952,
            "10.000000" : 4128,
            "20.000000" : 4320,
            "30.000000" : 4576,
            "40.000000" : 4768,
            "50.000000" : 4960,
            "60.000000" : 5216,
            "70.000000" : 5408,
            "80.000000" : 5792,
            "90.000000" : 6880,
            "95.000000" : 7584,
            "99.000000" : 14016,
            "99.500000" : 23936,
            "99.900000" : 55040,
            "99.950000" : 103936,
            "99.990000" : 197632
          }
        },
        "lat_ns" : {
          "min" : 2851,
          "max" : 581803,
          "mean" : 5562.692915,
          "stddev" : 4630.642521,
          "N" : 1081836
        },
        "bw_min" : 225824,
        "bw_max" : 326912,
        "bw_agg" : 100.000000,
        "bw_mean" : 288513.808333,
        "bw_dev" : 12961.361519,
        "bw_samples" : 120,
        "iops_min" : 14114,
        "iops_max" : 20432,
        "iops_mean" : 18032.100000,
        "iops_stddev" : 810.091419,
        "iops_samples" : 120
      },
      "trim" : {
        "io_bytes" : 0,
        "io_kbytes" : 0,
        "bw_bytes" : 0,
        "bw" : 0,
        "iops" : 0.000000,
        "runtime" : 0,
        "total_ios" : 0,
        "short_ios" : 0,
        "drop_ios" : 0,
        "slat_ns" : {
          "min" : 0,
          "max" : 0,
          "mean" : 0.000000,
          "stddev" : 0.000000,
          "N" : 0
        },
        "clat_ns" : {
          "min" : 0,
          "max" : 0,
          "mean" : 0.000000,
          "stddev" : 0.000000,
          "N" : 0
        },
        "lat_ns" : {
          "min" : 0,
          "max" : 0,
          "mean" : 0.000000,
          "stddev" : 0.000000,
          "N" : 0
        },
        "bw_min" : 0,
        "bw_max" : 0,
        "bw_agg" : 0.000000,
        "bw_mean" : 0.000000,
        "bw_dev" : 0.000000,
        "bw_samples" : 0,
        "iops_min" : 0,
        "iops_max" : 0,
        "iops_mean" : 0.000000,
        "iops_stddev" : 0.000000,
        "iops_samples" : 0
      },
      "sync" : {
        "total_ios" : 0,
        "lat_ns" : {
          "min" : 0,
          "max" : 0,
          "mean" : 0.000000,
          "stddev" : 0.000000,
          "N" : 0
        }
      },
      "job_runtime" : 60056,
      "usr_cpu" : 5.538164,
      "sys_cpu" : 83.112428,
      "ctx" : 214216,
      "majf" : 0,
      "minf" : 14,
      "iodepth_level" : {
        "1" : 100.000000,
        "2" : 0.000000,
        "4" : 0.000000,
        "8" : 0.000000,
        "16" : 0.000000,
        "32" : 0.000000,
        ">=64" : 0.000000
      },
      "iodepth_submit" : {
        "0" : 0.000000,
        "4" : 100.000000,
        "8" : 0.000000,
        "16" : 0.000000,
        "32" : 0.000000,
        "64" : 0.000000,
        ">=64" : 0.000000
      },
      "iodepth_complete" : {
        "0" : 0.000000,
        "4" : 100.000000,
        "8" : 0.000000,
        "16" : 0.000000,
        "32" : 0.000000,
        "64" : 0.000000,
        ">=64" : 0.000000
      },
      "latency_ns" : {
        "2" : 0.000000,
        "4" : 0.000000,
        "10" : 0.000000,
        "20" : 0.000000,
        "50" : 0.000000,
        "100" : 0.000000,
        "250" : 0.000000,
        "500" : 0.000000,
        "750" : 0.010000,
        "1000" : 0.010000
      },
      "latency_us" : {
        "2" : 63.032196,
        "4" : 20.019457,
        "10" : 11.263455,
        "20" : 0.222167,
        "50" : 3.715451,
        "100" : 1.352465,
        "250" : 0.370696,
        "500" : 0.010542,
        "750" : 0.010000,
        "1000" : 0.010000
      },
      "latency_ms" : {
        "2" : 0.010000,
        "4" : 0.010000,
        "10" : 0.010000,
        "20" : 0.000000,
        "50" : 0.000000,
        "100" : 0.000000,
        "250" : 0.000000,
        "500" : 0.000000,
        "750" : 0.000000,
        "1000" : 0.000000,
        "2000" : 0.000000,
        ">=2000" : 0.000000
      },
      "latency_depth" : 1,
      "latency_target" : 0,
      "latency_percentile" : 100.000000,
      "latency_window" : 0
    }
  ],
  "disk_util" : [
    {
      "name" : "nvme0n1",
      "read_ios" : 468383,
      "write_ios" : 24114,
      "read_sectors" : 237361256,
      "write_sectors" : 34438888,
      "read_merges" : 0,
      "write_merges" : 96,
      "read_ticks" : 48670,
      "write_ticks" : 397404,
      "in_queue" : 446097,
      "util" : 61.152088
    }
  ]
}
