{
  "fio version" : "fio-3.38",
  "timestamp" : 1729688475,
  "timestamp_ms" : 1729688475981,
  "time" : "Wed Oct 23 15:01:15 2024",
  "jobs" : [
    {
      "jobname" : "output",
      "groupid" : 0,
      "job_start" : 1729688415931,
      "error" : 0,
      "eta" : 0,
      "elapsed" : 61,
      "job options" : {
        "name" : "output",
        "loops" : "5",
        "runtime" : "60",
        "numjobs" : "1",
        "rwmixwrite" : "25.0",
        "bs" : "16k",
        "filesize" : "1G",
        "rw" : "rw",
        "direct" : "0"
      },
      "read" : {
        "io_bytes" : 107979456512,
        "io_kbytes" : 105448688,
        "bw_bytes" : 1799627614,
        "bw" : 1757448,
        "iops" : 109840.552657,
        "runtime" : 60001,
        "total_ios" : 6590543,
        "short_ios" : 0,
        "drop_ios" : 0,
        "slat_ns" : {
          "min" : 0,
          "max" : 0,
          "mean" : 0.000000,
          "stddev" : 0.000000,
          "N" : 0
        },
        "clat_ns" : {
          "min" : 598,
          "max" : 14886444,
          "mean" : 4653.001168,
          "stddev" : 18712.067983,
          "N" : 6590543,
          "percentile" : {
            "1.000000" : 1624,
            "5.000000" : 1672,
            "10.000000" : 1704,
            "20.000000" : 1752,
            "30.000000" : 1800,
            "40.000000" : 1848,
            "50.000000" : 1896,
            "60.000000" : 1960,
            "70.000000" : 2064,
            "80.000000" : 2192,
            "90.000000" : 2480,
            "95.000000" : 37632,
            "99.000000" : 53504,
            "99.500000" : 77312,
            "99.900000" : 134144,
            "99.950000" : 160768,
            "99.990000" : 264192
          }
        },
        "lat_ns" : {
          "min" : 618,
          "max" : 14886468,
          "mean" : 4681.991585,
          "stddev" : 18712.805626,
          "N" : 6590543
        },
        "bw_min" : 1226784,
        "bw_max" : 2171104,
        "bw_agg" : 100.000000,
        "bw_mean" : 1760565.084034,
        "bw_dev" : 223155.144176,
        "bw_samples" : 119,
        "iops_min" : 76674,
        "iops_max" : 135694,
        "iops_mean" : 110035.394958,
        "iops_stddev" : 13947.186712,
        "iops_samples" : 119
      },
      "write" : {
        "io_bytes" : 35999383552,
        "io_kbytes" : 35155648,
        "bw_bytes" : 599979726,
        "bw" : 585917,
        "iops" : 36619.856336,
        "runtime" : 60001,
        "total_ios" : 2197228,
        "short_ios" : 0,
        "drop_ios" : 0,
        "slat_ns" : {
          "min" : 0,
          "max" : 0,
          "mean" : 0.000000,
          "stddev" : 0.000000,
          "N" : 0
        },
        "clat_ns" : {
          "min" : 2615,
          "max" : 589678,
          "mean" : 5236.261821,
          "stddev" : 4260.459747,
          "N" : 2197228,
          "percentile" : {
            "1.000000" : 3536,
            "5.000000" : 3760,
            "10.000000" : 3920,
            "20.000000" : 4128,
            "30.000000" : 4320,
            "40.000000" : 4512,
            "50.000000" : 4704,
            "60.000000" : 4896,
            "70.000000" : 5152,
            "80.000000" : 5536,
            "90.000000" : 6624,
            "95.000000" : 7456,
            "99.000000" : 12864,
            "99.500000" : 23936,
            "99.900000" : 51456,
            "99.950000" : 98816,
            "99.990000" : 193536
          }
        },
        "lat_ns" : {
          "min" : 2677,
          "max" : 589746,
          "mean" : 5305.500744,
          "stddev" : 4269.322935,
          "N" : 2197228
        },
        "bw_min" : 406080,
        "bw_max" : 713792,
        "bw_agg" : 100.000000,
        "bw_mean" : 586960.949580,
        "bw_dev" : 74388.656361,
        "bw_samples" : 119,
        "iops_min" : 25380,
        "iops_max" : 44612,
        "iops_mean" : 36685.058824,
        "iops_stddev" : 4649.291791,
        "iops_samples" : 119
      },
      "trim" : {
        "io_bytes" : 0,
        "io_kbytes" : 0,
        "bw_bytes" : 0,
        "bw" : 0,
        "iops" : 0.000000,
        "runtime" : 0,
        "total_ios" : 0,
        "short_ios" : 0,
        "drop_ios" : 0,
        "slat_ns" : {
          "min" : 0,
          "max" : 0,
          "mean" : 0.000000,
          "stddev" : 0.000000,
          "N" : 0
        },
        "clat_ns" : {
          "min" : 0,
          "max" : 0,
          "mean" : 0.000000,
          "stddev" : 0.000000,
          "N" : 0
        },
        "lat_ns" : {
          "min" : 0,
          "max" : 0,
          "mean" : 0.000000,
          "stddev" : 0.000000,
          "N" : 0
        },
        "bw_min" : 0,
        "bw_max" : 0,
        "bw_agg" : 0.000000,
        "bw_mean" : 0.000000,
        "bw_dev" : 0.000000,
        "bw_samples" : 0,
        "iops_min" : 0,
        "iops_max" : 0,
        "iops_mean" : 0.000000,
        "iops_stddev" : 0.000000,
        "iops_samples" : 0
      },
      "sync" : {
        "total_ios" : 0,
        "lat_ns" : {
          "min" : 0,
          "max" : 0,
          "mean" : 0.000000,
          "stddev" : 0.000000,
          "N" : 0
        }
      },
      "job_runtime" : 60000,
      "usr_cpu" : 5.171667,
      "sys_cpu" : 81.000000,
      "ctx" : 75958,
      "majf" : 0,
      "minf" : 11,
      "iodepth_level" : {
        "1" : 100.000000,
        "2" : 0.000000,
        "4" : 0.000000,
        "8" : 0.000000,
        "16" : 0.000000,
        "32" : 0.000000,
        ">=64" : 0.000000
      },
      "iodepth_submit" : {
        "0" : 0.000000,
        "4" : 100.000000,
        "8" : 0.000000,
        "16" : 0.000000,
        "32" : 0.000000,
        "64" : 0.000000,
        ">=64" : 0.000000
      },
      "iodepth_complete" : {
        "0" : 0.000000,
        "4" : 100.000000,
        "8" : 0.000000,
        "16" : 0.000000,
        "32" : 0.000000,
        "64" : 0.000000,
        ">=64" : 0.000000
      },
      "latency_ns" : {
        "2" : 0.000000,
        "4" : 0.000000,
        "10" : 0.000000,
        "20" : 0.000000,
        "50" : 0.000000,
        "100" : 0.000000,
        "250" : 0.000000,
        "500" : 0.000000,
        "750" : 0.010000,
        "1000" : 0.027561
      },
      "latency_us" : {
        "2" : 48.046473,
        "4" : 25.707941,
        "10" : 21.600961,
        "20" : 0.292167,
        "50" : 3.435456,
        "100" : 0.625483,
        "250" : 0.251144,
        "500" : 0.010000,
        "750" : 0.010000,
        "1000" : 0.010000
      },
      "latency_ms" : {
        "2" : 0.010000,
        "4" : 0.010000,
        "10" : 0.010000,
        "20" : 0.010000,
        "50" : 0.000000,
        "100" : 0.000000,
        "250" : 0.000000,
        "500" : 0.000000,
        "750" : 0.000000,
        "1000" : 0.000000,
        "2000" : 0.000000,
        ">=2000" : 0.000000
      },
      "latency_depth" : 1,
      "latency_target" : 0,
      "latency_percentile" : 100.000000,
      "latency_window" : 0
    }
  ],
  "disk_util" : [
    {
      "name" : "nvme0n1",
      "read_ios" : 350427,
      "write_ios" : 45392,
      "read_sectors" : 177349336,
      "write_sectors" : 70113152,
      "read_merges" : 0,
      "write_merges" : 237,
      "read_ticks" : 36325,
      "write_ticks" : 1226510,
      "in_queue" : 1262874,
      "util" : 64.181221
    }
  ]
}
