{
  "fio version" : "fio-3.38",
  "timestamp" : 1729688536,
  "timestamp_ms" : 1729688536270,
  "time" : "Wed Oct 23 15:02:16 2024",
  "jobs" : [
    {
      "jobname" : "output",
      "groupid" : 0,
      "job_start" : 1729688476238,
      "error" : 0,
      "eta" : 0,
      "elapsed" : 61,
      "job options" : {
        "name" : "output",
        "loops" : "5",
        "runtime" : "60",
        "numjobs" : "1",
        "rwmixwrite" : "37.5",
        "bs" : "16k",
        "filesize" : "1G",
        "rw" : "rw",
        "direct" : "0"
      },
      "read" : {
        "io_bytes" : 82597822464,
        "io_kbytes" : 80661936,
        "bw_bytes" : 1376630374,
        "bw" : 1344365,
        "iops" : 84022.850000,
        "runtime" : 60000,
        "total_ios" : 5041371,
        "short_ios" : 0,
        "drop_ios" : 0,
        "slat_ns" : {
          "min" : 0,
          "max" : 0,
          "mean" : 0.000000,
          "stddev" : 0.000000,
          "N" : 0
        },
        "clat_ns" : {
          "min" : 638,
          "max" : 24465840,
          "mean" : 4951.462584,
          "stddev" : 65860.292376,
          "N" : 5041371,
          "percentile" : {
            "1.000000" : 1624,
            "5.000000" : 1688,
            "10.000000" : 1736,
            "20.000000" : 1800,
            "30.000000" : 1864,
            "40.000000" : 1912,
            "50.000000" : 1992,
            "60.000000" : 2064,
            "70.000000" : 2192,
            "80.000000" : 2320,
            "90.000000" : 2640,
            "95.000000" : 35072,
            "99.000000" : 47360,
            "99.500000" : 68096,
            "99.900000" : 136192,
            "99.950000" : 203776,
            "99.990000" : 618496
          }
        },
        "lat_ns" : {
          "min" : 663,
          "max" : 24465872,
          "mean" : 4982.280825,
          "stddev" : 65860.682535,
          "N" : 5041371
        },
        "bw_min" : 823057,
        "bw_max" : 2079008,
        "bw_agg" : 100.000000,
        "bw_mean" : 1346812.226891,
        "bw_dev" : 324582.410232,
        "bw_samples" : 119,
        "iops_min" : 51441,
        "iops_max" : 129938,
        "iops_mean" : 84175.731092,
        "iops_stddev" : 20286.435188,
        "iops_samples" : 119
      },
      "write" : {
        "io_bytes" : 48530472960,
        "io_kbytes" : 47393040,
        "bw_bytes" : 808841216,
        "bw" : 789884,
        "iops" : 49367.750000,
        "runtime" : 60000,
        "total_ios" : 2962065,
        "short_ios" : 0,
        "drop_ios" : 0,
        "slat_ns" : {
          "min" : 0,
          "max" : 0,
          "mean" : 0.000000,
          "stddev" : 0.000000,
          "N" : 0
        },
        "clat_ns" : {
          "min" : 2778,
          "max" : 13301847,
          "mean" : 5587.406419,
          "stddev" : 11961.834762,
          "N" : 2962065,
          "percentile" : {
            "1.000000" : 3472,
            "5.000000" : 3760,
            "10.000000" : 3952,
            "20.000000" : 4256,
            "30.000000" : 4512,
            "40.000000" : 4704,
            "50.000000" : 4896,
            "60.000000" : 5152,
            "70.000000" : 5472,
            "80.000000" : 6176,
            "90.000000" : 7520,
            "95.000000" : 8384,
            "99.000000" : 12736,
            "99.500000" : 23424,
            "99.900000" : 78336,
            "99.950000" : 108032,
            "99.990000" : 199680
          }
        },
        "lat_ns" : {
          "min" : 2826,
          "max" : 13301922,
          "mean" : 5660.589498,
          "stddev" : 11966.949886,
          "N" : 2962065
        },
        "bw_min" : 492550,
        "bw_max" : 1218976,
        "bw_agg" : 100.000000,
        "bw_mean" : 791296.159664,
        "bw_dev" : 190425.162382,
        "bw_samples" : 119,
        "iops_min" : 30784,
        "iops_max" : 76186,
        "iops_mean" : 49455.966387,
        "iops_stddev" : 11901.583472,
        "iops_samples" : 119
      },
      "trim" : {
        "io_bytes" : 0,
        "io_kbytes" : 0,
        "bw_bytes" : 0,
        "bw" : 0,
        "iops" : 0.000000,
        "runtime" : 0,
        "total_ios" : 0,
        "short_ios" : 0,
        "drop_ios" : 0,
        "slat_ns" : {
          "min" : 0,
          "max" : 0,
          "mean" : 0.000000,
          "stddev" : 0.000000,
          "N" : 0
        },
        "clat_ns" : {
          "min" : 0,
          "max" : 0,
          "mean" : 0.000000,
          "stddev" : 0.000000,
          "N" : 0
        },
        "lat_ns" : {
          "min" : 0,
          "max" : 0,
          "mean" : 0.000000,
          "stddev" : 0.000000,
          "N" : 0
        },
        "bw_min" : 0,
        "bw_max" : 0,
        "bw_agg" : 0.000000,
        "bw_mean" : 0.000000,
        "bw_dev" : 0.000000,
        "bw_samples" : 0,
        "iops_min" : 0,
        "iops_max" : 0,
        "iops_mean" : 0.000000,
        "iops_stddev" : 0.000000,
        "iops_samples" : 0
      },
      "sync" : {
        "total_ios" : 0,
        "lat_ns" : {
          "min" : 0,
          "max" : 0,
          "mean" : 0.000000,
          "stddev" : 0.000000,
          "N" : 0
        }
      },
      "job_runtime" : 60000,
      "usr_cpu" : 5.603333,
      "sys_cpu" : 78.600000,
      "ctx" : 35903,
      "majf" : 0,
      "minf" : 12,
      "iodepth_level" : {
        "1" : 100.000000,
        "2" : 0.000000,
        "4" : 0.000000,
        "8" : 0.000000,
        "16" : 0.000000,
        "32" : 0.000000,
        ">=64" : 0.000000
      },
      "iodepth_submit" : {
        "0" : 0.000000,
        "4" : 100.000000,
        "8" : 0.000000,
        "16" : 0.000000,
        "32" : 0.000000,
        "64" : 0.000000,
        ">=64" : 0.000000
      },
      "iodepth_complete" : {
        "0" : 0.000000,
        "4" : 100.000000,
        "8" : 0.000000,
        "16" : 0.000000,
        "32" : 0.000000,
        "64" : 0.000000,
        ">=64" : 0.000000
      },
      "latency_ns" : {
        "2" : 0.000000,
        "4" : 0.000000,
        "10" : 0.000000,
        "20" : 0.000000,
        "50" : 0.000000,
        "100" : 0.000000,
        "250" : 0.000000,
        "500" : 0.000000,
        "750" : 0.010000,
        "1000" : 0.022153
      },
      "latency_us" : {
        "2" : 32.361901,
        "4" : 30.946721,
        "10" : 32.483136,
        "20" : 0.635902,
        "50" : 2.963065,
        "100" : 0.391257,
        "250" : 0.179173,
        "500" : 0.010000,
        "750" : 0.010000,
        "1000" : 0.010000
      },
      "latency_ms" : {
        "2" : 0.010000,
        "4" : 0.010000,
        "10" : 0.010000,
        "20" : 0.010000,
        "50" : 0.010000,
        "100" : 0.000000,
        "250" : 0.000000,
        "500" : 0.000000,
        "750" : 0.000000,
        "1000" : 0.000000,
        "2000" : 0.000000,
        ">=2000" : 0.000000
      },
      "latency_depth" : 1,
      "latency_target" : 0,
      "latency_percentile" : 100.000000,
      "latency_window" : 0
    }
  ],
  "disk_util" : [
    {
      "name" : "nvme0n1",
      "read_ios" : 256363,
      "write_ios" : 60771,
      "read_sectors" : 129667568,
      "write_sectors" : 94961448,
      "read_merges" : 0,
      "write_merges" : 251,
      "read_ticks" : 30719,
      "write_ticks" : 1743195,
      "in_queue" : 1773944,
      "util" : 57.948880
    }
  ]
}
