{
  "fio version" : "fio-3.38",
  "timestamp" : 1729688656,
  "timestamp_ms" : 1729688656977,
  "time" : "Wed Oct 23 15:04:16 2024",
  "jobs" : [
    {
      "jobname" : "output",
      "groupid" : 0,
      "job_start" : 1729688596927,
      "error" : 0,
      "eta" : 0,
      "elapsed" : 61,
      "job options" : {
        "name" : "output",
        "loops" : "5",
        "runtime" : "60",
        "numjobs" : "1",
        "rwmixwrite" : "62.5",
        "bs" : "16k",
        "filesize" : "1G",
        "rw" : "rw",
        "direct" : "0"
      },
      "read" : {
        "io_bytes" : 40562786304,
        "io_kbytes" : 39612096,
        "bw_bytes" : 676035171,
        "bw" : 660190,
        "iops" : 41261.912301,
        "runtime" : 60001,
        "total_ios" : 2475756,
        "short_ios" : 0,
        "drop_ios" : 0,
        "slat_ns" : {
          "min" : 0,
          "max" : 0,
          "mean" : 0.000000,
          "stddev" : 0.000000,
          "N" : 0
        },
        "clat_ns" : {
          "min" : 632,
          "max" : 250096201,
          "mean" : 6289.109861,
          "stddev" : 272213.308321,
          "N" : 2475756,
          "percentile" : {
            "1.000000" : 1688,
            "5.000000" : 1784,
            "10.000000" : 1848,
            "20.000000" : 1944,
            "30.000000" : 2024,
            "40.000000" : 2096,
            "50.000000" : 2192,
            "60.000000" : 2288,
            "70.000000" : 2416,
            "80.000000" : 2544,
            "90.000000" : 2896,
            "95.000000" : 4576,
            "99.000000" : 44800,
            "99.500000" : 51968,
            "99.900000" : 156672,
            "99.950000" : 254976,
            "99.990000" : 6193152
          }
        },
        "lat_ns" : {
          "min" : 656,
          "max" : 250096279,
          "mean" : 6321.210856,
          "stddev" : 272213.678511,
          "N" : 2475756
        },
        "bw_min" : 46912,
        "bw_max" : 1138048,
        "bw_agg" : 100.000000,
        "bw_mean" : 665011.720339,
        "bw_dev" : 205021.789911,
        "bw_samples" : 118,
        "iops_min" : 2932,
        "iops_max" : 71128,
        "iops_mean" : 41563.228814,
        "iops_stddev" : 12813.839037,
        "iops_samples" : 118
      },
      "write" : {
        "io_bytes" : 66127003648,
        "io_kbytes" : 64577152,
        "bw_bytes" : 1102098359,
        "bw" : 1076267,
        "iops" : 67266.745554,
        "runtime" : 60001,
        "total_ios" : 4036072,
        "short_ios" : 0,
        "drop_ios" : 0,
        "slat_ns" : {
          "min" : 0,
          "max" : 0,
          "mean" : 0.000000,
          "stddev" : 0.000000,
          "N" : 0
        },
        "clat_ns" : {
          "min" : 2373,
          "max" : 9926292,
          "mean" : 5928.350867,
          "stddev" : 10147.200934,
          "N" : 4036072,
          "percentile" : {
            "1.000000" : 3472,
            "5.000000" : 3856,
            "10.000000" : 4128,
            "20.000000" : 4512,
            "30.000000" : 4768,
            "40.000000" : 4960,
            "50.000000" : 5216,
            "60.000000" : 5472,
            "70.000000" : 5856,
            "80.000000" : 6752,
            "90.000000" : 7904,
            "95.000000" : 8768,
            "99.000000" : 13120,
            "99.500000" : 23168,
            "99.900000" : 99840,
            "99.950000" : 120320,
            "99.990000" : 205824
          }
        },
        "lat_ns" : {
          "min" : 2425,
          "max" : 9926435,
          "mean" : 6006.253362,
          "stddev" : 10152.667213,
          "N" : 4036072
        },
        "bw_min" : 32,
        "bw_max" : 1851104,
        "bw_agg" : 99.880613,
        "bw_mean" : 1074983.336134,
        "bw_dev" : 348093.821087,
        "bw_samples" : 119,
        "iops_min" : 2,
        "iops_max" : 115694,
        "iops_mean" : 67186.470588,
        "iops_stddev" : 21755.846769,
        "iops_samples" : 119
      },
      "trim" : {
        "io_bytes" : 0,
        "io_kbytes" : 0,
        "bw_bytes" : 0,
        "bw" : 0,
        "iops" : 0.000000,
        "runtime" : 0,
        "total_ios" : 0,
        "short_ios" : 0,
        "drop_ios" : 0,
        "slat_ns" : {
          "min" : 0,
          "max" : 0,
          "mean" : 0.000000,
          "stddev" : 0.000000,
          "N" : 0
        },
        "clat_ns" : {
          "min" : 0,
          "max" : 0,
          "mean" : 0.000000,
          "stddev" : 0.000000,
          "N" : 0
        },
        "lat_ns" : {
          "min" : 0,
          "max" : 0,
          "mean" : 0.000000,
          "stddev" : 0.000000,
          "N" : 0
        },
        "bw_min" : 0,
        "bw_max" : 0,
        "bw_agg" : 0.000000,
        "bw_mean" : 0.000000,
        "bw_dev" : 0.000000,
        "bw_samples" : 0,
        "iops_min" : 0,
        "iops_max" : 0,
        "iops_mean" : 0.000000,
        "iops_stddev" : 0.000000,
        "iops_samples" : 0
      },
      "sync" : {
        "total_ios" : 0,
        "lat_ns" : {
          "min" : 0,
          "max" : 0,
          "mean" : 0.000000,
          "stddev" : 0.000000,
          "N" : 0
        }
      },
      "job_runtime" : 60000,
      "usr_cpu" : 5.048333,
      "sys_cpu" : 72.456667,
      "ctx" : 53557,
      "majf" : 0,
      "minf" : 13,
      "iodepth_level" : {
        "1" : 100.000000,
        "2" : 0.000000,
        "4" : 0.000000,
        "8" : 0.000000,
        "16" : 0.000000,
        "32" : 0.000000,
        ">=64" : 0.000000
      },
      "iodepth_submit" : {
        "0" : 0.000000,
        "4" : 100.000000,
        "8" : 0.000000,
        "16" : 0.000000,
        "32" : 0.000000,
        "64" : 0.000000,
        ">=64" : 0.000000
      },
      "iodepth_complete" : {
        "0" : 0.000000,
        "4" : 100.000000,
        "8" : 0.000000,
        "16" : 0.000000,
        "32" : 0.000000,
        "64" : 0.000000,
        ">=64" : 0.000000
      },
      "latency_ns" : {
        "2" : 0.000000,
        "4" : 0.000000,
        "10" : 0.000000,
        "20" : 0.000000,
        "50" : 0.000000,
        "100" : 0.000000,
        "250" : 0.000000,
        "500" : 0.000000,
        "750" : 0.010000,
        "1000" : 0.012976
      },
      "latency_us" : {
        "2" : 10.416967,
        "4" : 30.024135,
        "10" : 56.318272,
        "20" : 1.157709,
        "50" : 1.745470,
        "100" : 0.189547,
        "250" : 0.113517,
        "500" : 0.010000,
        "750" : 0.010000,
        "1000" : 0.010000
      },
      "latency_ms" : {
        "2" : 0.010000,
        "4" : 0.010000,
        "10" : 0.010000,
        "20" : 0.010000,
        "50" : 0.010000,
        "100" : 0.010000,
        "250" : 0.010000,
        "500" : 0.010000,
        "750" : 0.000000,
        "1000" : 0.000000,
        "2000" : 0.000000,
        ">=2000" : 0.000000
      },
      "latency_depth" : 1,
      "latency_target" : 0,
      "latency_percentile" : 100.000000,
      "latency_window" : 0
    }
  ],
  "disk_util" : [
    {
      "name" : "nvme0n1",
      "read_ios" : 103938,
      "write_ios" : 94579,
      "read_sectors" : 52560144,
      "write_sectors" : 128849008,
      "read_merges" : 0,
      "write_merges" : 355,
      "read_ticks" : 20403,
      "write_ticks" : 2785962,
      "in_queue" : 2806502,
      "util" : 52.078676
    }
  ]
}
