{
  "fio version" : "fio-3.38",
  "timestamp" : 1729688777,
  "timestamp_ms" : 1729688777939,
  "time" : "Wed Oct 23 15:06:17 2024",
  "jobs" : [
    {
      "jobname" : "output",
      "groupid" : 0,
      "job_start" : 1729688717540,
      "error" : 0,
      "eta" : 0,
      "elapsed" : 61,
      "job options" : {
        "name" : "output",
        "loops" : "5",
        "runtime" : "60",
        "numjobs" : "1",
        "rwmixwrite" : "87.5",
        "bs" : "16k",
        "filesize" : "1G",
        "rw" : "rw",
        "direct" : "0"
      },
      "read" : {
        "io_bytes" : 6581469184,
        "io_kbytes" : 6427216,
        "bw_bytes" : 109009841,
        "bw" : 106454,
        "iops" : 6653.432712,
        "runtime" : 60375,
        "total_ios" : 401701,
        "short_ios" : 0,
        "drop_ios" : 0,
        "slat_ns" : {
          "min" : 0,
          "max" : 0,
          "mean" : 0.000000,
          "stddev" : 0.000000,
          "N" : 0
        },
        "clat_ns" : {
          "min" : 650,
          "max" : 735630705,
          "mean" : 42730.185265,
          "stddev" : 2660121.803771,
          "N" : 401701,
          "percentile" : {
            "1.000000" : 1784,
            "5.000000" : 1912,
            "10.000000" : 2008,
            "20.000000" : 2128,
            "30.000000" : 2224,
            "40.000000" : 2288,
            "50.000000" : 2384,
            "60.000000" : 2480,
            "70.000000" : 2640,
            "80.000000" : 2864,
            "90.000000" : 3536,
            "95.000000" : 4384,
            "99.000000" : 43776,
            "99.500000" : 72192,
            "99.900000" : 6782976,
            "99.950000" : 10682368,
            "99.990000" : 63700992
          }
        },
        "lat_ns" : {
          "min" : 676,
          "max" : 735630733,
          "mean" : 42764.049617,
          "stddev" : 2660122.518287,
          "N" : 401701
        },
        "bw_min" : 64,
        "bw_max" : 310944,
        "bw_agg" : 100.000000,
        "bw_mean" : 126023.843137,
        "bw_dev" : 82943.660241,
        "bw_samples" : 102,
        "iops_min" : 4,
        "iops_max" : 19434,
        "iops_mean" : 7876.490196,
        "iops_stddev" : 5183.987100,
        "iops_samples" : 102
      },
      "write" : {
        "io_bytes" : 44023431168,
        "io_kbytes" : 42991632,
        "bw_bytes" : 729166561,
        "bw" : 712076,
        "iops" : 44504.795031,
        "runtime" : 60375,
        "total_ios" : 2686977,
        "short_ios" : 0,
        "drop_ios" : 0,
        "slat_ns" : {
          "min" : 0,
          "max" : 0,
          "mean" : 0.000000,
          "stddev" : 0.000000,
          "N" : 0
        },
        "clat_ns" : {
          "min" : 1811,
          "max" : 51311293,
          "mean" : 6792.725039,
          "stddev" : 110944.265065,
          "N" : 2686977,
          "percentile" : {
            "1.000000" : 2512,
            "5.000000" : 2896,
            "10.000000" : 3408,
            "20.000000" : 4192,
            "30.000000" : 4448,
            "40.000000" : 4640,
            "50.000000" : 4832,
            "60.000000" : 5088,
            "70.000000" : 5536,
            "80.000000" : 6432,
            "90.000000" : 7648,
            "95.000000" : 10688,
            "99.000000" : 21888,
            "99.500000" : 28032,
            "99.900000" : 110080,
            "99.950000" : 177152,
            "99.990000" : 329728
          }
        },
        "lat_ns" : {
          "min" : 1873,
          "max" : 51311433,
          "mean" : 6877.750536,
          "stddev" : 110945.710960,
          "N" : 2686977
        },
        "bw_min" : 32,
        "bw_max" : 2063008,
        "bw_agg" : 100.000000,
        "bw_mean" : 781665.745455,
        "bw_dev" : 576741.267705,
        "bw_samples" : 110,
        "iops_min" : 2,
        "iops_max" : 128938,
        "iops_mean" : 48854.109091,
        "iops_stddev" : 36046.290963,
        "iops_samples" : 110
      },
      "trim" : {
        "io_bytes" : 0,
        "io_kbytes" : 0,
        "bw_bytes" : 0,
        "bw" : 0,
        "iops" : 0.000000,
        "runtime" : 0,
        "total_ios" : 0,
        "short_ios" : 0,
        "drop_ios" : 0,
        "slat_ns" : {
          "min" : 0,
          "max" : 0,
          "mean" : 0.000000,
          "stddev" : 0.000000,
          "N" : 0
        },
        "clat_ns" : {
          "min" : 0,
          "max" : 0,
          "mean" : 0.000000,
          "stddev" : 0.000000,
          "N" : 0
        },
        "lat_ns" : {
          "min" : 0,
          "max" : 0,
          "mean" : 0.000000,
          "stddev" : 0.000000,
          "N" : 0
        },
        "bw_min" : 0,
        "bw_max" : 0,
        "bw_agg" : 0.000000,
        "bw_mean" : 0.000000,
        "bw_dev" : 0.000000,
        "bw_samples" : 0,
        "iops_min" : 0,
        "iops_max" : 0,
        "iops_mean" : 0.000000,
        "iops_stddev" : 0.000000,
        "iops_samples" : 0
      },
      "sync" : {
        "total_ios" : 0,
        "lat_ns" : {
          "min" : 0,
          "max" : 0,
          "mean" : 0.000000,
          "stddev" : 0.000000,
          "N" : 0
        }
      },
      "job_runtime" : 60374,
      "usr_cpu" : 2.815782,
      "sys_cpu" : 39.058204,
      "ctx" : 136933,
      "majf" : 0,
      "minf" : 13,
      "iodepth_level" : {
        "1" : 100.000000,
        "2" : 0.000000,
        "4" : 0.000000,
        "8" : 0.000000,
        "16" : 0.000000,
        "32" : 0.000000,
        ">=64" : 0.000000
      },
      "iodepth_submit" : {
        "0" : 0.000000,
        "4" : 100.000000,
        "8" : 0.000000,
        "16" : 0.000000,
        "32" : 0.000000,
        "64" : 0.000000,
        ">=64" : 0.000000
      },
      "iodepth_complete" : {
        "0" : 0.000000,
        "4" : 100.000000,
        "8" : 0.000000,
        "16" : 0.000000,
        "32" : 0.000000,
        "64" : 0.000000,
        ">=64" : 0.000000
      },
      "latency_ns" : {
        "2" : 0.000000,
        "4" : 0.000000,
        "10" : 0.000000,
        "20" : 0.000000,
        "50" : 0.000000,
        "100" : 0.000000,
        "250" : 0.000000,
        "500" : 0.000000,
        "750" : 0.010000,
        "1000" : 0.010000
      },
      "latency_us" : {
        "2" : 1.291880,
        "4" : 23.492802,
        "10" : 69.823497,
        "20" : 3.810433,
        "50" : 1.311241,
        "100" : 0.106486,
        "250" : 0.110500,
        "500" : 0.010000,
        "750" : 0.010000,
        "1000" : 0.010000
      },
      "latency_ms" : {
        "2" : 0.010000,
        "4" : 0.010004,
        "10" : 0.015573,
        "20" : 0.011170,
        "50" : 0.010000,
        "100" : 0.010000,
        "250" : 0.010000,
        "500" : 0.010000,
        "750" : 0.010000,
        "1000" : 0.000000,
        "2000" : 0.000000,
        ">=2000" : 0.000000
      },
      "latency_depth" : 1,
      "latency_target" : 0,
      "latency_percentile" : 100.000000,
      "latency_window" : 0
    }
  ],
  "disk_util" : [
    {
      "name" : "nvme0n1",
      "read_ios" : 13104,
      "write_ios" : 86216,
      "read_sectors" : 6420296,
      "write_sectors" : 86761672,
      "read_merges" : 0,
      "write_merges" : 252,
      "read_ticks" : 29313,
      "write_ticks" : 7494819,
      "in_queue" : 7524754,
      "util" : 74.580495
    }
  ]
}
