{
  "fio version" : "fio-3.38",
  "timestamp" : 1729812755,
  "timestamp_ms" : 1729812755786,
  "time" : "Fri Oct 25 01:32:35 2024",
  "jobs" : [
    {
      "jobname" : "output",
      "groupid" : 0,
      "job_start" : 1729812695736,
      "error" : 0,
      "eta" : 0,
      "elapsed" : 61,
      "job options" : {
        "name" : "output",
        "loops" : "5",
        "runtime" : "60",
        "numjobs" : "1",
        "rwmixwrite" : "37.5",
        "bs" : "16k",
        "filesize" : "1G",
        "rw" : "randrw",
        "direct" : "1"
      },
      "read" : {
        "io_bytes" : 5753339904,
        "io_kbytes" : 5618496,
        "bw_bytes" : 95887400,
        "bw" : 93640,
        "iops" : 5852.502458,
        "runtime" : 60001,
        "total_ios" : 351156,
        "short_ios" : 0,
        "drop_ios" : 0,
        "slat_ns" : {
          "min" : 0,
          "max" : 0,
          "mean" : 0.000000,
          "stddev" : 0.000000,
          "N" : 0
        },
        "clat_ns" : {
          "min" : 67009,
          "max" : 28731098,
          "mean" : 157423.783882,
          "stddev" : 349780.980971,
          "N" : 351156,
          "percentile" : {
            "1.000000" : 69120,
            "5.000000" : 70144,
            "10.000000" : 70144,
            "20.000000" : 71168,
            "30.000000" : 72192,
            "40.000000" : 78336,
            "50.000000" : 85504,
            "60.000000" : 86528,
            "70.000000" : 87552,
            "80.000000" : 88576,
            "90.000000" : 110080,
            "95.000000" : 301056,
            "99.000000" : 1744896,
            "99.500000" : 1859584,
            "99.900000" : 2056192,
            "99.950000" : 2310144,
            "99.990000" : 5668864
          }
        },
        "lat_ns" : {
          "min" : 67040,
          "max" : 28731370,
          "mean" : 157465.220939,
          "stddev" : 349783.544124,
          "N" : 351156
        },
        "bw_min" : 54176,
        "bw_max" : 121152,
        "bw_agg" : 100.000000,
        "bw_mean" : 93641.680672,
        "bw_dev" : 10860.662820,
        "bw_samples" : 119,
        "iops_min" : 3386,
        "iops_max" : 7572,
        "iops_mean" : 5852.605042,
        "iops_stddev" : 678.791426,
        "iops_samples" : 119
      },
      "write" : {
        "io_bytes" : 3388211200,
        "io_kbytes" : 3308800,
        "bw_bytes" : 56469245,
        "bw" : 55145,
        "iops" : 3446.609223,
        "runtime" : 60001,
        "total_ios" : 206800,
        "short_ios" : 0,
        "drop_ios" : 0,
        "slat_ns" : {
          "min" : 0,
          "max" : 0,
          "mean" : 0.000000,
          "stddev" : 0.000000,
          "N" : 0
        },
        "clat_ns" : {
          "min" : 15808,
          "max" : 34270457,
          "mean" : 21106.287065,
          "stddev" : 93587.448174,
          "N" : 206800,
          "percentile" : {
            "1.000000" : 17024,
            "5.000000" : 17280,
            "10.000000" : 17536,
            "20.000000" : 17536,
            "30.000000" : 17792,
            "40.000000" : 18048,
            "50.000000" : 18304,
            "60.000000" : 18560,
            "70.000000" : 19072,
            "80.000000" : 19840,
            "90.000000" : 21888,
            "95.000000" : 29312,
            "99.000000" : 59136,
            "99.500000" : 107008,
            "99.900000" : 130560,
            "99.950000" : 150528,
            "99.990000" : 2277376
          }
        },
        "lat_ns" : {
          "min" : 16044,
          "max" : 34271045,
          "mean" : 21410.219695,
          "stddev" : 93597.859429,
          "N" : 206800
        },
        "bw_min" : 33376,
        "bw_max" : 72480,
        "bw_agg" : 100.000000,
        "bw_mean" : 55172.840336,
        "bw_dev" : 6390.162797,
        "bw_samples" : 119,
        "iops_min" : 2086,
        "iops_max" : 4530,
        "iops_mean" : 3448.302521,
        "iops_stddev" : 399.385175,
        "iops_samples" : 119
      },
      "trim" : {
        "io_bytes" : 0,
        "io_kbytes" : 0,
        "bw_bytes" : 0,
        "bw" : 0,
        "iops" : 0.000000,
        "runtime" : 0,
        "total_ios" : 0,
        "short_ios" : 0,
        "drop_ios" : 0,
        "slat_ns" : {
          "min" : 0,
          "max" : 0,
          "mean" : 0.000000,
          "stddev" : 0.000000,
          "N" : 0
        },
        "clat_ns" : {
          "min" : 0,
          "max" : 0,
          "mean" : 0.000000,
          "stddev" : 0.000000,
          "N" : 0
        },
        "lat_ns" : {
          "min" : 0,
          "max" : 0,
          "mean" : 0.000000,
          "stddev" : 0.000000,
          "N" : 0
        },
        "bw_min" : 0,
        "bw_max" : 0,
        "bw_agg" : 0.000000,
        "bw_mean" : 0.000000,
        "bw_dev" : 0.000000,
        "bw_samples" : 0,
        "iops_min" : 0,
        "iops_max" : 0,
        "iops_mean" : 0.000000,
        "iops_stddev" : 0.000000,
        "iops_samples" : 0
      },
      "sync" : {
        "total_ios" : 0,
        "lat_ns" : {
          "min" : 0,
          "max" : 0,
          "mean" : 0.000000,
          "stddev" : 0.000000,
          "N" : 0
        }
      },
      "job_runtime" : 60000,
      "usr_cpu" : 0.898333,
      "sys_cpu" : 3.255000,
      "ctx" : 557976,
      "majf" : 0,
      "minf" : 10,
      "iodepth_level" : {
        "1" : 100.000000,
        "2" : 0.000000,
        "4" : 0.000000,
        "8" : 0.000000,
        "16" : 0.000000,
        "32" : 0.000000,
        ">=64" : 0.000000
      },
      "iodepth_submit" : {
        "0" : 0.000000,
        "4" : 100.000000,
        "8" : 0.000000,
        "16" : 0.000000,
        "32" : 0.000000,
        "64" : 0.000000,
        ">=64" : 0.000000
      },
      "iodepth_complete" : {
        "0" : 0.000000,
        "4" : 100.000000,
        "8" : 0.000000,
        "16" : 0.000000,
        "32" : 0.000000,
        "64" : 0.000000,
        ">=64" : 0.000000
      },
      "latency_ns" : {
        "2" : 0.000000,
        "4" : 0.000000,
        "10" : 0.000000,
        "20" : 0.000000,
        "50" : 0.000000,
        "100" : 0.000000,
        "250" : 0.000000,
        "500" : 0.000000,
        "750" : 0.000000,
        "1000" : 0.000000
      },
      "latency_us" : {
        "2" : 0.000000,
        "4" : 0.000000,
        "10" : 0.000000,
        "20" : 30.307408,
        "50" : 6.059797,
        "100" : 56.220204,
        "250" : 3.980421,
        "500" : 0.439282,
        "750" : 0.068823,
        "1000" : 0.103951
      },
      "latency_ms" : {
        "2" : 2.724229,
        "4" : 0.074558,
        "10" : 0.018819,
        "20" : 0.010000,
        "50" : 0.010000,
        "100" : 0.000000,
        "250" : 0.000000,
        "500" : 0.000000,
        "750" : 0.000000,
        "1000" : 0.000000,
        "2000" : 0.000000,
        ">=2000" : 0.000000
      },
      "latency_depth" : 1,
      "latency_target" : 0,
      "latency_percentile" : 100.000000,
      "latency_window" : 0
    }
  ],
  "disk_util" : [
    {
      "name" : "nvme0n1",
      "read_ios" : 355095,
      "write_ios" : 208961,
      "read_sectors" : 12314528,
      "write_sectors" : 7299552,
      "read_merges" : 30,
      "write_merges" : 71,
      "read_ticks" : 55782,
      "write_ticks" : 13325,
      "in_queue" : 69176,
      "util" : 95.069142
    }
  ]
}
