{
  "fio version" : "fio-3.38",
  "timestamp" : 1729812816,
  "timestamp_ms" : 1729812816078,
  "time" : "Fri Oct 25 01:33:36 2024",
  "jobs" : [
    {
      "jobname" : "output",
      "groupid" : 0,
      "job_start" : 1729812756031,
      "error" : 0,
      "eta" : 0,
      "elapsed" : 61,
      "job options" : {
        "name" : "output",
        "loops" : "5",
        "runtime" : "60",
        "numjobs" : "1",
        "rwmixwrite" : "50.0",
        "bs" : "16k",
        "filesize" : "1G",
        "rw" : "randrw",
        "direct" : "1"
      },
      "read" : {
        "io_bytes" : 4660592640,
        "io_kbytes" : 4551360,
        "bw_bytes" : 77675249,
        "bw" : 75854,
        "iops" : 4740.920985,
        "runtime" : 60001,
        "total_ios" : 284460,
        "short_ios" : 0,
        "drop_ios" : 0,
        "slat_ns" : {
          "min" : 0,
          "max" : 0,
          "mean" : 0.000000,
          "stddev" : 0.000000,
          "N" : 0
        },
        "clat_ns" : {
          "min" : 66936,
          "max" : 37051451,
          "mean" : 188866.514519,
          "stddev" : 404872.121918,
          "N" : 284460,
          "percentile" : {
            "1.000000" : 69120,
            "5.000000" : 70144,
            "10.000000" : 70144,
            "20.000000" : 71168,
            "30.000000" : 73216,
            "40.000000" : 81408,
            "50.000000" : 85504,
            "60.000000" : 86528,
            "70.000000" : 87552,
            "80.000000" : 89600,
            "90.000000" : 164864,
            "95.000000" : 1449984,
            "99.000000" : 1826816,
            "99.500000" : 1925120,
            "99.900000" : 2072576,
            "99.950000" : 2998272,
            "99.990000" : 5537792
          }
        },
        "lat_ns" : {
          "min" : 66968,
          "max" : 37051768,
          "mean" : 188919.411390,
          "stddev" : 404873.569463,
          "N" : 284460
        },
        "bw_min" : 58432,
        "bw_max" : 97280,
        "bw_agg" : 100.000000,
        "bw_mean" : 75911.260504,
        "bw_dev" : 8307.914494,
        "bw_samples" : 119,
        "iops_min" : 3652,
        "iops_max" : 6080,
        "iops_mean" : 4744.453782,
        "iops_stddev" : 519.244656,
        "iops_samples" : 119
      },
      "write" : {
        "io_bytes" : 4663705600,
        "io_kbytes" : 4554400,
        "bw_bytes" : 77727131,
        "bw" : 75905,
        "iops" : 4744.087599,
        "runtime" : 60001,
        "total_ios" : 284650,
        "short_ios" : 0,
        "drop_ios" : 0,
        "slat_ns" : {
          "min" : 0,
          "max" : 0,
          "mean" : 0.000000,
          "stddev" : 0.000000,
          "N" : 0
        },
        "clat_ns" : {
          "min" : 15868,
          "max" : 34958789,
          "mean" : 20633.511846,
          "stddev" : 77330.570922,
          "N" : 284650,
          "percentile" : {
            "1.000000" : 17024,
            "5.000000" : 17280,
            "10.000000" : 17536,
            "20.000000" : 17792,
            "30.000000" : 17792,
            "40.000000" : 18048,
            "50.000000" : 18304,
            "60.000000" : 18560,
            "70.000000" : 19072,
            "80.000000" : 19584,
            "90.000000" : 21632,
            "95.000000" : 27008,
            "99.000000" : 56576,
            "99.500000" : 103936,
            "99.900000" : 125440,
            "99.950000" : 136192,
            "99.990000" : 197632
          }
        },
        "lat_ns" : {
          "min" : 16096,
          "max" : 34959109,
          "mean" : 20952.745396,
          "stddev" : 77341.302846,
          "N" : 284650
        },
        "bw_min" : 57120,
        "bw_max" : 98912,
        "bw_agg" : 100.000000,
        "bw_mean" : 75977.949580,
        "bw_dev" : 8371.232870,
        "bw_samples" : 119,
        "iops_min" : 3570,
        "iops_max" : 6182,
        "iops_mean" : 4748.621849,
        "iops_stddev" : 523.202054,
        "iops_samples" : 119
      },
      "trim" : {
        "io_bytes" : 0,
        "io_kbytes" : 0,
        "bw_bytes" : 0,
        "bw" : 0,
        "iops" : 0.000000,
        "runtime" : 0,
        "total_ios" : 0,
        "short_ios" : 0,
        "drop_ios" : 0,
        "slat_ns" : {
          "min" : 0,
          "max" : 0,
          "mean" : 0.000000,
          "stddev" : 0.000000,
          "N" : 0
        },
        "clat_ns" : {
          "min" : 0,
          "max" : 0,
          "mean" : 0.000000,
          "stddev" : 0.000000,
          "N" : 0
        },
        "lat_ns" : {
          "min" : 0,
          "max" : 0,
          "mean" : 0.000000,
          "stddev" : 0.000000,
          "N" : 0
        },
        "bw_min" : 0,
        "bw_max" : 0,
        "bw_agg" : 0.000000,
        "bw_mean" : 0.000000,
        "bw_dev" : 0.000000,
        "bw_samples" : 0,
        "iops_min" : 0,
        "iops_max" : 0,
        "iops_mean" : 0.000000,
        "iops_stddev" : 0.000000,
        "iops_samples" : 0
      },
      "sync" : {
        "total_ios" : 0,
        "lat_ns" : {
          "min" : 0,
          "max" : 0,
          "mean" : 0.000000,
          "stddev" : 0.000000,
          "N" : 0
        }
      },
      "job_runtime" : 60000,
      "usr_cpu" : 1.110000,
      "sys_cpu" : 3.451667,
      "ctx" : 569105,
      "majf" : 0,
      "minf" : 10,
      "iodepth_level" : {
        "1" : 100.000000,
        "2" : 0.000000,
        "4" : 0.000000,
        "8" : 0.000000,
        "16" : 0.000000,
        "32" : 0.000000,
        ">=64" : 0.000000
      },
      "iodepth_submit" : {
        "0" : 0.000000,
        "4" : 100.000000,
        "8" : 0.000000,
        "16" : 0.000000,
        "32" : 0.000000,
        "64" : 0.000000,
        ">=64" : 0.000000
      },
      "iodepth_complete" : {
        "0" : 0.000000,
        "4" : 100.000000,
        "8" : 0.000000,
        "16" : 0.000000,
        "32" : 0.000000,
        "64" : 0.000000,
        ">=64" : 0.000000
      },
      "latency_ns" : {
        "2" : 0.000000,
        "4" : 0.000000,
        "10" : 0.000000,
        "20" : 0.000000,
        "50" : 0.000000,
        "100" : 0.000000,
        "250" : 0.000000,
        "500" : 0.000000,
        "750" : 0.000000,
        "1000" : 0.000000
      },
      "latency_us" : {
        "2" : 0.000000,
        "4" : 0.000000,
        "10" : 0.000000,
        "20" : 41.311346,
        "50" : 7.841191,
        "100" : 43.525153,
        "250" : 3.560120,
        "500" : 0.426807,
        "750" : 0.062905,
        "1000" : 0.088911
      },
      "latency_ms" : {
        "2" : 3.077085,
        "4" : 0.084342,
        "10" : 0.020734,
        "20" : 0.010000,
        "50" : 0.010000,
        "100" : 0.000000,
        "250" : 0.000000,
        "500" : 0.000000,
        "750" : 0.000000,
        "1000" : 0.000000,
        "2000" : 0.000000,
        ">=2000" : 0.000000
      },
      "latency_depth" : 1,
      "latency_target" : 0,
      "latency_percentile" : 100.000000,
      "latency_window" : 0
    }
  ],
  "disk_util" : [
    {
      "name" : "nvme0n1",
      "read_ios" : 287078,
      "write_ios" : 285269,
      "read_sectors" : 9831280,
      "write_sectors" : 9358872,
      "read_merges" : 30,
      "write_merges" : 53,
      "read_ticks" : 53837,
      "write_ticks" : 10474,
      "in_queue" : 64364,
      "util" : 95.422929
    }
  ]
}
