{
  "fio version" : "fio-3.38",
  "timestamp" : 1729812876,
  "timestamp_ms" : 1729812876359,
  "time" : "Fri Oct 25 01:34:36 2024",
  "jobs" : [
    {
      "jobname" : "output",
      "groupid" : 0,
      "job_start" : 1729812816323,
      "error" : 0,
      "eta" : 0,
      "elapsed" : 61,
      "job options" : {
        "name" : "output",
        "loops" : "5",
        "runtime" : "60",
        "numjobs" : "1",
        "rwmixwrite" : "62.5",
        "bs" : "16k",
        "filesize" : "1G",
        "rw" : "randrw",
        "direct" : "1"
      },
      "read" : {
        "io_bytes" : 3482238976,
        "io_kbytes" : 3400624,
        "bw_bytes" : 58036348,
        "bw" : 56676,
        "iops" : 3542.257629,
        "runtime" : 60001,
        "total_ios" : 212539,
        "short_ios" : 0,
        "drop_ios" : 0,
        "slat_ns" : {
          "min" : 0,
          "max" : 0,
          "mean" : 0.000000,
          "stddev" : 0.000000,
          "N" : 0
        },
        "clat_ns" : {
          "min" : 67279,
          "max" : 41223718,
          "mean" : 246439.284583,
          "stddev" : 490637.911078,
          "N" : 212539,
          "percentile" : {
            "1.000000" : 69120,
            "5.000000" : 70144,
            "10.000000" : 71168,
            "20.000000" : 72192,
            "30.000000" : 75264,
            "40.000000" : 85504,
            "50.000000" : 86528,
            "60.000000" : 87552,
            "70.000000" : 88576,
            "80.000000" : 101888,
            "90.000000" : 774144,
            "95.000000" : 1630208,
            "99.000000" : 1875968,
            "99.500000" : 1957888,
            "99.900000" : 2244608,
            "99.950000" : 4882432,
            "99.990000" : 8159232
          }
        },
        "lat_ns" : {
          "min" : 67311,
          "max" : 41224025,
          "mean" : 246494.049878,
          "stddev" : 490636.377777,
          "N" : 212539
        },
        "bw_min" : 34080,
        "bw_max" : 69312,
        "bw_agg" : 100.000000,
        "bw_mean" : 56700.235294,
        "bw_dev" : 6268.084806,
        "bw_samples" : 119,
        "iops_min" : 2130,
        "iops_max" : 4332,
        "iops_mean" : 3543.764706,
        "iops_stddev" : 391.755300,
        "iops_samples" : 119
      },
      "write" : {
        "io_bytes" : 5673074688,
        "io_kbytes" : 5540112,
        "bw_bytes" : 94549668,
        "bw" : 92333,
        "iops" : 5770.853819,
        "runtime" : 60001,
        "total_ios" : 346257,
        "short_ios" : 0,
        "drop_ios" : 0,
        "slat_ns" : {
          "min" : 0,
          "max" : 0,
          "mean" : 0.000000,
          "stddev" : 0.000000,
          "N" : 0
        },
        "clat_ns" : {
          "min" : 15691,
          "max" : 28746529,
          "mean" : 20808.024259,
          "stddev" : 118310.577003,
          "N" : 346257,
          "percentile" : {
            "1.000000" : 17024,
            "5.000000" : 17280,
            "10.000000" : 17536,
            "20.000000" : 17536,
            "30.000000" : 17792,
            "40.000000" : 18048,
            "50.000000" : 18304,
            "60.000000" : 18560,
            "70.000000" : 19072,
            "80.000000" : 19584,
            "90.000000" : 21888,
            "95.000000" : 28544,
            "99.000000" : 54528,
            "99.500000" : 61184,
            "99.900000" : 117248,
            "99.950000" : 129536,
            "99.990000" : 288768
          }
        },
        "lat_ns" : {
          "min" : 15842,
          "max" : 28747074,
          "mean" : 21132.080980,
          "stddev" : 118319.512635,
          "N" : 346257
        },
        "bw_min" : 53664,
        "bw_max" : 111616,
        "bw_agg" : 100.000000,
        "bw_mean" : 92382.655462,
        "bw_dev" : 10517.304872,
        "bw_samples" : 119,
        "iops_min" : 3354,
        "iops_max" : 6976,
        "iops_mean" : 5773.915966,
        "iops_stddev" : 657.331554,
        "iops_samples" : 119
      },
      "trim" : {
        "io_bytes" : 0,
        "io_kbytes" : 0,
        "bw_bytes" : 0,
        "bw" : 0,
        "iops" : 0.000000,
        "runtime" : 0,
        "total_ios" : 0,
        "short_ios" : 0,
        "drop_ios" : 0,
        "slat_ns" : {
          "min" : 0,
          "max" : 0,
          "mean" : 0.000000,
          "stddev" : 0.000000,
          "N" : 0
        },
        "clat_ns" : {
          "min" : 0,
          "max" : 0,
          "mean" : 0.000000,
          "stddev" : 0.000000,
          "N" : 0
        },
        "lat_ns" : {
          "min" : 0,
          "max" : 0,
          "mean" : 0.000000,
          "stddev" : 0.000000,
          "N" : 0
        },
        "bw_min" : 0,
        "bw_max" : 0,
        "bw_agg" : 0.000000,
        "bw_mean" : 0.000000,
        "bw_dev" : 0.000000,
        "bw_samples" : 0,
        "iops_min" : 0,
        "iops_max" : 0,
        "iops_mean" : 0.000000,
        "iops_stddev" : 0.000000,
        "iops_samples" : 0
      },
      "sync" : {
        "total_ios" : 0,
        "lat_ns" : {
          "min" : 0,
          "max" : 0,
          "mean" : 0.000000,
          "stddev" : 0.000000,
          "N" : 0
        }
      },
      "job_runtime" : 60000,
      "usr_cpu" : 1.288333,
      "sys_cpu" : 3.438333,
      "ctx" : 558804,
      "majf" : 0,
      "minf" : 10,
      "iodepth_level" : {
        "1" : 100.000000,
        "2" : 0.000000,
        "4" : 0.000000,
        "8" : 0.000000,
        "16" : 0.000000,
        "32" : 0.000000,
        ">=64" : 0.000000
      },
      "iodepth_submit" : {
        "0" : 0.000000,
        "4" : 100.000000,
        "8" : 0.000000,
        "16" : 0.000000,
        "32" : 0.000000,
        "64" : 0.000000,
        ">=64" : 0.000000
      },
      "iodepth_complete" : {
        "0" : 0.000000,
        "4" : 100.000000,
        "8" : 0.000000,
        "16" : 0.000000,
        "32" : 0.000000,
        "64" : 0.000000,
        ">=64" : 0.000000
      },
      "latency_ns" : {
        "2" : 0.000000,
        "4" : 0.000000,
        "10" : 0.000000,
        "20" : 0.000000,
        "50" : 0.000000,
        "100" : 0.000000,
        "250" : 0.000000,
        "500" : 0.000000,
        "750" : 0.000000,
        "1000" : 0.000000
      },
      "latency_us" : {
        "2" : 0.000000,
        "4" : 0.000000,
        "10" : 0.000000,
        "20" : 50.983722,
        "50" : 9.956406,
        "100" : 31.181505,
        "250" : 3.458865,
        "500" : 0.520762,
        "750" : 0.081962,
        "1000" : 0.107911
      },
      "latency_ms" : {
        "2" : 3.583419,
        "4" : 0.099142,
        "10" : 0.023622,
        "20" : 0.010000,
        "50" : 0.010000,
        "100" : 0.000000,
        "250" : 0.000000,
        "500" : 0.000000,
        "750" : 0.000000,
        "1000" : 0.000000,
        "2000" : 0.000000,
        ">=2000" : 0.000000
      },
      "latency_depth" : 1,
      "latency_target" : 0,
      "latency_percentile" : 100.000000,
      "latency_window" : 0
    }
  ],
  "disk_util" : [
    {
      "name" : "nvme0n1",
      "read_ios" : 217692,
      "write_ios" : 348145,
      "read_sectors" : 8117608,
      "write_sectors" : 11755336,
      "read_merges" : 30,
      "write_merges" : 66,
      "read_ticks" : 54091,
      "write_ticks" : 16560,
      "in_queue" : 70721,
      "util" : 93.468074
    }
  ]
}
