{
  "fio version" : "fio-3.38",
  "timestamp" : 1729812695,
  "timestamp_ms" : 1729812695491,
  "time" : "Fri Oct 25 01:31:35 2024",
  "jobs" : [
    {
      "jobname" : "output",
      "groupid" : 0,
      "job_start" : 1729812635445,
      "error" : 0,
      "eta" : 0,
      "elapsed" : 61,
      "job options" : {
        "name" : "output",
        "loops" : "5",
        "runtime" : "60",
        "numjobs" : "1",
        "rwmixwrite" : "25.0",
        "bs" : "16k",
        "filesize" : "1G",
        "rw" : "randrw",
        "direct" : "1"
      },
      "read" : {
        "io_bytes" : 7346765824,
        "io_kbytes" : 7174576,
        "bw_bytes" : 122444056,
        "bw" : 119574,
        "iops" : 7473.392110,
        "runtime" : 60001,
        "total_ios" : 448411,
        "short_ios" : 0,
        "drop_ios" : 0,
        "slat_ns" : {
          "min" : 0,
          "max" : 0,
          "mean" : 0.000000,
          "stddev" : 0.000000,
          "N" : 0
        },
        "clat_ns" : {
          "min" : 65516,
          "max" : 35270372,
          "mean" : 126250.169822,
          "stddev" : 281256.206914,
          "N" : 448411,
          "percentile" : {
            "1.000000" : 69120,
            "5.000000" : 69120,
            "10.000000" : 70144,
            "20.000000" : 71168,
            "30.000000" : 72192,
            "40.000000" : 74240,
            "50.000000" : 84480,
            "60.000000" : 86528,
            "70.000000" : 86528,
            "80.000000" : 87552,
            "90.000000" : 92672,
            "95.000000" : 150528,
            "99.000000" : 1695744,
            "99.500000" : 1794048,
            "99.900000" : 1990656,
            "99.950000" : 2088960,
            "99.990000" : 5210112
          }
        },
        "lat_ns" : {
          "min" : 65629,
          "max" : 35270690,
          "mean" : 126296.725589,
          "stddev" : 281258.667145,
          "N" : 448411
        },
        "bw_min" : 76352,
        "bw_max" : 148000,
        "bw_agg" : 100.000000,
        "bw_mean" : 119577.722689,
        "bw_dev" : 13544.696442,
        "bw_samples" : 119,
        "iops_min" : 4772,
        "iops_max" : 9250,
        "iops_mean" : 7473.605042,
        "iops_stddev" : 846.547077,
        "iops_samples" : 119
      },
      "write" : {
        "io_bytes" : 2462384128,
        "io_kbytes" : 2404672,
        "bw_bytes" : 41039051,
        "bw" : 40077,
        "iops" : 2504.824920,
        "runtime" : 60001,
        "total_ios" : 150292,
        "short_ios" : 0,
        "drop_ios" : 0,
        "slat_ns" : {
          "min" : 0,
          "max" : 0,
          "mean" : 0.000000,
          "stddev" : 0.000000,
          "N" : 0
        },
        "clat_ns" : {
          "min" : 16278,
          "max" : 30816290,
          "mean" : 20442.611962,
          "stddev" : 88636.654644,
          "N" : 150292,
          "percentile" : {
            "1.000000" : 17024,
            "5.000000" : 17280,
            "10.000000" : 17280,
            "20.000000" : 17536,
            "30.000000" : 17536,
            "40.000000" : 17792,
            "50.000000" : 18048,
            "60.000000" : 18304,
            "70.000000" : 19072,
            "80.000000" : 19584,
            "90.000000" : 21376,
            "95.000000" : 27776,
            "99.000000" : 54016,
            "99.500000" : 79360,
            "99.900000" : 122368,
            "99.950000" : 134144,
            "99.990000" : 1056768
          }
        },
        "lat_ns" : {
          "min" : 16412,
          "max" : 30817344,
          "mean" : 20730.193883,
          "stddev" : 88646.974141,
          "N" : 150292
        },
        "bw_min" : 24864,
        "bw_max" : 49952,
        "bw_agg" : 100.000000,
        "bw_mean" : 40097.865546,
        "bw_dev" : 4796.563719,
        "bw_samples" : 119,
        "iops_min" : 1554,
        "iops_max" : 3122,
        "iops_mean" : 2506.109244,
        "iops_stddev" : 299.796874,
        "iops_samples" : 119
      },
      "trim" : {
        "io_bytes" : 0,
        "io_kbytes" : 0,
        "bw_bytes" : 0,
        "bw" : 0,
        "iops" : 0.000000,
        "runtime" : 0,
        "total_ios" : 0,
        "short_ios" : 0,
        "drop_ios" : 0,
        "slat_ns" : {
          "min" : 0,
          "max" : 0,
          "mean" : 0.000000,
          "stddev" : 0.000000,
          "N" : 0
        },
        "clat_ns" : {
          "min" : 0,
          "max" : 0,
          "mean" : 0.000000,
          "stddev" : 0.000000,
          "N" : 0
        },
        "lat_ns" : {
          "min" : 0,
          "max" : 0,
          "mean" : 0.000000,
          "stddev" : 0.000000,
          "N" : 0
        },
        "bw_min" : 0,
        "bw_max" : 0,
        "bw_agg" : 0.000000,
        "bw_mean" : 0.000000,
        "bw_dev" : 0.000000,
        "bw_samples" : 0,
        "iops_min" : 0,
        "iops_max" : 0,
        "iops_mean" : 0.000000,
        "iops_stddev" : 0.000000,
        "iops_samples" : 0
      },
      "sync" : {
        "total_ios" : 0,
        "lat_ns" : {
          "min" : 0,
          "max" : 0,
          "mean" : 0.000000,
          "stddev" : 0.000000,
          "N" : 0
        }
      },
      "job_runtime" : 60000,
      "usr_cpu" : 0.861667,
      "sys_cpu" : 2.970000,
      "ctx" : 598711,
      "majf" : 0,
      "minf" : 10,
      "iodepth_level" : {
        "1" : 100.000000,
        "2" : 0.000000,
        "4" : 0.000000,
        "8" : 0.000000,
        "16" : 0.000000,
        "32" : 0.000000,
        ">=64" : 0.000000
      },
      "iodepth_submit" : {
        "0" : 0.000000,
        "4" : 100.000000,
        "8" : 0.000000,
        "16" : 0.000000,
        "32" : 0.000000,
        "64" : 0.000000,
        ">=64" : 0.000000
      },
      "iodepth_complete" : {
        "0" : 0.000000,
        "4" : 100.000000,
        "8" : 0.000000,
        "16" : 0.000000,
        "32" : 0.000000,
        "64" : 0.000000,
        ">=64" : 0.000000
      },
      "latency_ns" : {
        "2" : 0.000000,
        "4" : 0.000000,
        "10" : 0.000000,
        "20" : 0.000000,
        "50" : 0.000000,
        "100" : 0.000000,
        "250" : 0.000000,
        "500" : 0.000000,
        "750" : 0.000000,
        "1000" : 0.000000
      },
      "latency_us" : {
        "2" : 0.000000,
        "4" : 0.000000,
        "10" : 0.000000,
        "20" : 21.436505,
        "50" : 3.299466,
        "100" : 69.278925,
        "250" : 3.509587,
        "500" : 0.388172,
        "750" : 0.044763,
        "1000" : 0.062635
      },
      "latency_ms" : {
        "2" : 1.910129,
        "4" : 0.053449,
        "10" : 0.013529,
        "20" : 0.010000,
        "50" : 0.010000,
        "100" : 0.000000,
        "250" : 0.000000,
        "500" : 0.000000,
        "750" : 0.000000,
        "1000" : 0.000000,
        "2000" : 0.000000,
        ">=2000" : 0.000000
      },
      "latency_depth" : 1,
      "latency_target" : 0,
      "latency_percentile" : 100.000000,
      "latency_window" : 0
    }
  ],
  "disk_util" : [
    {
      "name" : "nvme0n1",
      "read_ios" : 452374,
      "write_ios" : 152332,
      "read_sectors" : 15453488,
      "write_sectors" : 5494904,
      "read_merges" : 30,
      "write_merges" : 77,
      "read_ticks" : 56590,
      "write_ticks" : 10255,
      "in_queue" : 66910,
      "util" : 95.893587
    }
  ]
}
