{
  "fio version" : "fio-3.38",
  "timestamp" : 1729812635,
  "timestamp_ms" : 1729812635200,
  "time" : "Fri Oct 25 01:30:35 2024",
  "jobs" : [
    {
      "jobname" : "output",
      "groupid" : 0,
      "job_start" : 1729812575164,
      "error" : 0,
      "eta" : 0,
      "elapsed" : 61,
      "job options" : {
        "name" : "output",
        "loops" : "5",
        "runtime" : "60",
        "numjobs" : "1",
        "rwmixwrite" : "12.5",
        "bs" : "16k",
        "filesize" : "1G",
        "rw" : "randrw",
        "direct" : "1"
      },
      "read" : {
        "io_bytes" : 9519579136,
        "io_kbytes" : 9296464,
        "bw_bytes" : 158657007,
        "bw" : 154938,
        "iops" : 9683.655272,
        "runtime" : 60001,
        "total_ios" : 581029,
        "short_ios" : 0,
        "drop_ios" : 0,
        "slat_ns" : {
          "min" : 0,
          "max" : 0,
          "mean" : 0.000000,
          "stddev" : 0.000000,
          "N" : 0
        },
        "clat_ns" : {
          "min" : 15830,
          "max" : 36017892,
          "mean" : 99995.198269,
          "stddev" : 207248.114213,
          "N" : 581029,
          "percentile" : {
            "1.000000" : 69120,
            "5.000000" : 69120,
            "10.000000" : 70144,
            "20.000000" : 71168,
            "30.000000" : 71168,
            "40.000000" : 72192,
            "50.000000" : 76288,
            "60.000000" : 85504,
            "70.000000" : 86528,
            "80.000000" : 87552,
            "90.000000" : 88576,
            "95.000000" : 98816,
            "99.000000" : 1286144,
            "99.500000" : 1630208,
            "99.900000" : 1892352,
            "99.950000" : 1974272,
            "99.990000" : 5079040
          }
        },
        "lat_ns" : {
          "min" : 15861,
          "max" : 36018051,
          "mean" : 100036.404302,
          "stddev" : 207251.018407,
          "N" : 581029
        },
        "bw_min" : 73440,
        "bw_max" : 177120,
        "bw_agg" : 100.000000,
        "bw_mean" : 155052.638655,
        "bw_dev" : 14926.081788,
        "bw_samples" : 119,
        "iops_min" : 4590,
        "iops_max" : 11070,
        "iops_mean" : 9690.789916,
        "iops_stddev" : 932.880112,
        "iops_samples" : 119
      },
      "write" : {
        "io_bytes" : 1303363584,
        "io_kbytes" : 1272816,
        "bw_bytes" : 21722364,
        "bw" : 21213,
        "iops" : 1325.827903,
        "runtime" : 60001,
        "total_ios" : 79551,
        "short_ios" : 0,
        "drop_ios" : 0,
        "slat_ns" : {
          "min" : 0,
          "max" : 0,
          "mean" : 0.000000,
          "stddev" : 0.000000,
          "N" : 0
        },
        "clat_ns" : {
          "min" : 16240,
          "max" : 47056503,
          "mean" : 20183.512426,
          "stddev" : 168032.207341,
          "N" : 79551,
          "percentile" : {
            "1.000000" : 17024,
            "5.000000" : 17280,
            "10.000000" : 17280,
            "20.000000" : 17536,
            "30.000000" : 17792,
            "40.000000" : 17792,
            "50.000000" : 18048,
            "60.000000" : 18304,
            "70.000000" : 18816,
            "80.000000" : 19072,
            "90.000000" : 20608,
            "95.000000" : 23680,
            "99.000000" : 48896,
            "99.500000" : 55552,
            "99.900000" : 107008,
            "99.950000" : 120320,
            "99.990000" : 864256
          }
        },
        "lat_ns" : {
          "min" : 16469,
          "max" : 47057896,
          "mean" : 20463.600571,
          "stddev" : 168039.603206,
          "N" : 79551
        },
        "bw_min" : 9728,
        "bw_max" : 24768,
        "bw_agg" : 100.000000,
        "bw_mean" : 21237.781513,
        "bw_dev" : 2049.698164,
        "bw_samples" : 119,
        "iops_min" : 608,
        "iops_max" : 1548,
        "iops_mean" : 1327.361345,
        "iops_stddev" : 128.106135,
        "iops_samples" : 119
      },
      "trim" : {
        "io_bytes" : 0,
        "io_kbytes" : 0,
        "bw_bytes" : 0,
        "bw" : 0,
        "iops" : 0.000000,
        "runtime" : 0,
        "total_ios" : 0,
        "short_ios" : 0,
        "drop_ios" : 0,
        "slat_ns" : {
          "min" : 0,
          "max" : 0,
          "mean" : 0.000000,
          "stddev" : 0.000000,
          "N" : 0
        },
        "clat_ns" : {
          "min" : 0,
          "max" : 0,
          "mean" : 0.000000,
          "stddev" : 0.000000,
          "N" : 0
        },
        "lat_ns" : {
          "min" : 0,
          "max" : 0,
          "mean" : 0.000000,
          "stddev" : 0.000000,
          "N" : 0
        },
        "bw_min" : 0,
        "bw_max" : 0,
        "bw_agg" : 0.000000,
        "bw_mean" : 0.000000,
        "bw_dev" : 0.000000,
        "bw_samples" : 0,
        "iops_min" : 0,
        "iops_max" : 0,
        "iops_mean" : 0.000000,
        "iops_stddev" : 0.000000,
        "iops_samples" : 0
      },
      "sync" : {
        "total_ios" : 0,
        "lat_ns" : {
          "min" : 0,
          "max" : 0,
          "mean" : 0.000000,
          "stddev" : 0.000000,
          "N" : 0
        }
      },
      "job_runtime" : 60000,
      "usr_cpu" : 0.781667,
      "sys_cpu" : 2.816667,
      "ctx" : 660587,
      "majf" : 0,
      "minf" : 10,
      "iodepth_level" : {
        "1" : 100.000000,
        "2" : 0.000000,
        "4" : 0.000000,
        "8" : 0.000000,
        "16" : 0.000000,
        "32" : 0.000000,
        ">=64" : 0.000000
      },
      "iodepth_submit" : {
        "0" : 0.000000,
        "4" : 100.000000,
        "8" : 0.000000,
        "16" : 0.000000,
        "32" : 0.000000,
        "64" : 0.000000,
        ">=64" : 0.000000
      },
      "iodepth_complete" : {
        "0" : 0.000000,
        "4" : 100.000000,
        "8" : 0.000000,
        "16" : 0.000000,
        "32" : 0.000000,
        "64" : 0.000000,
        ">=64" : 0.000000
      },
      "latency_ns" : {
        "2" : 0.000000,
        "4" : 0.000000,
        "10" : 0.000000,
        "20" : 0.000000,
        "50" : 0.000000,
        "100" : 0.000000,
        "250" : 0.000000,
        "500" : 0.000000,
        "750" : 0.000000,
        "1000" : 0.000000
      },
      "latency_us" : {
        "2" : 0.000000,
        "4" : 0.000000,
        "10" : 0.000000,
        "20" : 10.591601,
        "50" : 1.344273,
        "100" : 83.825578,
        "250" : 2.936056,
        "500" : 0.216174,
        "750" : 0.023464,
        "1000" : 0.045112
      },
      "latency_ms" : {
        "2" : 0.976717,
        "4" : 0.028308,
        "10" : 0.010000,
        "20" : 0.010000,
        "50" : 0.010000,
        "100" : 0.000000,
        "250" : 0.000000,
        "500" : 0.000000,
        "750" : 0.000000,
        "1000" : 0.000000,
        "2000" : 0.000000,
        ">=2000" : 0.000000
      },
      "latency_depth" : 1,
      "latency_target" : 0,
      "latency_percentile" : 100.000000,
      "latency_window" : 0
    }
  ],
  "disk_util" : [
    {
      "name" : "nvme0n1",
      "read_ios" : 585524,
      "write_ios" : 83614,
      "read_sectors" : 19864528,
      "write_sectors" : 3670192,
      "read_merges" : 30,
      "write_merges" : 65,
      "read_ticks" : 57874,
      "write_ticks" : 58973,
      "in_queue" : 116937,
      "util" : 95.195451
    }
  ]
}
