{
  "fio version" : "fio-3.38",
  "timestamp" : 1729812936,
  "timestamp_ms" : 1729812936656,
  "time" : "Fri Oct 25 01:35:36 2024",
  "jobs" : [
    {
      "jobname" : "output",
      "groupid" : 0,
      "job_start" : 1729812876605,
      "error" : 0,
      "eta" : 0,
      "elapsed" : 61,
      "job options" : {
        "name" : "output",
        "loops" : "5",
        "runtime" : "60",
        "numjobs" : "1",
        "rwmixwrite" : "75.0",
        "bs" : "16k",
        "filesize" : "1G",
        "rw" : "randrw",
        "direct" : "1"
      },
      "read" : {
        "io_bytes" : 2727854080,
        "io_kbytes" : 2663920,
        "bw_bytes" : 45462719,
        "bw" : 44397,
        "iops" : 2774.824173,
        "runtime" : 60002,
        "total_ios" : 166495,
        "short_ios" : 0,
        "drop_ios" : 0,
        "slat_ns" : {
          "min" : 0,
          "max" : 0,
          "mean" : 0.000000,
          "stddev" : 0.000000,
          "N" : 0
        },
        "clat_ns" : {
          "min" : 67066,
          "max" : 27009160,
          "mean" : 298671.826938,
          "stddev" : 554633.855635,
          "N" : 166495,
          "percentile" : {
            "1.000000" : 69120,
            "5.000000" : 70144,
            "10.000000" : 71168,
            "20.000000" : 72192,
            "30.000000" : 74240,
            "40.000000" : 85504,
            "50.000000" : 86528,
            "60.000000" : 87552,
            "70.000000" : 89600,
            "80.000000" : 128512,
            "90.000000" : 1499136,
            "95.000000" : 1695744,
            "99.000000" : 1925120,
            "99.500000" : 1990656,
            "99.900000" : 3391488,
            "99.950000" : 5144576,
            "99.990000" : 8093696
          }
        },
        "lat_ns" : {
          "min" : 67097,
          "max" : 27009465,
          "mean" : 298726.779633,
          "stddev" : 554631.933988,
          "N" : 166495
        },
        "bw_min" : 27616,
        "bw_max" : 53824,
        "bw_agg" : 100.000000,
        "bw_mean" : 44428.907563,
        "bw_dev" : 4864.509018,
        "bw_samples" : 119,
        "iops_min" : 1726,
        "iops_max" : 3364,
        "iops_mean" : 2776.806723,
        "iops_stddev" : 304.031814,
        "iops_samples" : 119
      },
      "write" : {
        "io_bytes" : 8129691648,
        "io_kbytes" : 7939152,
        "bw_bytes" : 135490344,
        "bw" : 132314,
        "iops" : 8269.674344,
        "runtime" : 60002,
        "total_ios" : 496197,
        "short_ios" : 0,
        "drop_ios" : 0,
        "slat_ns" : {
          "min" : 0,
          "max" : 0,
          "mean" : 0.000000,
          "stddev" : 0.000000,
          "N" : 0
        },
        "clat_ns" : {
          "min" : 15766,
          "max" : 16226045,
          "mean" : 19709.813290,
          "stddev" : 40129.958218,
          "N" : 496197,
          "percentile" : {
            "1.000000" : 17024,
            "5.000000" : 17280,
            "10.000000" : 17280,
            "20.000000" : 17536,
            "30.000000" : 17792,
            "40.000000" : 17792,
            "50.000000" : 18048,
            "60.000000" : 18304,
            "70.000000" : 18816,
            "80.000000" : 19328,
            "90.000000" : 20864,
            "95.000000" : 23424,
            "99.000000" : 51968,
            "99.500000" : 56576,
            "99.900000" : 104960,
            "99.950000" : 116224,
            "99.990000" : 162816
          }
        },
        "lat_ns" : {
          "min" : 15928,
          "max" : 16226215,
          "mean" : 20031.545110,
          "stddev" : 40151.301304,
          "N" : 496197
        },
        "bw_min" : 87040,
        "bw_max" : 161280,
        "bw_agg" : 100.000000,
        "bw_mean" : 132388.302521,
        "bw_dev" : 14565.015146,
        "bw_samples" : 119,
        "iops_min" : 5440,
        "iops_max" : 10080,
        "iops_mean" : 8274.268908,
        "iops_stddev" : 910.313447,
        "iops_samples" : 119
      },
      "trim" : {
        "io_bytes" : 0,
        "io_kbytes" : 0,
        "bw_bytes" : 0,
        "bw" : 0,
        "iops" : 0.000000,
        "runtime" : 0,
        "total_ios" : 0,
        "short_ios" : 0,
        "drop_ios" : 0,
        "slat_ns" : {
          "min" : 0,
          "max" : 0,
          "mean" : 0.000000,
          "stddev" : 0.000000,
          "N" : 0
        },
        "clat_ns" : {
          "min" : 0,
          "max" : 0,
          "mean" : 0.000000,
          "stddev" : 0.000000,
          "N" : 0
        },
        "lat_ns" : {
          "min" : 0,
          "max" : 0,
          "mean" : 0.000000,
          "stddev" : 0.000000,
          "N" : 0
        },
        "bw_min" : 0,
        "bw_max" : 0,
        "bw_agg" : 0.000000,
        "bw_mean" : 0.000000,
        "bw_dev" : 0.000000,
        "bw_samples" : 0,
        "iops_min" : 0,
        "iops_max" : 0,
        "iops_mean" : 0.000000,
        "iops_stddev" : 0.000000,
        "iops_samples" : 0
      },
      "sync" : {
        "total_ios" : 0,
        "lat_ns" : {
          "min" : 0,
          "max" : 0,
          "mean" : 0.000000,
          "stddev" : 0.000000,
          "N" : 0
        }
      },
      "job_runtime" : 60001,
      "usr_cpu" : 1.323311,
      "sys_cpu" : 4.074932,
      "ctx" : 662680,
      "majf" : 0,
      "minf" : 10,
      "iodepth_level" : {
        "1" : 100.000000,
        "2" : 0.000000,
        "4" : 0.000000,
        "8" : 0.000000,
        "16" : 0.000000,
        "32" : 0.000000,
        ">=64" : 0.000000
      },
      "iodepth_submit" : {
        "0" : 0.000000,
        "4" : 100.000000,
        "8" : 0.000000,
        "16" : 0.000000,
        "32" : 0.000000,
        "64" : 0.000000,
        ">=64" : 0.000000
      },
      "iodepth_complete" : {
        "0" : 0.000000,
        "4" : 100.000000,
        "8" : 0.000000,
        "16" : 0.000000,
        "32" : 0.000000,
        "64" : 0.000000,
        ">=64" : 0.000000
      },
      "latency_ns" : {
        "2" : 0.000000,
        "4" : 0.000000,
        "10" : 0.000000,
        "20" : 0.000000,
        "50" : 0.000000,
        "100" : 0.000000,
        "250" : 0.000000,
        "500" : 0.000000,
        "750" : 0.000000,
        "1000" : 0.000000
      },
      "latency_us" : {
        "2" : 0.000000,
        "4" : 0.000000,
        "10" : 0.000000,
        "20" : 64.952195,
        "50" : 8.956951,
        "100" : 20.227798,
        "250" : 2.184122,
        "500" : 0.293651,
        "750" : 0.050400,
        "1000" : 0.076053
      },
      "latency_ms" : {
        "2" : 3.136450,
        "4" : 0.098688,
        "10" : 0.022786,
        "20" : 0.010000,
        "50" : 0.010000,
        "100" : 0.000000,
        "250" : 0.000000,
        "500" : 0.000000,
        "750" : 0.000000,
        "1000" : 0.000000,
        "2000" : 0.000000,
        ">=2000" : 0.000000
      },
      "latency_depth" : 1,
      "latency_target" : 0,
      "latency_percentile" : 100.000000,
      "latency_window" : 0
    }
  ],
  "disk_util" : [
    {
      "name" : "nvme0n1",
      "read_ios" : 167628,
      "write_ios" : 495843,
      "read_sectors" : 5657040,
      "write_sectors" : 16201192,
      "read_merges" : 0,
      "write_merges" : 75,
      "read_ticks" : 49484,
      "write_ticks" : 9734,
      "in_queue" : 59275,
      "util" : 93.134164
    }
  ]
}
