{
  "fio version" : "fio-3.38",
  "timestamp" : 1729812996,
  "timestamp_ms" : 1729812996940,
  "time" : "Fri Oct 25 01:36:36 2024",
  "jobs" : [
    {
      "jobname" : "output",
      "groupid" : 0,
      "job_start" : 1729812936902,
      "error" : 0,
      "eta" : 0,
      "elapsed" : 61,
      "job options" : {
        "name" : "output",
        "loops" : "5",
        "runtime" : "60",
        "numjobs" : "1",
        "rwmixwrite" : "87.5",
        "bs" : "16k",
        "filesize" : "1G",
        "rw" : "randrw",
        "direct" : "1"
      },
      "read" : {
        "io_bytes" : 1741799424,
        "io_kbytes" : 1700976,
        "bw_bytes" : 29029506,
        "bw" : 28349,
        "iops" : 1771.820470,
        "runtime" : 60001,
        "total_ios" : 106311,
        "short_ios" : 0,
        "drop_ios" : 0,
        "slat_ns" : {
          "min" : 0,
          "max" : 0,
          "mean" : 0.000000,
          "stddev" : 0.000000,
          "N" : 0
        },
        "clat_ns" : {
          "min" : 67508,
          "max" : 37080031,
          "mean" : 422725.209320,
          "stddev" : 677004.090530,
          "N" : 106311,
          "percentile" : {
            "1.000000" : 70144,
            "5.000000" : 70144,
            "10.000000" : 71168,
            "20.000000" : 73216,
            "30.000000" : 77312,
            "40.000000" : 86528,
            "50.000000" : 87552,
            "60.000000" : 89600,
            "70.000000" : 132096,
            "80.000000" : 1073152,
            "90.000000" : 1646592,
            "95.000000" : 1761280,
            "99.000000" : 1957888,
            "99.500000" : 2039808,
            "99.900000" : 5079040,
            "99.950000" : 5734400,
            "99.990000" : 9502720
          }
        },
        "lat_ns" : {
          "min" : 67540,
          "max" : 37080207,
          "mean" : 422779.283113,
          "stddev" : 677002.038833,
          "N" : 106311
        },
        "bw_min" : 17952,
        "bw_max" : 38336,
        "bw_agg" : 99.981915,
        "bw_mean" : 28344.201681,
        "bw_dev" : 5309.512943,
        "bw_samples" : 119,
        "iops_min" : 1122,
        "iops_max" : 2396,
        "iops_mean" : 1771.512605,
        "iops_stddev" : 331.844559,
        "iops_samples" : 119
      },
      "write" : {
        "io_bytes" : 11638112256,
        "io_kbytes" : 11365344,
        "bw_bytes" : 193965304,
        "bw" : 189419,
        "iops" : 11838.702688,
        "runtime" : 60001,
        "total_ios" : 710334,
        "short_ios" : 0,
        "drop_ios" : 0,
        "slat_ns" : {
          "min" : 0,
          "max" : 0,
          "mean" : 0.000000,
          "stddev" : 0.000000,
          "N" : 0
        },
        "clat_ns" : {
          "min" : 15368,
          "max" : 44265166,
          "mean" : 20274.191217,
          "stddev" : 92761.839567,
          "N" : 710334,
          "percentile" : {
            "1.000000" : 17024,
            "5.000000" : 17280,
            "10.000000" : 17536,
            "20.000000" : 17792,
            "30.000000" : 17792,
            "40.000000" : 18048,
            "50.000000" : 18304,
            "60.000000" : 18560,
            "70.000000" : 19072,
            "80.000000" : 19840,
            "90.000000" : 21888,
            "95.000000" : 25984,
            "99.000000" : 49408,
            "99.500000" : 54016,
            "99.900000" : 83456,
            "99.950000" : 105984,
            "99.990000" : 774144
          }
        },
        "lat_ns" : {
          "min" : 15514,
          "max" : 44265711,
          "mean" : 20621.777327,
          "stddev" : 92771.866425,
          "N" : 710334
        },
        "bw_min" : 122656,
        "bw_max" : 252256,
        "bw_agg" : 100.000000,
        "bw_mean" : 189456.672269,
        "bw_dev" : 34528.763749,
        "bw_samples" : 119,
        "iops_min" : 7666,
        "iops_max" : 15766,
        "iops_mean" : 11841.042017,
        "iops_stddev" : 2158.047734,
        "iops_samples" : 119
      },
      "trim" : {
        "io_bytes" : 0,
        "io_kbytes" : 0,
        "bw_bytes" : 0,
        "bw" : 0,
        "iops" : 0.000000,
        "runtime" : 0,
        "total_ios" : 0,
        "short_ios" : 0,
        "drop_ios" : 0,
        "slat_ns" : {
          "min" : 0,
          "max" : 0,
          "mean" : 0.000000,
          "stddev" : 0.000000,
          "N" : 0
        },
        "clat_ns" : {
          "min" : 0,
          "max" : 0,
          "mean" : 0.000000,
          "stddev" : 0.000000,
          "N" : 0
        },
        "lat_ns" : {
          "min" : 0,
          "max" : 0,
          "mean" : 0.000000,
          "stddev" : 0.000000,
          "N" : 0
        },
        "bw_min" : 0,
        "bw_max" : 0,
        "bw_agg" : 0.000000,
        "bw_mean" : 0.000000,
        "bw_dev" : 0.000000,
        "bw_samples" : 0,
        "iops_min" : 0,
        "iops_max" : 0,
        "iops_mean" : 0.000000,
        "iops_stddev" : 0.000000,
        "iops_samples" : 0
      },
      "sync" : {
        "total_ios" : 0,
        "lat_ns" : {
          "min" : 0,
          "max" : 0,
          "mean" : 0.000000,
          "stddev" : 0.000000,
          "N" : 0
        }
      },
      "job_runtime" : 60000,
      "usr_cpu" : 1.881667,
      "sys_cpu" : 5.008333,
      "ctx" : 816673,
      "majf" : 0,
      "minf" : 10,
      "iodepth_level" : {
        "1" : 100.000000,
        "2" : 0.000000,
        "4" : 0.000000,
        "8" : 0.000000,
        "16" : 0.000000,
        "32" : 0.000000,
        ">=64" : 0.000000
      },
      "iodepth_submit" : {
        "0" : 0.000000,
        "4" : 100.000000,
        "8" : 0.000000,
        "16" : 0.000000,
        "32" : 0.000000,
        "64" : 0.000000,
        ">=64" : 0.000000
      },
      "iodepth_complete" : {
        "0" : 0.000000,
        "4" : 100.000000,
        "8" : 0.000000,
        "16" : 0.000000,
        "32" : 0.000000,
        "64" : 0.000000,
        ">=64" : 0.000000
      },
      "latency_ns" : {
        "2" : 0.000000,
        "4" : 0.000000,
        "10" : 0.000000,
        "20" : 0.000000,
        "50" : 0.000000,
        "100" : 0.000000,
        "250" : 0.000000,
        "500" : 0.000000,
        "750" : 0.000000,
        "1000" : 0.000000
      },
      "latency_us" : {
        "2" : 0.000000,
        "4" : 0.000000,
        "10" : 0.000000,
        "20" : 71.362342,
        "50" : 14.813291,
        "100" : 9.354860,
        "250" : 1.460488,
        "500" : 0.219557,
        "750" : 0.049103,
        "1000" : 0.084247
      },
      "latency_ms" : {
        "2" : 2.562435,
        "4" : 0.068451,
        "10" : 0.023266,
        "20" : 0.010000,
        "50" : 0.010000,
        "100" : 0.000000,
        "250" : 0.000000,
        "500" : 0.000000,
        "750" : 0.000000,
        "1000" : 0.000000,
        "2000" : 0.000000,
        ">=2000" : 0.000000
      },
      "latency_depth" : 1,
      "latency_target" : 0,
      "latency_percentile" : 100.000000,
      "latency_window" : 0
    }
  ],
  "disk_util" : [
    {
      "name" : "nvme0n1",
      "read_ios" : 113781,
      "write_ios" : 712864,
      "read_sectors" : 5097752,
      "write_sectors" : 23656136,
      "read_merges" : 60,
      "write_merges" : 56,
      "read_ticks" : 49169,
      "write_ticks" : 33163,
      "in_queue" : 82418,
      "util" : 90.350716
    }
  ]
}
