{
  "fio version" : "fio-3.38",
  "timestamp" : 1729689321,
  "timestamp_ms" : 1729689321293,
  "time" : "Wed Oct 23 15:15:21 2024",
  "jobs" : [
    {
      "jobname" : "output",
      "groupid" : 0,
      "job_start" : 1729689261243,
      "error" : 0,
      "eta" : 0,
      "elapsed" : 61,
      "job options" : {
        "name" : "output",
        "loops" : "5",
        "runtime" : "60",
        "numjobs" : "1",
        "rwmixwrite" : "87.5",
        "bs" : "16k",
        "filesize" : "1G",
        "rw" : "randrw",
        "direct" : "0"
      },
      "read" : {
        "io_bytes" : 3551739904,
        "io_kbytes" : 3468496,
        "bw_bytes" : 59194678,
        "bw" : 57807,
        "iops" : 3612.956451,
        "runtime" : 60001,
        "total_ios" : 216781,
        "short_ios" : 0,
        "drop_ios" : 0,
        "slat_ns" : {
          "min" : 0,
          "max" : 0,
          "mean" : 0.000000,
          "stddev" : 0.000000,
          "N" : 0
        },
        "clat_ns" : {
          "min" : 41754,
          "max" : 48096354,
          "mean" : 158343.525779,
          "stddev" : 750390.723015,
          "N" : 216781,
          "percentile" : {
            "1.000000" : 73216,
            "5.000000" : 74240,
            "10.000000" : 75264,
            "20.000000" : 76288,
            "30.000000" : 78336,
            "40.000000" : 85504,
            "50.000000" : 89600,
            "60.000000" : 90624,
            "70.000000" : 92672,
            "80.000000" : 93696,
            "90.000000" : 99840,
            "95.000000" : 113152,
            "99.000000" : 1826816,
            "99.500000" : 6389760,
            "99.900000" : 10420224,
            "99.950000" : 11993088,
            "99.990000" : 16449536
          }
        },
        "lat_ns" : {
          "min" : 41823,
          "max" : 48096425,
          "mean" : 158381.059452,
          "stddev" : 750403.126346,
          "N" : 216781
        },
        "bw_min" : 256,
        "bw_max" : 125152,
        "bw_agg" : 100.000000,
        "bw_mean" : 61321.339286,
        "bw_dev" : 31971.646044,
        "bw_samples" : 112,
        "iops_min" : 16,
        "iops_max" : 7822,
        "iops_mean" : 3832.580357,
        "iops_stddev" : 1998.222650,
        "iops_samples" : 112
      },
      "write" : {
        "io_bytes" : 23717101568,
        "io_kbytes" : 23161232,
        "bw_bytes" : 395278438,
        "bw" : 386014,
        "iops" : 24125.881235,
        "runtime" : 60001,
        "total_ios" : 1447577,
        "short_ios" : 0,
        "drop_ios" : 0,
        "slat_ns" : {
          "min" : 0,
          "max" : 0,
          "mean" : 0.000000,
          "stddev" : 0.000000,
          "N" : 0
        },
        "clat_ns" : {
          "min" : 3719,
          "max" : 1275749,
          "mean" : 6759.024060,
          "stddev" : 8142.024185,
          "N" : 1447577,
          "percentile" : {
            "1.000000" : 4256,
            "5.000000" : 4448,
            "10.000000" : 4576,
            "20.000000" : 4832,
            "30.000000" : 5024,
            "40.000000" : 5216,
            "50.000000" : 5472,
            "60.000000" : 5792,
            "70.000000" : 6304,
            "80.000000" : 6944,
            "90.000000" : 8640,
            "95.000000" : 11968,
            "99.000000" : 25472,
            "99.500000" : 36096,
            "99.900000" : 115200,
            "99.950000" : 197632,
            "99.990000" : 234496
          }
        },
        "lat_ns" : {
          "min" : 3789,
          "max" : 1275931,
          "mean" : 6846.391445,
          "stddev" : 8171.286379,
          "N" : 1447577
        },
        "bw_min" : 1472,
        "bw_max" : 846016,
        "bw_agg" : 100.000000,
        "bw_mean" : 409525.687500,
        "bw_dev" : 213400.307701,
        "bw_samples" : 112,
        "iops_min" : 92,
        "iops_max" : 52876,
        "iops_mean" : 25595.348214,
        "iops_stddev" : 13337.508104,
        "iops_samples" : 112
      },
      "trim" : {
        "io_bytes" : 0,
        "io_kbytes" : 0,
        "bw_bytes" : 0,
        "bw" : 0,
        "iops" : 0.000000,
        "runtime" : 0,
        "total_ios" : 0,
        "short_ios" : 0,
        "drop_ios" : 0,
        "slat_ns" : {
          "min" : 0,
          "max" : 0,
          "mean" : 0.000000,
          "stddev" : 0.000000,
          "N" : 0
        },
        "clat_ns" : {
          "min" : 0,
          "max" : 0,
          "mean" : 0.000000,
          "stddev" : 0.000000,
          "N" : 0
        },
        "lat_ns" : {
          "min" : 0,
          "max" : 0,
          "mean" : 0.000000,
          "stddev" : 0.000000,
          "N" : 0
        },
        "bw_min" : 0,
        "bw_max" : 0,
        "bw_agg" : 0.000000,
        "bw_mean" : 0.000000,
        "bw_dev" : 0.000000,
        "bw_samples" : 0,
        "iops_min" : 0,
        "iops_max" : 0,
        "iops_mean" : 0.000000,
        "iops_stddev" : 0.000000,
        "iops_samples" : 0
      },
      "sync" : {
        "total_ios" : 0,
        "lat_ns" : {
          "min" : 0,
          "max" : 0,
          "mean" : 0.000000,
          "stddev" : 0.000000,
          "N" : 0
        }
      },
      "job_runtime" : 60000,
      "usr_cpu" : 1.678333,
      "sys_cpu" : 27.193333,
      "ctx" : 239304,
      "majf" : 0,
      "minf" : 13,
      "iodepth_level" : {
        "1" : 100.000000,
        "2" : 0.000000,
        "4" : 0.000000,
        "8" : 0.000000,
        "16" : 0.000000,
        "32" : 0.000000,
        ">=64" : 0.000000
      },
      "iodepth_submit" : {
        "0" : 0.000000,
        "4" : 100.000000,
        "8" : 0.000000,
        "16" : 0.000000,
        "32" : 0.000000,
        "64" : 0.000000,
        ">=64" : 0.000000
      },
      "iodepth_complete" : {
        "0" : 0.000000,
        "4" : 100.000000,
        "8" : 0.000000,
        "16" : 0.000000,
        "32" : 0.000000,
        "64" : 0.000000,
        ">=64" : 0.000000
      },
      "latency_ns" : {
        "2" : 0.000000,
        "4" : 0.000000,
        "10" : 0.000000,
        "20" : 0.000000,
        "50" : 0.000000,
        "100" : 0.000000,
        "250" : 0.000000,
        "500" : 0.000000,
        "750" : 0.000000,
        "1000" : 0.000000
      },
      "latency_us" : {
        "2" : 0.000000,
        "4" : 0.010000,
        "10" : 80.615769,
        "20" : 4.825044,
        "50" : 1.258083,
        "100" : 11.873768,
        "250" : 1.235131,
        "500" : 0.044702,
        "750" : 0.010000,
        "1000" : 0.010000
      },
      "latency_ms" : {
        "2" : 0.010000,
        "4" : 0.013639,
        "10" : 0.098897,
        "20" : 0.014841,
        "50" : 0.010000,
        "100" : 0.000000,
        "250" : 0.000000,
        "500" : 0.000000,
        "750" : 0.000000,
        "1000" : 0.000000,
        "2000" : 0.000000,
        ">=2000" : 0.000000
      },
      "latency_depth" : 1,
      "latency_target" : 0,
      "latency_percentile" : 100.000000,
      "latency_window" : 0
    }
  ],
  "disk_util" : [
    {
      "name" : "nvme0n1",
      "read_ios" : 222708,
      "write_ios" : 472915,
      "read_sectors" : 8127064,
      "write_sectors" : 46303504,
      "read_merges" : 0,
      "write_merges" : 555,
      "read_ticks" : 36246,
      "write_ticks" : 1659635,
      "in_queue" : 1696328,
      "util" : 64.981401
    }
  ]
}
