{
  "fio version" : "fio-3.38",
  "timestamp" : 1729689079,
  "timestamp_ms" : 1729689079479,
  "time" : "Wed Oct 23 15:11:19 2024",
  "jobs" : [
    {
      "jobname" : "output",
      "groupid" : 0,
      "job_start" : 1729689019439,
      "error" : 0,
      "eta" : 0,
      "elapsed" : 61,
      "job options" : {
        "name" : "output",
        "loops" : "5",
        "runtime" : "60",
        "numjobs" : "1",
        "rwmixwrite" : "37.5",
        "bs" : "16k",
        "filesize" : "1G",
        "rw" : "randrw",
        "direct" : "0"
      },
      "read" : {
        "io_bytes" : 10032889856,
        "io_kbytes" : 9797744,
        "bw_bytes" : 167212044,
        "bw" : 163293,
        "iops" : 10205.813236,
        "runtime" : 60001,
        "total_ios" : 612359,
        "short_ios" : 0,
        "drop_ios" : 0,
        "slat_ns" : {
          "min" : 0,
          "max" : 0,
          "mean" : 0.000000,
          "stddev" : 0.000000,
          "N" : 0
        },
        "clat_ns" : {
          "min" : 31601,
          "max" : 9423247,
          "mean" : 83276.050114,
          "stddev" : 81593.913410,
          "N" : 612359,
          "percentile" : {
            "1.000000" : 54016,
            "5.000000" : 56576,
            "10.000000" : 72192,
            "20.000000" : 74240,
            "30.000000" : 75264,
            "40.000000" : 77312,
            "50.000000" : 80384,
            "60.000000" : 88576,
            "70.000000" : 90624,
            "80.000000" : 91648,
            "90.000000" : 93696,
            "95.000000" : 95744,
            "99.000000" : 117248,
            "99.500000" : 134144,
            "99.900000" : 189440,
            "99.950000" : 268288,
            "99.990000" : 5406720
          }
        },
        "lat_ns" : {
          "min" : 31629,
          "max" : 9423405,
          "mean" : 83311.996050,
          "stddev" : 81598.078891,
          "N" : 612359
        },
        "bw_min" : 4864,
        "bw_max" : 208096,
        "bw_agg" : 100.000000,
        "bw_mean" : 164675.796610,
        "bw_dev" : 44459.770087,
        "bw_samples" : 118,
        "iops_min" : 304,
        "iops_max" : 13006,
        "iops_mean" : 10292.237288,
        "iops_stddev" : 2778.735630,
        "iops_samples" : 118
      },
      "write" : {
        "io_bytes" : 5902811136,
        "io_kbytes" : 5764464,
        "bw_bytes" : 98378545,
        "bw" : 96072,
        "iops" : 6004.549924,
        "runtime" : 60001,
        "total_ios" : 360279,
        "short_ios" : 0,
        "drop_ios" : 0,
        "slat_ns" : {
          "min" : 0,
          "max" : 0,
          "mean" : 0.000000,
          "stddev" : 0.000000,
          "N" : 0
        },
        "clat_ns" : {
          "min" : 3909,
          "max" : 334514,
          "mean" : 6434.109926,
          "stddev" : 5875.391342,
          "N" : 360279,
          "percentile" : {
            "1.000000" : 4320,
            "5.000000" : 4512,
            "10.000000" : 4640,
            "20.000000" : 4896,
            "30.000000" : 5088,
            "40.000000" : 5344,
            "50.000000" : 5536,
            "60.000000" : 6112,
            "70.000000" : 6560,
            "80.000000" : 6944,
            "90.000000" : 7584,
            "95.000000" : 8768,
            "99.000000" : 23936,
            "99.500000" : 34048,
            "99.900000" : 100864,
            "99.950000" : 116224,
            "99.990000" : 199680
          }
        },
        "lat_ns" : {
          "min" : 3960,
          "max" : 334592,
          "mean" : 6521.199185,
          "stddev" : 5900.435700,
          "N" : 360279
        },
        "bw_min" : 3328,
        "bw_max" : 124544,
        "bw_agg" : 100.000000,
        "bw_mean" : 96910.372881,
        "bw_dev" : 26158.998963,
        "bw_samples" : 118,
        "iops_min" : 208,
        "iops_max" : 7784,
        "iops_mean" : 6056.898305,
        "iops_stddev" : 1634.937435,
        "iops_samples" : 118
      },
      "trim" : {
        "io_bytes" : 0,
        "io_kbytes" : 0,
        "bw_bytes" : 0,
        "bw" : 0,
        "iops" : 0.000000,
        "runtime" : 0,
        "total_ios" : 0,
        "short_ios" : 0,
        "drop_ios" : 0,
        "slat_ns" : {
          "min" : 0,
          "max" : 0,
          "mean" : 0.000000,
          "stddev" : 0.000000,
          "N" : 0
        },
        "clat_ns" : {
          "min" : 0,
          "max" : 0,
          "mean" : 0.000000,
          "stddev" : 0.000000,
          "N" : 0
        },
        "lat_ns" : {
          "min" : 0,
          "max" : 0,
          "mean" : 0.000000,
          "stddev" : 0.000000,
          "N" : 0
        },
        "bw_min" : 0,
        "bw_max" : 0,
        "bw_agg" : 0.000000,
        "bw_mean" : 0.000000,
        "bw_dev" : 0.000000,
        "bw_samples" : 0,
        "iops_min" : 0,
        "iops_max" : 0,
        "iops_mean" : 0.000000,
        "iops_stddev" : 0.000000,
        "iops_samples" : 0
      },
      "sync" : {
        "total_ios" : 0,
        "lat_ns" : {
          "min" : 0,
          "max" : 0,
          "mean" : 0.000000,
          "stddev" : 0.000000,
          "N" : 0
        }
      },
      "job_runtime" : 60000,
      "usr_cpu" : 1.033333,
      "sys_cpu" : 13.240000,
      "ctx" : 627817,
      "majf" : 0,
      "minf" : 13,
      "iodepth_level" : {
        "1" : 100.000000,
        "2" : 0.000000,
        "4" : 0.000000,
        "8" : 0.000000,
        "16" : 0.000000,
        "32" : 0.000000,
        ">=64" : 0.000000
      },
      "iodepth_submit" : {
        "0" : 0.000000,
        "4" : 100.000000,
        "8" : 0.000000,
        "16" : 0.000000,
        "32" : 0.000000,
        "64" : 0.000000,
        ">=64" : 0.000000
      },
      "iodepth_complete" : {
        "0" : 0.000000,
        "4" : 100.000000,
        "8" : 0.000000,
        "16" : 0.000000,
        "32" : 0.000000,
        "64" : 0.000000,
        ">=64" : 0.000000
      },
      "latency_ns" : {
        "2" : 0.000000,
        "4" : 0.000000,
        "10" : 0.000000,
        "20" : 0.000000,
        "50" : 0.000000,
        "100" : 0.000000,
        "250" : 0.000000,
        "500" : 0.000000,
        "750" : 0.000000,
        "1000" : 0.000000
      },
      "latency_us" : {
        "2" : 0.000000,
        "4" : 0.010000,
        "10" : 35.972376,
        "20" : 0.614514,
        "50" : 0.365604,
        "100" : 61.116983,
        "250" : 1.888678,
        "500" : 0.023750,
        "750" : 0.010000,
        "1000" : 0.010000
      },
      "latency_ms" : {
        "2" : 0.010000,
        "4" : 0.010000,
        "10" : 0.010000,
        "20" : 0.000000,
        "50" : 0.000000,
        "100" : 0.000000,
        "250" : 0.000000,
        "500" : 0.000000,
        "750" : 0.000000,
        "1000" : 0.000000,
        "2000" : 0.000000,
        ">=2000" : 0.000000
      },
      "latency_depth" : 1,
      "latency_target" : 0,
      "latency_percentile" : 100.000000,
      "latency_window" : 0
    }
  ],
  "disk_util" : [
    {
      "name" : "nvme0n1",
      "read_ios" : 611239,
      "write_ios" : 226309,
      "read_sectors" : 19561424,
      "write_sectors" : 10929560,
      "read_merges" : 0,
      "write_merges" : 112,
      "read_ticks" : 46748,
      "write_ticks" : 299471,
      "in_queue" : 346286,
      "util" : 84.618079
    }
  ]
}
