{
  "fio version" : "fio-3.38",
  "timestamp" : 1729777993,
  "timestamp_ms" : 1729777993536,
  "time" : "Thu Oct 24 15:53:13 2024",
  "jobs" : [
    {
      "jobname" : "output",
      "groupid" : 0,
      "job_start" : 1729777933476,
      "error" : 0,
      "eta" : 0,
      "elapsed" : 61,
      "job options" : {
        "name" : "output",
        "loops" : "5",
        "runtime" : "60",
        "numjobs" : "1",
        "rwmixwrite" : "37.5",
        "bs" : "16k",
        "filesize" : "1G",
        "rw" : "randrw",
        "direct" : "0"
      },
      "read" : {
        "io_bytes" : 9786638336,
        "io_kbytes" : 9557264,
        "bw_bytes" : 163107920,
        "bw" : 159285,
        "iops" : 9955.317411,
        "runtime" : 60001,
        "total_ios" : 597329,
        "short_ios" : 0,
        "drop_ios" : 0,
        "slat_ns" : {
          "min" : 0,
          "max" : 0,
          "mean" : 0.000000,
          "stddev" : 0.000000,
          "N" : 0
        },
        "clat_ns" : {
          "min" : 31246,
          "max" : 15440616,
          "mean" : 85432.682153,
          "stddev" : 88579.263412,
          "N" : 597329,
          "percentile" : {
            "1.000000" : 71168,
            "5.000000" : 72192,
            "10.000000" : 73216,
            "20.000000" : 74240,
            "30.000000" : 75264,
            "40.000000" : 78336,
            "50.000000" : 84480,
            "60.000000" : 88576,
            "70.000000" : 89600,
            "80.000000" : 91648,
            "90.000000" : 93696,
            "95.000000" : 95744,
            "99.000000" : 119296,
            "99.500000" : 144384,
            "99.900000" : 264192,
            "99.950000" : 321536,
            "99.990000" : 5472256
          }
        },
        "lat_ns" : {
          "min" : 31269,
          "max" : 15441602,
          "mean" : 85461.373096,
          "stddev" : 88583.525444,
          "N" : 597329
        },
        "bw_min" : 7936,
        "bw_max" : 188896,
        "bw_agg" : 100.000000,
        "bw_mean" : 160605.559322,
        "bw_dev" : 44649.388671,
        "bw_samples" : 118,
        "iops_min" : 496,
        "iops_max" : 11806,
        "iops_mean" : 10037.864407,
        "iops_stddev" : 2790.596134,
        "iops_samples" : 118
      },
      "write" : {
        "io_bytes" : 5759156224,
        "io_kbytes" : 5624176,
        "bw_bytes" : 95984337,
        "bw" : 93734,
        "iops" : 5858.419026,
        "runtime" : 60001,
        "total_ios" : 351511,
        "short_ios" : 0,
        "drop_ios" : 0,
        "slat_ns" : {
          "min" : 0,
          "max" : 0,
          "mean" : 0.000000,
          "stddev" : 0.000000,
          "N" : 0
        },
        "clat_ns" : {
          "min" : 3113,
          "max" : 367628,
          "mean" : 4421.192219,
          "stddev" : 5773.321367,
          "N" : 351511,
          "percentile" : {
            "1.000000" : 3344,
            "5.000000" : 3440,
            "10.000000" : 3504,
            "20.000000" : 3600,
            "30.000000" : 3664,
            "40.000000" : 3728,
            "50.000000" : 3824,
            "60.000000" : 3920,
            "70.000000" : 4080,
            "80.000000" : 4448,
            "90.000000" : 5472,
            "95.000000" : 5728,
            "99.000000" : 6880,
            "99.500000" : 21376,
            "99.900000" : 99840,
            "99.950000" : 181248,
            "99.990000" : 189440
          }
        },
        "lat_ns" : {
          "min" : 3163,
          "max" : 367920,
          "mean" : 4488.043117,
          "stddev" : 5781.152233,
          "N" : 351511
        },
        "bw_min" : 4256,
        "bw_max" : 116672,
        "bw_agg" : 100.000000,
        "bw_mean" : 94542.644068,
        "bw_dev" : 26230.772493,
        "bw_samples" : 118,
        "iops_min" : 266,
        "iops_max" : 7292,
        "iops_mean" : 5908.915254,
        "iops_stddev" : 1639.423281,
        "iops_samples" : 118
      },
      "trim" : {
        "io_bytes" : 0,
        "io_kbytes" : 0,
        "bw_bytes" : 0,
        "bw" : 0,
        "iops" : 0.000000,
        "runtime" : 0,
        "total_ios" : 0,
        "short_ios" : 0,
        "drop_ios" : 0,
        "slat_ns" : {
          "min" : 0,
          "max" : 0,
          "mean" : 0.000000,
          "stddev" : 0.000000,
          "N" : 0
        },
        "clat_ns" : {
          "min" : 0,
          "max" : 0,
          "mean" : 0.000000,
          "stddev" : 0.000000,
          "N" : 0
        },
        "lat_ns" : {
          "min" : 0,
          "max" : 0,
          "mean" : 0.000000,
          "stddev" : 0.000000,
          "N" : 0
        },
        "bw_min" : 0,
        "bw_max" : 0,
        "bw_agg" : 0.000000,
        "bw_mean" : 0.000000,
        "bw_dev" : 0.000000,
        "bw_samples" : 0,
        "iops_min" : 0,
        "iops_max" : 0,
        "iops_mean" : 0.000000,
        "iops_stddev" : 0.000000,
        "iops_samples" : 0
      },
      "sync" : {
        "total_ios" : 0,
        "lat_ns" : {
          "min" : 0,
          "max" : 0,
          "mean" : 0.000000,
          "stddev" : 0.000000,
          "N" : 0
        }
      },
      "job_runtime" : 60000,
      "usr_cpu" : 0.723333,
      "sys_cpu" : 11.370000,
      "ctx" : 620165,
      "majf" : 0,
      "minf" : 10,
      "iodepth_level" : {
        "1" : 100.000000,
        "2" : 0.000000,
        "4" : 0.000000,
        "8" : 0.000000,
        "16" : 0.000000,
        "32" : 0.000000,
        ">=64" : 0.000000
      },
      "iodepth_submit" : {
        "0" : 0.000000,
        "4" : 100.000000,
        "8" : 0.000000,
        "16" : 0.000000,
        "32" : 0.000000,
        "64" : 0.000000,
        ">=64" : 0.000000
      },
      "iodepth_complete" : {
        "0" : 0.000000,
        "4" : 100.000000,
        "8" : 0.000000,
        "16" : 0.000000,
        "32" : 0.000000,
        "64" : 0.000000,
        ">=64" : 0.000000
      },
      "latency_ns" : {
        "2" : 0.000000,
        "4" : 0.000000,
        "10" : 0.000000,
        "20" : 0.000000,
        "50" : 0.000000,
        "100" : 0.000000,
        "250" : 0.000000,
        "500" : 0.000000,
        "750" : 0.000000,
        "1000" : 0.000000
      },
      "latency_us" : {
        "2" : 0.000000,
        "4" : 24.465242,
        "10" : 12.351292,
        "20" : 0.038890,
        "50" : 0.117512,
        "100" : 61.120210,
        "250" : 1.810105,
        "500" : 0.080730,
        "750" : 0.010000,
        "1000" : 0.010000
      },
      "latency_ms" : {
        "2" : 0.010000,
        "4" : 0.010000,
        "10" : 0.010645,
        "20" : 0.010000,
        "50" : 0.000000,
        "100" : 0.000000,
        "250" : 0.000000,
        "500" : 0.000000,
        "750" : 0.000000,
        "1000" : 0.000000,
        "2000" : 0.000000,
        ">=2000" : 0.000000
      },
      "latency_depth" : 1,
      "latency_target" : 0,
      "latency_percentile" : 100.000000,
      "latency_window" : 0
    }
  ],
  "disk_util" : [
    {
      "name" : "nvme0n1",
      "read_ios" : 596207,
      "write_ios" : 235927,
      "read_sectors" : 19078624,
      "write_sectors" : 11368768,
      "read_merges" : 0,
      "write_merges" : 22,
      "read_ticks" : 47292,
      "write_ticks" : 158184,
      "in_queue" : 205524,
      "util" : 87.315649
    }
  ]
}
