{
  "fio version" : "fio-3.38",
  "timestamp" : 1729778053,
  "timestamp_ms" : 1729778053828,
  "time" : "Thu Oct 24 15:54:13 2024",
  "jobs" : [
    {
      "jobname" : "output",
      "groupid" : 0,
      "job_start" : 1729777993780,
      "error" : 0,
      "eta" : 0,
      "elapsed" : 61,
      "job options" : {
        "name" : "output",
        "loops" : "5",
        "runtime" : "60",
        "numjobs" : "1",
        "rwmixwrite" : "50.0",
        "bs" : "16k",
        "filesize" : "1G",
        "rw" : "randrw",
        "direct" : "0"
      },
      "read" : {
        "io_bytes" : 8892563456,
        "io_kbytes" : 8684144,
        "bw_bytes" : 148206920,
        "bw" : 144733,
        "iops" : 9045.832569,
        "runtime" : 60001,
        "total_ios" : 542759,
        "short_ios" : 0,
        "drop_ios" : 0,
        "slat_ns" : {
          "min" : 0,
          "max" : 0,
          "mean" : 0.000000,
          "stddev" : 0.000000,
          "N" : 0
        },
        "clat_ns" : {
          "min" : 31619,
          "max" : 13455164,
          "mean" : 86571.715559,
          "stddev" : 95491.705750,
          "N" : 542759,
          "percentile" : {
            "1.000000" : 55552,
            "5.000000" : 72192,
            "10.000000" : 73216,
            "20.000000" : 75264,
            "30.000000" : 77312,
            "40.000000" : 80384,
            "50.000000" : 87552,
            "60.000000" : 89600,
            "70.000000" : 90624,
            "80.000000" : 91648,
            "90.000000" : 94720,
            "95.000000" : 95744,
            "99.000000" : 116224,
            "99.500000" : 144384,
            "99.900000" : 268288,
            "99.950000" : 329728,
            "99.990000" : 5799936
          }
        },
        "lat_ns" : {
          "min" : 31648,
          "max" : 13455332,
          "mean" : 86604.430972,
          "stddev" : 95494.000192,
          "N" : 542759
        },
        "bw_min" : 9888,
        "bw_max" : 192000,
        "bw_agg" : 100.000000,
        "bw_mean" : 150955.289474,
        "bw_dev" : 49302.879247,
        "bw_samples" : 114,
        "iops_min" : 618,
        "iops_max" : 12000,
        "iops_mean" : 9434.701754,
        "iops_stddev" : 3081.434570,
        "iops_samples" : 114
      },
      "write" : {
        "io_bytes" : 8884273152,
        "io_kbytes" : 8676048,
        "bw_bytes" : 148068751,
        "bw" : 144598,
        "iops" : 9037.399377,
        "runtime" : 60001,
        "total_ios" : 542253,
        "short_ios" : 0,
        "drop_ios" : 0,
        "slat_ns" : {
          "min" : 0,
          "max" : 0,
          "mean" : 0.000000,
          "stddev" : 0.000000,
          "N" : 0
        },
        "clat_ns" : {
          "min" : 3076,
          "max" : 272884,
          "mean" : 4339.115280,
          "stddev" : 5778.746325,
          "N" : 542253,
          "percentile" : {
            "1.000000" : 3312,
            "5.000000" : 3408,
            "10.000000" : 3472,
            "20.000000" : 3536,
            "30.000000" : 3600,
            "40.000000" : 3664,
            "50.000000" : 3760,
            "60.000000" : 3856,
            "70.000000" : 4016,
            "80.000000" : 4384,
            "90.000000" : 5408,
            "95.000000" : 5664,
            "99.000000" : 6624,
            "99.500000" : 10304,
            "99.900000" : 101888,
            "99.950000" : 177152,
            "99.990000" : 191488
          }
        },
        "lat_ns" : {
          "min" : 3137,
          "max" : 272950,
          "mean" : 4411.309210,
          "stddev" : 5786.248537,
          "N" : 542253
        },
        "bw_min" : 10240,
        "bw_max" : 194432,
        "bw_agg" : 100.000000,
        "bw_mean" : 150805.052632,
        "bw_dev" : 49162.745844,
        "bw_samples" : 114,
        "iops_min" : 640,
        "iops_max" : 12152,
        "iops_mean" : 9425.315789,
        "iops_stddev" : 3072.671615,
        "iops_samples" : 114
      },
      "trim" : {
        "io_bytes" : 0,
        "io_kbytes" : 0,
        "bw_bytes" : 0,
        "bw" : 0,
        "iops" : 0.000000,
        "runtime" : 0,
        "total_ios" : 0,
        "short_ios" : 0,
        "drop_ios" : 0,
        "slat_ns" : {
          "min" : 0,
          "max" : 0,
          "mean" : 0.000000,
          "stddev" : 0.000000,
          "N" : 0
        },
        "clat_ns" : {
          "min" : 0,
          "max" : 0,
          "mean" : 0.000000,
          "stddev" : 0.000000,
          "N" : 0
        },
        "lat_ns" : {
          "min" : 0,
          "max" : 0,
          "mean" : 0.000000,
          "stddev" : 0.000000,
          "N" : 0
        },
        "bw_min" : 0,
        "bw_max" : 0,
        "bw_agg" : 0.000000,
        "bw_mean" : 0.000000,
        "bw_dev" : 0.000000,
        "bw_samples" : 0,
        "iops_min" : 0,
        "iops_max" : 0,
        "iops_mean" : 0.000000,
        "iops_stddev" : 0.000000,
        "iops_samples" : 0
      },
      "sync" : {
        "total_ios" : 0,
        "lat_ns" : {
          "min" : 0,
          "max" : 0,
          "mean" : 0.000000,
          "stddev" : 0.000000,
          "N" : 0
        }
      },
      "job_runtime" : 60000,
      "usr_cpu" : 0.951667,
      "sys_cpu" : 12.893333,
      "ctx" : 559713,
      "majf" : 0,
      "minf" : 12,
      "iodepth_level" : {
        "1" : 100.000000,
        "2" : 0.000000,
        "4" : 0.000000,
        "8" : 0.000000,
        "16" : 0.000000,
        "32" : 0.000000,
        ">=64" : 0.000000
      },
      "iodepth_submit" : {
        "0" : 0.000000,
        "4" : 100.000000,
        "8" : 0.000000,
        "16" : 0.000000,
        "32" : 0.000000,
        "64" : 0.000000,
        ">=64" : 0.000000
      },
      "iodepth_complete" : {
        "0" : 0.000000,
        "4" : 100.000000,
        "8" : 0.000000,
        "16" : 0.000000,
        "32" : 0.000000,
        "64" : 0.000000,
        ">=64" : 0.000000
      },
      "latency_ns" : {
        "2" : 0.000000,
        "4" : 0.000000,
        "10" : 0.000000,
        "20" : 0.000000,
        "50" : 0.000000,
        "100" : 0.000000,
        "250" : 0.000000,
        "500" : 0.000000,
        "750" : 0.000000,
        "1000" : 0.000000
      },
      "latency_us" : {
        "2" : 0.000000,
        "4" : 34.866619,
        "10" : 14.854306,
        "20" : 0.043317,
        "50" : 0.099999,
        "100" : 48.819460,
        "250" : 1.230862,
        "500" : 0.069492,
        "750" : 0.010000,
        "1000" : 0.010000
      },
      "latency_ms" : {
        "2" : 0.010000,
        "4" : 0.010000,
        "10" : 0.010691,
        "20" : 0.010000,
        "50" : 0.000000,
        "100" : 0.000000,
        "250" : 0.000000,
        "500" : 0.000000,
        "750" : 0.000000,
        "1000" : 0.000000,
        "2000" : 0.000000,
        ">=2000" : 0.000000
      },
      "latency_depth" : 1,
      "latency_target" : 0,
      "latency_percentile" : 100.000000,
      "latency_window" : 0
    }
  ],
  "disk_util" : [
    {
      "name" : "nvme0n1",
      "read_ios" : 541635,
      "write_ios" : 282446,
      "read_sectors" : 17332320,
      "write_sectors" : 17135856,
      "read_merges" : 0,
      "write_merges" : 21,
      "read_ticks" : 43606,
      "write_ticks" : 802117,
      "in_queue" : 845762,
      "util" : 83.123165
    }
  ]
}
