{
  "fio version" : "fio-3.38",
  "timestamp" : 1729777933,
  "timestamp_ms" : 1729777933232,
  "time" : "Thu Oct 24 15:52:13 2024",
  "jobs" : [
    {
      "jobname" : "output",
      "groupid" : 0,
      "job_start" : 1729777873170,
      "error" : 0,
      "eta" : 0,
      "elapsed" : 61,
      "job options" : {
        "name" : "output",
        "loops" : "5",
        "runtime" : "60",
        "numjobs" : "1",
        "rwmixwrite" : "25.0",
        "bs" : "16k",
        "filesize" : "1G",
        "rw" : "randrw",
        "direct" : "0"
      },
      "read" : {
        "io_bytes" : 11216257024,
        "io_kbytes" : 10953376,
        "bw_bytes" : 186934501,
        "bw" : 182553,
        "iops" : 11409.576507,
        "runtime" : 60001,
        "total_ios" : 684586,
        "short_ios" : 0,
        "drop_ios" : 0,
        "slat_ns" : {
          "min" : 0,
          "max" : 0,
          "mean" : 0.000000,
          "stddev" : 0.000000,
          "N" : 0
        },
        "clat_ns" : {
          "min" : 31202,
          "max" : 12815609,
          "mean" : 79010.835648,
          "stddev" : 62345.833845,
          "N" : 684586,
          "percentile" : {
            "1.000000" : 53504,
            "5.000000" : 54016,
            "10.000000" : 54528,
            "20.000000" : 60160,
            "30.000000" : 73216,
            "40.000000" : 74240,
            "50.000000" : 77312,
            "60.000000" : 87552,
            "70.000000" : 88576,
            "80.000000" : 90624,
            "90.000000" : 92672,
            "95.000000" : 94720,
            "99.000000" : 114176,
            "99.500000" : 136192,
            "99.900000" : 195584,
            "99.950000" : 261120,
            "99.990000" : 3031040
          }
        },
        "lat_ns" : {
          "min" : 31227,
          "max" : 12815755,
          "mean" : 79041.342810,
          "stddev" : 62348.869687,
          "N" : 684586
        },
        "bw_min" : 31648,
        "bw_max" : 239200,
        "bw_agg" : 100.000000,
        "bw_mean" : 182733.983193,
        "bw_dev" : 43484.758341,
        "bw_samples" : 119,
        "iops_min" : 1978,
        "iops_max" : 14950,
        "iops_mean" : 11420.873950,
        "iops_stddev" : 2717.797396,
        "iops_samples" : 119
      },
      "write" : {
        "io_bytes" : 3753721856,
        "io_kbytes" : 3665744,
        "bw_bytes" : 62560988,
        "bw" : 61094,
        "iops" : 3818.419693,
        "runtime" : 60001,
        "total_ios" : 229109,
        "short_ios" : 0,
        "drop_ios" : 0,
        "slat_ns" : {
          "min" : 0,
          "max" : 0,
          "mean" : 0.000000,
          "stddev" : 0.000000,
          "N" : 0
        },
        "clat_ns" : {
          "min" : 3104,
          "max" : 291259,
          "mean" : 4472.477485,
          "stddev" : 5613.698609,
          "N" : 229109,
          "percentile" : {
            "1.000000" : 3344,
            "5.000000" : 3440,
            "10.000000" : 3536,
            "20.000000" : 3632,
            "30.000000" : 3696,
            "40.000000" : 3792,
            "50.000000" : 3856,
            "60.000000" : 3952,
            "70.000000" : 4192,
            "80.000000" : 4576,
            "90.000000" : 5536,
            "95.000000" : 5792,
            "99.000000" : 7008,
            "99.500000" : 12480,
            "99.900000" : 97792,
            "99.950000" : 111104,
            "99.990000" : 185344
          }
        },
        "lat_ns" : {
          "min" : 3167,
          "max" : 291324,
          "mean" : 4545.581112,
          "stddev" : 5622.744806,
          "N" : 229109
        },
        "bw_min" : 9984,
        "bw_max" : 81792,
        "bw_agg" : 100.000000,
        "bw_mean" : 61154.957983,
        "bw_dev" : 14455.589570,
        "bw_samples" : 119,
        "iops_min" : 624,
        "iops_max" : 5112,
        "iops_mean" : 3822.184874,
        "iops_stddev" : 903.474348,
        "iops_samples" : 119
      },
      "trim" : {
        "io_bytes" : 0,
        "io_kbytes" : 0,
        "bw_bytes" : 0,
        "bw" : 0,
        "iops" : 0.000000,
        "runtime" : 0,
        "total_ios" : 0,
        "short_ios" : 0,
        "drop_ios" : 0,
        "slat_ns" : {
          "min" : 0,
          "max" : 0,
          "mean" : 0.000000,
          "stddev" : 0.000000,
          "N" : 0
        },
        "clat_ns" : {
          "min" : 0,
          "max" : 0,
          "mean" : 0.000000,
          "stddev" : 0.000000,
          "N" : 0
        },
        "lat_ns" : {
          "min" : 0,
          "max" : 0,
          "mean" : 0.000000,
          "stddev" : 0.000000,
          "N" : 0
        },
        "bw_min" : 0,
        "bw_max" : 0,
        "bw_agg" : 0.000000,
        "bw_mean" : 0.000000,
        "bw_dev" : 0.000000,
        "bw_samples" : 0,
        "iops_min" : 0,
        "iops_max" : 0,
        "iops_mean" : 0.000000,
        "iops_stddev" : 0.000000,
        "iops_samples" : 0
      },
      "sync" : {
        "total_ios" : 0,
        "lat_ns" : {
          "min" : 0,
          "max" : 0,
          "mean" : 0.000000,
          "stddev" : 0.000000,
          "N" : 0
        }
      },
      "job_runtime" : 60000,
      "usr_cpu" : 0.738333,
      "sys_cpu" : 10.496667,
      "ctx" : 704614,
      "majf" : 0,
      "minf" : 11,
      "iodepth_level" : {
        "1" : 100.000000,
        "2" : 0.000000,
        "4" : 0.000000,
        "8" : 0.000000,
        "16" : 0.000000,
        "32" : 0.000000,
        ">=64" : 0.000000
      },
      "iodepth_submit" : {
        "0" : 0.000000,
        "4" : 100.000000,
        "8" : 0.000000,
        "16" : 0.000000,
        "32" : 0.000000,
        "64" : 0.000000,
        ">=64" : 0.000000
      },
      "iodepth_complete" : {
        "0" : 0.000000,
        "4" : 100.000000,
        "8" : 0.000000,
        "16" : 0.000000,
        "32" : 0.000000,
        "64" : 0.000000,
        ">=64" : 0.000000
      },
      "latency_ns" : {
        "2" : 0.000000,
        "4" : 0.000000,
        "10" : 0.000000,
        "20" : 0.000000,
        "50" : 0.000000,
        "100" : 0.000000,
        "250" : 0.000000,
        "500" : 0.000000,
        "750" : 0.000000,
        "1000" : 0.000000
      },
      "latency_us" : {
        "2" : 0.000000,
        "4" : 15.606849,
        "10" : 9.320397,
        "20" : 0.034366,
        "50" : 0.055927,
        "100" : 73.736860,
        "250" : 1.196789,
        "500" : 0.036227,
        "750" : 0.010000,
        "1000" : 0.010000
      },
      "latency_ms" : {
        "2" : 0.010000,
        "4" : 0.010000,
        "10" : 0.010000,
        "20" : 0.010000,
        "50" : 0.000000,
        "100" : 0.000000,
        "250" : 0.000000,
        "500" : 0.000000,
        "750" : 0.000000,
        "1000" : 0.000000,
        "2000" : 0.000000,
        ">=2000" : 0.000000
      },
      "latency_depth" : 1,
      "latency_target" : 0,
      "latency_percentile" : 100.000000,
      "latency_window" : 0
    }
  ],
  "disk_util" : [
    {
      "name" : "nvme0n1",
      "read_ios" : 683410,
      "write_ios" : 170296,
      "read_sectors" : 21869120,
      "write_sectors" : 7041104,
      "read_merges" : 0,
      "write_merges" : 20,
      "read_ticks" : 49877,
      "write_ticks" : 31191,
      "in_queue" : 81101,
      "util" : 87.797391
    }
  ]
}
