{
  "fio version" : "fio-3.38",
  "timestamp" : 1729778175,
  "timestamp_ms" : 1729778175364,
  "time" : "Thu Oct 24 15:56:15 2024",
  "jobs" : [
    {
      "jobname" : "output",
      "groupid" : 0,
      "job_start" : 1729778114466,
      "error" : 0,
      "eta" : 0,
      "elapsed" : 61,
      "job options" : {
        "name" : "output",
        "loops" : "5",
        "runtime" : "60",
        "numjobs" : "1",
        "rwmixwrite" : "75.0",
        "bs" : "16k",
        "filesize" : "1G",
        "rw" : "randrw",
        "direct" : "0"
      },
      "read" : {
        "io_bytes" : 6188335104,
        "io_kbytes" : 6043296,
        "bw_bytes" : 101949507,
        "bw" : 99560,
        "iops" : 6222.504119,
        "runtime" : 60700,
        "total_ios" : 377706,
        "short_ios" : 0,
        "drop_ios" : 0,
        "slat_ns" : {
          "min" : 0,
          "max" : 0,
          "mean" : 0.000000,
          "stddev" : 0.000000,
          "N" : 0
        },
        "clat_ns" : {
          "min" : 32167,
          "max" : 18206151,
          "mean" : 104433.627631,
          "stddev" : 384059.128125,
          "N" : 377706,
          "percentile" : {
            "1.000000" : 72192,
            "5.000000" : 73216,
            "10.000000" : 74240,
            "20.000000" : 75264,
            "30.000000" : 77312,
            "40.000000" : 81408,
            "50.000000" : 88576,
            "60.000000" : 89600,
            "70.000000" : 90624,
            "80.000000" : 91648,
            "90.000000" : 94720,
            "95.000000" : 95744,
            "99.000000" : 127488,
            "99.500000" : 173056,
            "99.900000" : 7569408,
            "99.950000" : 9109504,
            "99.990000" : 12910592
          }
        },
        "lat_ns" : {
          "min" : 32197,
          "max" : 18206227,
          "mean" : 104465.598529,
          "stddev" : 384066.568294,
          "N" : 377706
        },
        "bw_min" : 2272,
        "bw_max" : 166784,
        "bw_agg" : 100.000000,
        "bw_mean" : 108885.063063,
        "bw_dev" : 53399.215959,
        "bw_samples" : 111,
        "iops_min" : 142,
        "iops_max" : 10424,
        "iops_mean" : 6805.333333,
        "iops_stddev" : 3337.466838,
        "iops_samples" : 111
      },
      "write" : {
        "io_bytes" : 18507743232,
        "io_kbytes" : 18073968,
        "bw_bytes" : 304905160,
        "bw" : 297758,
        "iops" : 18609.934102,
        "runtime" : 60700,
        "total_ios" : 1129623,
        "short_ios" : 0,
        "drop_ios" : 0,
        "slat_ns" : {
          "min" : 0,
          "max" : 0,
          "mean" : 0.000000,
          "stddev" : 0.000000,
          "N" : 0
        },
        "clat_ns" : {
          "min" : 3020,
          "max" : 369539,
          "mean" : 4302.295946,
          "stddev" : 6083.160347,
          "N" : 1129623,
          "percentile" : {
            "1.000000" : 3280,
            "5.000000" : 3376,
            "10.000000" : 3408,
            "20.000000" : 3472,
            "30.000000" : 3536,
            "40.000000" : 3600,
            "50.000000" : 3696,
            "60.000000" : 3760,
            "70.000000" : 3920,
            "80.000000" : 4256,
            "90.000000" : 5344,
            "95.000000" : 5600,
            "99.000000" : 6624,
            "99.500000" : 20864,
            "99.900000" : 105984,
            "99.950000" : 187392,
            "99.990000" : 195584
          }
        },
        "lat_ns" : {
          "min" : 3082,
          "max" : 369680,
          "mean" : 4372.624460,
          "stddev" : 6090.486583,
          "N" : 1129623
        },
        "bw_min" : 7136,
        "bw_max" : 500480,
        "bw_agg" : 100.000000,
        "bw_mean" : 325648.279279,
        "bw_dev" : 159814.046323,
        "bw_samples" : 111,
        "iops_min" : 446,
        "iops_max" : 31280,
        "iops_mean" : 20353.009009,
        "iops_stddev" : 9988.370070,
        "iops_samples" : 111
      },
      "trim" : {
        "io_bytes" : 0,
        "io_kbytes" : 0,
        "bw_bytes" : 0,
        "bw" : 0,
        "iops" : 0.000000,
        "runtime" : 0,
        "total_ios" : 0,
        "short_ios" : 0,
        "drop_ios" : 0,
        "slat_ns" : {
          "min" : 0,
          "max" : 0,
          "mean" : 0.000000,
          "stddev" : 0.000000,
          "N" : 0
        },
        "clat_ns" : {
          "min" : 0,
          "max" : 0,
          "mean" : 0.000000,
          "stddev" : 0.000000,
          "N" : 0
        },
        "lat_ns" : {
          "min" : 0,
          "max" : 0,
          "mean" : 0.000000,
          "stddev" : 0.000000,
          "N" : 0
        },
        "bw_min" : 0,
        "bw_max" : 0,
        "bw_agg" : 0.000000,
        "bw_mean" : 0.000000,
        "bw_dev" : 0.000000,
        "bw_samples" : 0,
        "iops_min" : 0,
        "iops_max" : 0,
        "iops_mean" : 0.000000,
        "iops_stddev" : 0.000000,
        "iops_samples" : 0
      },
      "sync" : {
        "total_ios" : 0,
        "lat_ns" : {
          "min" : 0,
          "max" : 0,
          "mean" : 0.000000,
          "stddev" : 0.000000,
          "N" : 0
        }
      },
      "job_runtime" : 60699,
      "usr_cpu" : 1.047793,
      "sys_cpu" : 17.873441,
      "ctx" : 398487,
      "majf" : 0,
      "minf" : 10,
      "iodepth_level" : {
        "1" : 100.000000,
        "2" : 0.000000,
        "4" : 0.000000,
        "8" : 0.000000,
        "16" : 0.000000,
        "32" : 0.000000,
        ">=64" : 0.000000
      },
      "iodepth_submit" : {
        "0" : 0.000000,
        "4" : 100.000000,
        "8" : 0.000000,
        "16" : 0.000000,
        "32" : 0.000000,
        "64" : 0.000000,
        ">=64" : 0.000000
      },
      "iodepth_complete" : {
        "0" : 0.000000,
        "4" : 100.000000,
        "8" : 0.000000,
        "16" : 0.000000,
        "32" : 0.000000,
        "64" : 0.000000,
        ">=64" : 0.000000
      },
      "latency_ns" : {
        "2" : 0.000000,
        "4" : 0.000000,
        "10" : 0.000000,
        "20" : 0.000000,
        "50" : 0.000000,
        "100" : 0.000000,
        "250" : 0.000000,
        "500" : 0.000000,
        "750" : 0.000000,
        "1000" : 0.000000
      },
      "latency_us" : {
        "2" : 0.000000,
        "4" : 55.089234,
        "10" : 19.377787,
        "20" : 0.082530,
        "50" : 0.219129,
        "100" : 24.523976,
        "250" : 0.616123,
        "500" : 0.018178,
        "750" : 0.010000,
        "1000" : 0.010000
      },
      "latency_ms" : {
        "2" : 0.010000,
        "4" : 0.010000,
        "10" : 0.050619,
        "20" : 0.010000,
        "50" : 0.000000,
        "100" : 0.000000,
        "250" : 0.000000,
        "500" : 0.000000,
        "750" : 0.000000,
        "1000" : 0.000000,
        "2000" : 0.000000,
        ">=2000" : 0.000000
      },
      "latency_depth" : 1,
      "latency_target" : 0,
      "latency_percentile" : 100.000000,
      "latency_window" : 0
    }
  ],
  "disk_util" : [
    {
      "name" : "nvme0n1",
      "read_ios" : 377706,
      "write_ios" : 330922,
      "read_sectors" : 12086592,
      "write_sectors" : 36148360,
      "read_merges" : 0,
      "write_merges" : 26,
      "read_ticks" : 37069,
      "write_ticks" : 1497780,
      "in_queue" : 1534893,
      "util" : 79.201885
    }
  ]
}
