{
  "fio version" : "fio-3.38",
  "timestamp" : 1729688838,
  "timestamp_ms" : 1729688838244,
  "time" : "Wed Oct 23 15:07:18 2024",
  "jobs" : [
    {
      "jobname" : "output",
      "groupid" : 0,
      "job_start" : 1729688778188,
      "error" : 0,
      "eta" : 0,
      "elapsed" : 61,
      "job options" : {
        "name" : "output",
        "loops" : "5",
        "runtime" : "60",
        "numjobs" : "1",
        "rwmixwrite" : "100.0",
        "bs" : "16k",
        "filesize" : "1G",
        "rw" : "rw",
        "direct" : "0"
      },
      "read" : {
        "io_bytes" : 0,
        "io_kbytes" : 0,
        "bw_bytes" : 0,
        "bw" : 0,
        "iops" : 0.000000,
        "runtime" : 0,
        "total_ios" : 0,
        "short_ios" : 0,
        "drop_ios" : 0,
        "slat_ns" : {
          "min" : 0,
          "max" : 0,
          "mean" : 0.000000,
          "stddev" : 0.000000,
          "N" : 0
        },
        "clat_ns" : {
          "min" : 0,
          "max" : 0,
          "mean" : 0.000000,
          "stddev" : 0.000000,
          "N" : 0
        },
        "lat_ns" : {
          "min" : 0,
          "max" : 0,
          "mean" : 0.000000,
          "stddev" : 0.000000,
          "N" : 0
        },
        "bw_min" : 0,
        "bw_max" : 0,
        "bw_agg" : 0.000000,
        "bw_mean" : 0.000000,
        "bw_dev" : 0.000000,
        "bw_samples" : 0,
        "iops_min" : 0,
        "iops_max" : 0,
        "iops_mean" : 0.000000,
        "iops_stddev" : 0.000000,
        "iops_samples" : 0
      },
      "write" : {
        "io_bytes" : 54549528576,
        "io_kbytes" : 53271024,
        "bw_bytes" : 908931576,
        "bw" : 887628,
        "iops" : 55476.780805,
        "runtime" : 60015,
        "total_ios" : 3329439,
        "short_ios" : 0,
        "drop_ios" : 0,
        "slat_ns" : {
          "min" : 0,
          "max" : 0,
          "mean" : 0.000000,
          "stddev" : 0.000000,
          "N" : 0
        },
        "clat_ns" : {
          "min" : 2041,
          "max" : 469585279,
          "mean" : 10503.377908,
          "stddev" : 395334.659617,
          "N" : 3329439,
          "percentile" : {
            "1.000000" : 2544,
            "5.000000" : 2896,
            "10.000000" : 3376,
            "20.000000" : 4256,
            "30.000000" : 4512,
            "40.000000" : 4768,
            "50.000000" : 5024,
            "60.000000" : 5408,
            "70.000000" : 5856,
            "80.000000" : 6432,
            "90.000000" : 7328,
            "95.000000" : 8512,
            "99.000000" : 20864,
            "99.500000" : 27776,
            "99.900000" : 138240,
            "99.950000" : 856064,
            "99.990000" : 10682368
          }
        },
        "lat_ns" : {
          "min" : 2104,
          "max" : 469585375,
          "mean" : 10604.128276,
          "stddev" : 395335.718149,
          "N" : 3329439
        },
        "bw_min" : 13536,
        "bw_max" : 2097152,
        "bw_agg" : 100.000000,
        "bw_mean" : 1020613.359223,
        "bw_dev" : 508324.686799,
        "bw_samples" : 103,
        "iops_min" : 846,
        "iops_max" : 131072,
        "iops_mean" : 63788.310680,
        "iops_stddev" : 31770.286046,
        "iops_samples" : 103
      },
      "trim" : {
        "io_bytes" : 0,
        "io_kbytes" : 0,
        "bw_bytes" : 0,
        "bw" : 0,
        "iops" : 0.000000,
        "runtime" : 0,
        "total_ios" : 0,
        "short_ios" : 0,
        "drop_ios" : 0,
        "slat_ns" : {
          "min" : 0,
          "max" : 0,
          "mean" : 0.000000,
          "stddev" : 0.000000,
          "N" : 0
        },
        "clat_ns" : {
          "min" : 0,
          "max" : 0,
          "mean" : 0.000000,
          "stddev" : 0.000000,
          "N" : 0
        },
        "lat_ns" : {
          "min" : 0,
          "max" : 0,
          "mean" : 0.000000,
          "stddev" : 0.000000,
          "N" : 0
        },
        "bw_min" : 0,
        "bw_max" : 0,
        "bw_agg" : 0.000000,
        "bw_mean" : 0.000000,
        "bw_dev" : 0.000000,
        "bw_samples" : 0,
        "iops_min" : 0,
        "iops_max" : 0,
        "iops_mean" : 0.000000,
        "iops_stddev" : 0.000000,
        "iops_samples" : 0
      },
      "sync" : {
        "total_ios" : 0,
        "lat_ns" : {
          "min" : 0,
          "max" : 0,
          "mean" : 0.000000,
          "stddev" : 0.000000,
          "N" : 0
        }
      },
      "job_runtime" : 60014,
      "usr_cpu" : 2.917653,
      "sys_cpu" : 39.857367,
      "ctx" : 69073,
      "majf" : 0,
      "minf" : 12,
      "iodepth_level" : {
        "1" : 100.000000,
        "2" : 0.000000,
        "4" : 0.000000,
        "8" : 0.000000,
        "16" : 0.000000,
        "32" : 0.000000,
        ">=64" : 0.000000
      },
      "iodepth_submit" : {
        "0" : 0.000000,
        "4" : 100.000000,
        "8" : 0.000000,
        "16" : 0.000000,
        "32" : 0.000000,
        "64" : 0.000000,
        ">=64" : 0.000000
      },
      "iodepth_complete" : {
        "0" : 0.000000,
        "4" : 100.000000,
        "8" : 0.000000,
        "16" : 0.000000,
        "32" : 0.000000,
        "64" : 0.000000,
        ">=64" : 0.000000
      },
      "latency_ns" : {
        "2" : 0.000000,
        "4" : 0.000000,
        "10" : 0.000000,
        "20" : 0.000000,
        "50" : 0.000000,
        "100" : 0.000000,
        "250" : 0.000000,
        "500" : 0.000000,
        "750" : 0.000000,
        "1000" : 0.000000
      },
      "latency_us" : {
        "2" : 0.000000,
        "4" : 15.165948,
        "10" : 82.274041,
        "20" : 1.489981,
        "50" : 0.869306,
        "100" : 0.054904,
        "250" : 0.080554,
        "500" : 0.010000,
        "750" : 0.010000,
        "1000" : 0.010000
      },
      "latency_ms" : {
        "2" : 0.010000,
        "4" : 0.010000,
        "10" : 0.035922,
        "20" : 0.011443,
        "50" : 0.010000,
        "100" : 0.010000,
        "250" : 0.010000,
        "500" : 0.010000,
        "750" : 0.000000,
        "1000" : 0.000000,
        "2000" : 0.000000,
        ">=2000" : 0.000000
      },
      "latency_depth" : 1,
      "latency_target" : 0,
      "latency_percentile" : 100.000000,
      "latency_window" : 0
    }
  ],
  "disk_util" : [
    {
      "name" : "nvme0n1",
      "read_ios" : 40,
      "write_ios" : 74681,
      "read_sectors" : 4816,
      "write_sectors" : 104811984,
      "read_merges" : 0,
      "write_merges" : 815,
      "read_ticks" : 652,
      "write_ticks" : 27401307,
      "in_queue" : 27403191,
      "util" : 90.818097
    }
  ]
}
