{
  "fio version" : "fio-3.38",
  "timestamp" : 1729688596,
  "timestamp_ms" : 1729688596671,
  "time" : "Wed Oct 23 15:03:16 2024",
  "jobs" : [
    {
      "jobname" : "output",
      "groupid" : 0,
      "job_start" : 1729688536521,
      "error" : 0,
      "eta" : 0,
      "elapsed" : 61,
      "job options" : {
        "name" : "output",
        "loops" : "5",
        "runtime" : "60",
        "numjobs" : "1",
        "rwmixwrite" : "50.0",
        "bs" : "16k",
        "filesize" : "1G",
        "rw" : "rw",
        "direct" : "0"
      },
      "read" : {
        "io_bytes" : 60718317568,
        "io_kbytes" : 59295232,
        "bw_bytes" : 1011955093,
        "bw" : 988237,
        "iops" : 61764.837253,
        "runtime" : 60001,
        "total_ios" : 3705952,
        "short_ios" : 0,
        "drop_ios" : 0,
        "slat_ns" : {
          "min" : 0,
          "max" : 0,
          "mean" : 0.000000,
          "stddev" : 0.000000,
          "N" : 0
        },
        "clat_ns" : {
          "min" : 579,
          "max" : 23386279,
          "mean" : 7634.451775,
          "stddev" : 160739.666472,
          "N" : 3705952,
          "percentile" : {
            "1.000000" : 1416,
            "5.000000" : 1672,
            "10.000000" : 1736,
            "20.000000" : 1800,
            "30.000000" : 1864,
            "40.000000" : 1928,
            "50.000000" : 1992,
            "60.000000" : 2096,
            "70.000000" : 2224,
            "80.000000" : 2384,
            "90.000000" : 3024,
            "95.000000" : 36608,
            "99.000000" : 50944,
            "99.500000" : 79360,
            "99.900000" : 224256,
            "99.950000" : 585728,
            "99.990000" : 9240576
          }
        },
        "lat_ns" : {
          "min" : 600,
          "max" : 23386302,
          "mean" : 7664.902762,
          "stddev" : 160739.919680,
          "N" : 3705952
        },
        "bw_min" : 598176,
        "bw_max" : 1359584,
        "bw_agg" : 99.907270,
        "bw_mean" : 987321.647059,
        "bw_dev" : 213620.582237,
        "bw_samples" : 119,
        "iops_min" : 37386,
        "iops_max" : 84974,
        "iops_mean" : 61707.605042,
        "iops_stddev" : 13351.249424,
        "iops_samples" : 119
      },
      "write" : {
        "io_bytes" : 60689924096,
        "io_kbytes" : 59267504,
        "bw_bytes" : 1011481876,
        "bw" : 987775,
        "iops" : 61735.954401,
        "runtime" : 60001,
        "total_ios" : 3704219,
        "short_ios" : 0,
        "drop_ios" : 0,
        "slat_ns" : {
          "min" : 0,
          "max" : 0,
          "mean" : 0.000000,
          "stddev" : 0.000000,
          "N" : 0
        },
        "clat_ns" : {
          "min" : 1936,
          "max" : 21190473,
          "mean" : 4668.477223,
          "stddev" : 15059.271823,
          "N" : 3704219,
          "percentile" : {
            "1.000000" : 3280,
            "5.000000" : 3440,
            "10.000000" : 3568,
            "20.000000" : 3728,
            "30.000000" : 3888,
            "40.000000" : 4016,
            "50.000000" : 4192,
            "60.000000" : 4384,
            "70.000000" : 4576,
            "80.000000" : 4896,
            "90.000000" : 5728,
            "95.000000" : 7072,
            "99.000000" : 11840,
            "99.500000" : 21376,
            "99.900000" : 34560,
            "99.950000" : 40704,
            "99.990000" : 118272
          }
        },
        "lat_ns" : {
          "min" : 2002,
          "max" : 21190575,
          "mean" : 4740.323394,
          "stddev" : 15062.790946,
          "N" : 3704219
        },
        "bw_min" : 589344,
        "bw_max" : 1369792,
        "bw_agg" : 99.896710,
        "bw_mean" : 986755.865546,
        "bw_dev" : 213562.843697,
        "bw_samples" : 119,
        "iops_min" : 36834,
        "iops_max" : 85612,
        "iops_mean" : 61672.235294,
        "iops_stddev" : 13347.674504,
        "iops_samples" : 119
      },
      "trim" : {
        "io_bytes" : 0,
        "io_kbytes" : 0,
        "bw_bytes" : 0,
        "bw" : 0,
        "iops" : 0.000000,
        "runtime" : 0,
        "total_ios" : 0,
        "short_ios" : 0,
        "drop_ios" : 0,
        "slat_ns" : {
          "min" : 0,
          "max" : 0,
          "mean" : 0.000000,
          "stddev" : 0.000000,
          "N" : 0
        },
        "clat_ns" : {
          "min" : 0,
          "max" : 0,
          "mean" : 0.000000,
          "stddev" : 0.000000,
          "N" : 0
        },
        "lat_ns" : {
          "min" : 0,
          "max" : 0,
          "mean" : 0.000000,
          "stddev" : 0.000000,
          "N" : 0
        },
        "bw_min" : 0,
        "bw_max" : 0,
        "bw_agg" : 0.000000,
        "bw_mean" : 0.000000,
        "bw_dev" : 0.000000,
        "bw_samples" : 0,
        "iops_min" : 0,
        "iops_max" : 0,
        "iops_mean" : 0.000000,
        "iops_stddev" : 0.000000,
        "iops_samples" : 0
      },
      "sync" : {
        "total_ios" : 0,
        "lat_ns" : {
          "min" : 0,
          "max" : 0,
          "mean" : 0.000000,
          "stddev" : 0.000000,
          "N" : 0
        }
      },
      "job_runtime" : 60000,
      "usr_cpu" : 5.913333,
      "sys_cpu" : 68.471667,
      "ctx" : 22528,
      "majf" : 0,
      "minf" : 15,
      "iodepth_level" : {
        "1" : 100.000000,
        "2" : 0.000000,
        "4" : 0.000000,
        "8" : 0.000000,
        "16" : 0.000000,
        "32" : 0.000000,
        ">=64" : 0.000000
      },
      "iodepth_submit" : {
        "0" : 0.000000,
        "4" : 100.000000,
        "8" : 0.000000,
        "16" : 0.000000,
        "32" : 0.000000,
        "64" : 0.000000,
        ">=64" : 0.000000
      },
      "iodepth_complete" : {
        "0" : 0.000000,
        "4" : 100.000000,
        "8" : 0.000000,
        "16" : 0.000000,
        "32" : 0.000000,
        "64" : 0.000000,
        ">=64" : 0.000000
      },
      "latency_ns" : {
        "2" : 0.000000,
        "4" : 0.000000,
        "10" : 0.000000,
        "20" : 0.000000,
        "50" : 0.000000,
        "100" : 0.000000,
        "250" : 0.000000,
        "500" : 0.000000,
        "750" : 0.010000,
        "1000" : 0.108810
      },
      "latency_us" : {
        "2" : 25.003701,
        "4" : 40.200233,
        "10" : 30.749574,
        "20" : 0.519745,
        "50" : 2.885426,
        "100" : 0.351773,
        "250" : 0.135166,
        "500" : 0.011727,
        "750" : 0.010000,
        "1000" : 0.010000
      },
      "latency_ms" : {
        "2" : 0.010000,
        "4" : 0.010000,
        "10" : 0.010000,
        "20" : 0.010000,
        "50" : 0.010000,
        "100" : 0.000000,
        "250" : 0.000000,
        "500" : 0.000000,
        "750" : 0.000000,
        "1000" : 0.000000,
        "2000" : 0.000000,
        ">=2000" : 0.000000
      },
      "latency_depth" : 1,
      "latency_target" : 0,
      "latency_percentile" : 100.000000,
      "latency_window" : 0
    }
  ],
  "disk_util" : [
    {
      "name" : "nvme0n1",
      "read_ios" : 224591,
      "write_ios" : 71274,
      "read_sectors" : 113744496,
      "write_sectors" : 118049416,
      "read_merges" : 0,
      "write_merges" : 411,
      "read_ticks" : 43278,
      "write_ticks" : 1808024,
      "in_queue" : 1851353,
      "util" : 59.600321
    }
  ]
}
