{
  "fio version" : "fio-3.38",
  "timestamp" : 1729688717,
  "timestamp_ms" : 1729688717284,
  "time" : "Wed Oct 23 15:05:17 2024",
  "jobs" : [
    {
      "jobname" : "output",
      "groupid" : 0,
      "job_start" : 1729688657228,
      "error" : 0,
      "eta" : 0,
      "elapsed" : 61,
      "job options" : {
        "name" : "output",
        "loops" : "5",
        "runtime" : "60",
        "numjobs" : "1",
        "rwmixwrite" : "75.0",
        "bs" : "16k",
        "filesize" : "1G",
        "rw" : "rw",
        "direct" : "0"
      },
      "read" : {
        "io_bytes" : 14985052160,
        "io_kbytes" : 14633840,
        "bw_bytes" : 249746706,
        "bw" : 243893,
        "iops" : 15243.329278,
        "runtime" : 60001,
        "total_ios" : 914615,
        "short_ios" : 0,
        "drop_ios" : 0,
        "slat_ns" : {
          "min" : 0,
          "max" : 0,
          "mean" : 0.000000,
          "stddev" : 0.000000,
          "N" : 0
        },
        "clat_ns" : {
          "min" : 604,
          "max" : 777573834,
          "mean" : 20033.411485,
          "stddev" : 2119746.806161,
          "N" : 914615,
          "percentile" : {
            "1.000000" : 1720,
            "5.000000" : 1848,
            "10.000000" : 1912,
            "20.000000" : 2024,
            "30.000000" : 2128,
            "40.000000" : 2192,
            "50.000000" : 2288,
            "60.000000" : 2384,
            "70.000000" : 2480,
            "80.000000" : 2640,
            "90.000000" : 3024,
            "95.000000" : 3664,
            "99.000000" : 38144,
            "99.500000" : 42240,
            "99.900000" : 205824,
            "99.950000" : 3227648,
            "99.990000" : 17956864
          }
        },
        "lat_ns" : {
          "min" : 628,
          "max" : 777574586,
          "mean" : 20071.363291,
          "stddev" : 2119749.033030,
          "N" : 914615
        },
        "bw_min" : 64,
        "bw_max" : 663296,
        "bw_agg" : 100.000000,
        "bw_mean" : 304350.726316,
        "bw_dev" : 185235.538252,
        "bw_samples" : 95,
        "iops_min" : 4,
        "iops_max" : 41456,
        "iops_mean" : 19021.915789,
        "iops_stddev" : 11577.226063,
        "iops_samples" : 95
      },
      "write" : {
        "io_bytes" : 44884230144,
        "io_kbytes" : 43832256,
        "bw_bytes" : 748058034,
        "bw" : 730525,
        "iops" : 45657.839036,
        "runtime" : 60001,
        "total_ios" : 2739516,
        "short_ios" : 0,
        "drop_ios" : 0,
        "slat_ns" : {
          "min" : 0,
          "max" : 0,
          "mean" : 0.000000,
          "stddev" : 0.000000,
          "N" : 0
        },
        "clat_ns" : {
          "min" : 1783,
          "max" : 23200977,
          "mean" : 7076.369609,
          "stddev" : 150943.845806,
          "N" : 2739516,
          "percentile" : {
            "1.000000" : 2480,
            "5.000000" : 2768,
            "10.000000" : 3184,
            "20.000000" : 4192,
            "30.000000" : 4448,
            "40.000000" : 4640,
            "50.000000" : 4832,
            "60.000000" : 5088,
            "70.000000" : 5472,
            "80.000000" : 6304,
            "90.000000" : 7392,
            "95.000000" : 8640,
            "99.000000" : 20864,
            "99.500000" : 26752,
            "99.900000" : 107008,
            "99.950000" : 168960,
            "99.990000" : 10420224
          }
        },
        "lat_ns" : {
          "min" : 1853,
          "max" : 23201055,
          "mean" : 7159.703084,
          "stddev" : 150945.109923,
          "N" : 2739516
        },
        "bw_min" : 32,
        "bw_max" : 1981056,
        "bw_agg" : 100.000000,
        "bw_mean" : 832785.211538,
        "bw_dev" : 590576.437249,
        "bw_samples" : 104,
        "iops_min" : 2,
        "iops_max" : 123816,
        "iops_mean" : 52049.067308,
        "iops_stddev" : 36911.034694,
        "iops_samples" : 104
      },
      "trim" : {
        "io_bytes" : 0,
        "io_kbytes" : 0,
        "bw_bytes" : 0,
        "bw" : 0,
        "iops" : 0.000000,
        "runtime" : 0,
        "total_ios" : 0,
        "short_ios" : 0,
        "drop_ios" : 0,
        "slat_ns" : {
          "min" : 0,
          "max" : 0,
          "mean" : 0.000000,
          "stddev" : 0.000000,
          "N" : 0
        },
        "clat_ns" : {
          "min" : 0,
          "max" : 0,
          "mean" : 0.000000,
          "stddev" : 0.000000,
          "N" : 0
        },
        "lat_ns" : {
          "min" : 0,
          "max" : 0,
          "mean" : 0.000000,
          "stddev" : 0.000000,
          "N" : 0
        },
        "bw_min" : 0,
        "bw_max" : 0,
        "bw_agg" : 0.000000,
        "bw_mean" : 0.000000,
        "bw_dev" : 0.000000,
        "bw_samples" : 0,
        "iops_min" : 0,
        "iops_max" : 0,
        "iops_mean" : 0.000000,
        "iops_stddev" : 0.000000,
        "iops_samples" : 0
      },
      "sync" : {
        "total_ios" : 0,
        "lat_ns" : {
          "min" : 0,
          "max" : 0,
          "mean" : 0.000000,
          "stddev" : 0.000000,
          "N" : 0
        }
      },
      "job_runtime" : 60000,
      "usr_cpu" : 3.015000,
      "sys_cpu" : 40.568333,
      "ctx" : 161961,
      "majf" : 0,
      "minf" : 13,
      "iodepth_level" : {
        "1" : 100.000000,
        "2" : 0.000000,
        "4" : 0.000000,
        "8" : 0.000000,
        "16" : 0.000000,
        "32" : 0.000000,
        ">=64" : 0.000000
      },
      "iodepth_submit" : {
        "0" : 0.000000,
        "4" : 100.000000,
        "8" : 0.000000,
        "16" : 0.000000,
        "32" : 0.000000,
        "64" : 0.000000,
        ">=64" : 0.000000
      },
      "iodepth_complete" : {
        "0" : 0.000000,
        "4" : 100.000000,
        "8" : 0.000000,
        "16" : 0.000000,
        "32" : 0.000000,
        "64" : 0.000000,
        ">=64" : 0.000000
      },
      "latency_ns" : {
        "2" : 0.000000,
        "4" : 0.000000,
        "10" : 0.000000,
        "20" : 0.000000,
        "50" : 0.000000,
        "100" : 0.000000,
        "250" : 0.000000,
        "500" : 0.000000,
        "750" : 0.010000,
        "1000" : 0.010000
      },
      "latency_us" : {
        "2" : 4.397762,
        "4" : 32.771458,
        "10" : 59.674434,
        "20" : 1.850125,
        "50" : 1.079983,
        "100" : 0.098163,
        "250" : 0.090555,
        "500" : 0.010000,
        "750" : 0.010000,
        "1000" : 0.010000
      },
      "latency_ms" : {
        "2" : 0.010000,
        "4" : 0.010000,
        "10" : 0.010000,
        "20" : 0.010000,
        "50" : 0.010000,
        "100" : 0.010000,
        "250" : 0.010000,
        "500" : 0.010000,
        "750" : 0.010000,
        "1000" : 0.010000,
        "2000" : 0.000000,
        ">=2000" : 0.000000
      },
      "latency_depth" : 1,
      "latency_target" : 0,
      "latency_percentile" : 100.000000,
      "latency_window" : 0
    }
  ],
  "disk_util" : [
    {
      "name" : "nvme0n1",
      "read_ios" : 15364,
      "write_ios" : 91159,
      "read_sectors" : 7670064,
      "write_sectors" : 87022408,
      "read_merges" : 0,
      "write_merges" : 213,
      "read_ticks" : 22519,
      "write_ticks" : 8498197,
      "in_queue" : 8521219,
      "util" : 75.603897
    }
  ]
}
