{
  "fio version" : "fio-3.38",
  "timestamp" : 1729689139,
  "timestamp_ms" : 1729689139779,
  "time" : "Wed Oct 23 15:12:19 2024",
  "jobs" : [
    {
      "jobname" : "output",
      "groupid" : 0,
      "job_start" : 1729689079734,
      "error" : 0,
      "eta" : 0,
      "elapsed" : 61,
      "job options" : {
        "name" : "output",
        "loops" : "5",
        "runtime" : "60",
        "numjobs" : "1",
        "rwmixwrite" : "50.0",
        "bs" : "16k",
        "filesize" : "1G",
        "rw" : "randrw",
        "direct" : "0"
      },
      "read" : {
        "io_bytes" : 8613380096,
        "io_kbytes" : 8411504,
        "bw_bytes" : 143553942,
        "bw" : 140189,
        "iops" : 8761.837303,
        "runtime" : 60001,
        "total_ios" : 525719,
        "short_ios" : 0,
        "drop_ios" : 0,
        "slat_ns" : {
          "min" : 0,
          "max" : 0,
          "mean" : 0.000000,
          "stddev" : 0.000000,
          "N" : 0
        },
        "clat_ns" : {
          "min" : 31734,
          "max" : 16503543,
          "mean" : 93357.744575,
          "stddev" : 238897.696862,
          "N" : 525719,
          "percentile" : {
            "1.000000" : 72192,
            "5.000000" : 73216,
            "10.000000" : 74240,
            "20.000000" : 75264,
            "30.000000" : 77312,
            "40.000000" : 79360,
            "50.000000" : 88576,
            "60.000000" : 89600,
            "70.000000" : 91648,
            "80.000000" : 92672,
            "90.000000" : 94720,
            "95.000000" : 97792,
            "99.000000" : 121344,
            "99.500000" : 146432,
            "99.900000" : 4620288,
            "99.950000" : 6389760,
            "99.990000" : 10813440
          }
        },
        "lat_ns" : {
          "min" : 31758,
          "max" : 16504442,
          "mean" : 93389.678235,
          "stddev" : 238904.702036,
          "N" : 525719
        },
        "bw_min" : 416,
        "bw_max" : 178720,
        "bw_agg" : 100.000000,
        "bw_mean" : 141963.932203,
        "bw_dev" : 52524.605900,
        "bw_samples" : 118,
        "iops_min" : 26,
        "iops_max" : 11170,
        "iops_mean" : 8872.745763,
        "iops_stddev" : 3282.787869,
        "iops_samples" : 118
      },
      "write" : {
        "io_bytes" : 8603074560,
        "io_kbytes" : 8401440,
        "bw_bytes" : 143382186,
        "bw" : 140021,
        "iops" : 8751.354144,
        "runtime" : 60001,
        "total_ios" : 525090,
        "short_ios" : 0,
        "drop_ios" : 0,
        "slat_ns" : {
          "min" : 0,
          "max" : 0,
          "mean" : 0.000000,
          "stddev" : 0.000000,
          "N" : 0
        },
        "clat_ns" : {
          "min" : 3891,
          "max" : 337247,
          "mean" : 6228.998235,
          "stddev" : 5839.336004,
          "N" : 525090,
          "percentile" : {
            "1.000000" : 4256,
            "5.000000" : 4448,
            "10.000000" : 4576,
            "20.000000" : 4768,
            "30.000000" : 4896,
            "40.000000" : 5088,
            "50.000000" : 5280,
            "60.000000" : 5600,
            "70.000000" : 6368,
            "80.000000" : 6752,
            "90.000000" : 7392,
            "95.000000" : 8640,
            "99.000000" : 23424,
            "99.500000" : 34048,
            "99.900000" : 101888,
            "99.950000" : 110080,
            "99.990000" : 203776
          }
        },
        "lat_ns" : {
          "min" : 3942,
          "max" : 337323,
          "mean" : 6305.355520,
          "stddev" : 5853.924996,
          "N" : 525090
        },
        "bw_min" : 320,
        "bw_max" : 180000,
        "bw_agg" : 100.000000,
        "bw_mean" : 141775.728814,
        "bw_dev" : 52251.532670,
        "bw_samples" : 118,
        "iops_min" : 20,
        "iops_max" : 11250,
        "iops_mean" : 8860.983051,
        "iops_stddev" : 3265.720792,
        "iops_samples" : 118
      },
      "trim" : {
        "io_bytes" : 0,
        "io_kbytes" : 0,
        "bw_bytes" : 0,
        "bw" : 0,
        "iops" : 0.000000,
        "runtime" : 0,
        "total_ios" : 0,
        "short_ios" : 0,
        "drop_ios" : 0,
        "slat_ns" : {
          "min" : 0,
          "max" : 0,
          "mean" : 0.000000,
          "stddev" : 0.000000,
          "N" : 0
        },
        "clat_ns" : {
          "min" : 0,
          "max" : 0,
          "mean" : 0.000000,
          "stddev" : 0.000000,
          "N" : 0
        },
        "lat_ns" : {
          "min" : 0,
          "max" : 0,
          "mean" : 0.000000,
          "stddev" : 0.000000,
          "N" : 0
        },
        "bw_min" : 0,
        "bw_max" : 0,
        "bw_agg" : 0.000000,
        "bw_mean" : 0.000000,
        "bw_dev" : 0.000000,
        "bw_samples" : 0,
        "iops_min" : 0,
        "iops_max" : 0,
        "iops_mean" : 0.000000,
        "iops_stddev" : 0.000000,
        "iops_samples" : 0
      },
      "sync" : {
        "total_ios" : 0,
        "lat_ns" : {
          "min" : 0,
          "max" : 0,
          "mean" : 0.000000,
          "stddev" : 0.000000,
          "N" : 0
        }
      },
      "job_runtime" : 60000,
      "usr_cpu" : 1.198333,
      "sys_cpu" : 14.558333,
      "ctx" : 530919,
      "majf" : 0,
      "minf" : 10,
      "iodepth_level" : {
        "1" : 100.000000,
        "2" : 0.000000,
        "4" : 0.000000,
        "8" : 0.000000,
        "16" : 0.000000,
        "32" : 0.000000,
        ">=64" : 0.000000
      },
      "iodepth_submit" : {
        "0" : 0.000000,
        "4" : 100.000000,
        "8" : 0.000000,
        "16" : 0.000000,
        "32" : 0.000000,
        "64" : 0.000000,
        ">=64" : 0.000000
      },
      "iodepth_complete" : {
        "0" : 0.000000,
        "4" : 100.000000,
        "8" : 0.000000,
        "16" : 0.000000,
        "32" : 0.000000,
        "64" : 0.000000,
        ">=64" : 0.000000
      },
      "latency_ns" : {
        "2" : 0.000000,
        "4" : 0.000000,
        "10" : 0.000000,
        "20" : 0.000000,
        "50" : 0.000000,
        "100" : 0.000000,
        "250" : 0.000000,
        "500" : 0.000000,
        "750" : 0.000000,
        "1000" : 0.000000
      },
      "latency_us" : {
        "2" : 0.000000,
        "4" : 0.010000,
        "10" : 48.438298,
        "20" : 0.898926,
        "50" : 0.518077,
        "100" : 48.247683,
        "250" : 1.810986,
        "500" : 0.021222,
        "750" : 0.010000,
        "1000" : 0.010000
      },
      "latency_ms" : {
        "2" : 0.010000,
        "4" : 0.010000,
        "10" : 0.047868,
        "20" : 0.010000,
        "50" : 0.000000,
        "100" : 0.000000,
        "250" : 0.000000,
        "500" : 0.000000,
        "750" : 0.000000,
        "1000" : 0.000000,
        "2000" : 0.000000,
        ">=2000" : 0.000000
      },
      "latency_depth" : 1,
      "latency_target" : 0,
      "latency_percentile" : 100.000000,
      "latency_window" : 0
    }
  ],
  "disk_util" : [
    {
      "name" : "nvme0n1",
      "read_ios" : 524649,
      "write_ios" : 281139,
      "read_sectors" : 16789168,
      "write_sectors" : 17419936,
      "read_merges" : 0,
      "write_merges" : 67,
      "read_ticks" : 45380,
      "write_ticks" : 741882,
      "in_queue" : 787324,
      "util" : 81.656242
    }
  ]
}
