{
  "fio version" : "fio-3.38",
  "timestamp" : 1729688958,
  "timestamp_ms" : 1729688958872,
  "time" : "Wed Oct 23 15:09:18 2024",
  "jobs" : [
    {
      "jobname" : "output",
      "groupid" : 0,
      "job_start" : 1729688898813,
      "error" : 0,
      "eta" : 0,
      "elapsed" : 61,
      "job options" : {
        "name" : "output",
        "loops" : "5",
        "runtime" : "60",
        "numjobs" : "1",
        "rwmixwrite" : "12.5",
        "bs" : "16k",
        "filesize" : "1G",
        "rw" : "randrw",
        "direct" : "0"
      },
      "read" : {
        "io_bytes" : 11459264512,
        "io_kbytes" : 11190688,
        "bw_bytes" : 190984558,
        "bw" : 186508,
        "iops" : 11656.772387,
        "runtime" : 60001,
        "total_ios" : 699418,
        "short_ios" : 0,
        "drop_ios" : 0,
        "slat_ns" : {
          "min" : 0,
          "max" : 0,
          "mean" : 0.000000,
          "stddev" : 0.000000,
          "N" : 0
        },
        "clat_ns" : {
          "min" : 1873,
          "max" : 39143913,
          "mean" : 81344.661737,
          "stddev" : 73488.034285,
          "N" : 699418,
          "percentile" : {
            "1.000000" : 53504,
            "5.000000" : 54528,
            "10.000000" : 57088,
            "20.000000" : 73216,
            "30.000000" : 74240,
            "40.000000" : 76288,
            "50.000000" : 80384,
            "60.000000" : 88576,
            "70.000000" : 89600,
            "80.000000" : 90624,
            "90.000000" : 92672,
            "95.000000" : 95744,
            "99.000000" : 119296,
            "99.500000" : 136192,
            "99.900000" : 187392,
            "99.950000" : 250880,
            "99.990000" : 1581056
          }
        },
        "lat_ns" : {
          "min" : 1904,
          "max" : 39144143,
          "mean" : 81386.486339,
          "stddev" : 73490.373942,
          "N" : 699418
        },
        "bw_min" : 96192,
        "bw_max" : 205824,
        "bw_agg" : 100.000000,
        "bw_mean" : 186606.789916,
        "bw_dev" : 24109.598266,
        "bw_samples" : 119,
        "iops_min" : 6012,
        "iops_max" : 12864,
        "iops_mean" : 11662.924370,
        "iops_stddev" : 1506.849892,
        "iops_samples" : 119
      },
      "write" : {
        "io_bytes" : 1570013184,
        "io_kbytes" : 1533216,
        "bw_bytes" : 26166450,
        "bw" : 25553,
        "iops" : 1597.073382,
        "runtime" : 60001,
        "total_ios" : 95826,
        "short_ios" : 0,
        "drop_ios" : 0,
        "slat_ns" : {
          "min" : 0,
          "max" : 0,
          "mean" : 0.000000,
          "stddev" : 0.000000,
          "N" : 0
        },
        "clat_ns" : {
          "min" : 3977,
          "max" : 234632,
          "mean" : 6518.631207,
          "stddev" : 5450.252251,
          "N" : 95826,
          "percentile" : {
            "1.000000" : 4384,
            "5.000000" : 4640,
            "10.000000" : 4768,
            "20.000000" : 5024,
            "30.000000" : 5216,
            "40.000000" : 5472,
            "50.000000" : 5728,
            "60.000000" : 6112,
            "70.000000" : 6624,
            "80.000000" : 7008,
            "90.000000" : 7712,
            "95.000000" : 8768,
            "99.000000" : 23680,
            "99.500000" : 36096,
            "99.900000" : 90624,
            "99.950000" : 99840,
            "99.990000" : 185344
          }
        },
        "lat_ns" : {
          "min" : 4055,
          "max" : 234771,
          "mean" : 6620.351262,
          "stddev" : 5470.693794,
          "N" : 95826
        },
        "bw_min" : 13536,
        "bw_max" : 29728,
        "bw_agg" : 100.000000,
        "bw_mean" : 25570.689076,
        "bw_dev" : 3459.492472,
        "bw_samples" : 119,
        "iops_min" : 846,
        "iops_max" : 1858,
        "iops_mean" : 1598.168067,
        "iops_stddev" : 216.218280,
        "iops_samples" : 119
      },
      "trim" : {
        "io_bytes" : 0,
        "io_kbytes" : 0,
        "bw_bytes" : 0,
        "bw" : 0,
        "iops" : 0.000000,
        "runtime" : 0,
        "total_ios" : 0,
        "short_ios" : 0,
        "drop_ios" : 0,
        "slat_ns" : {
          "min" : 0,
          "max" : 0,
          "mean" : 0.000000,
          "stddev" : 0.000000,
          "N" : 0
        },
        "clat_ns" : {
          "min" : 0,
          "max" : 0,
          "mean" : 0.000000,
          "stddev" : 0.000000,
          "N" : 0
        },
        "lat_ns" : {
          "min" : 0,
          "max" : 0,
          "mean" : 0.000000,
          "stddev" : 0.000000,
          "N" : 0
        },
        "bw_min" : 0,
        "bw_max" : 0,
        "bw_agg" : 0.000000,
        "bw_mean" : 0.000000,
        "bw_dev" : 0.000000,
        "bw_samples" : 0,
        "iops_min" : 0,
        "iops_max" : 0,
        "iops_mean" : 0.000000,
        "iops_stddev" : 0.000000,
        "iops_samples" : 0
      },
      "sync" : {
        "total_ios" : 0,
        "lat_ns" : {
          "min" : 0,
          "max" : 0,
          "mean" : 0.000000,
          "stddev" : 0.000000,
          "N" : 0
        }
      },
      "job_runtime" : 60000,
      "usr_cpu" : 0.853333,
      "sys_cpu" : 9.678333,
      "ctx" : 715545,
      "majf" : 0,
      "minf" : 10,
      "iodepth_level" : {
        "1" : 100.000000,
        "2" : 0.000000,
        "4" : 0.000000,
        "8" : 0.000000,
        "16" : 0.000000,
        "32" : 0.000000,
        ">=64" : 0.000000
      },
      "iodepth_submit" : {
        "0" : 0.000000,
        "4" : 100.000000,
        "8" : 0.000000,
        "16" : 0.000000,
        "32" : 0.000000,
        "64" : 0.000000,
        ">=64" : 0.000000
      },
      "iodepth_complete" : {
        "0" : 0.000000,
        "4" : 100.000000,
        "8" : 0.000000,
        "16" : 0.000000,
        "32" : 0.000000,
        "64" : 0.000000,
        ">=64" : 0.000000
      },
      "latency_ns" : {
        "2" : 0.000000,
        "4" : 0.000000,
        "10" : 0.000000,
        "20" : 0.000000,
        "50" : 0.000000,
        "100" : 0.000000,
        "250" : 0.000000,
        "500" : 0.000000,
        "750" : 0.000000,
        "1000" : 0.000000
      },
      "latency_us" : {
        "2" : 0.010000,
        "4" : 0.010000,
        "10" : 11.726715,
        "20" : 0.184094,
        "50" : 0.107640,
        "100" : 85.400330,
        "250" : 2.533436,
        "500" : 0.033197,
        "750" : 0.010000,
        "1000" : 0.010000
      },
      "latency_ms" : {
        "2" : 0.010000,
        "4" : 0.010000,
        "10" : 0.010000,
        "20" : 0.010000,
        "50" : 0.010000,
        "100" : 0.000000,
        "250" : 0.000000,
        "500" : 0.000000,
        "750" : 0.000000,
        "1000" : 0.000000,
        "2000" : 0.000000,
        ">=2000" : 0.000000
      },
      "latency_depth" : 1,
      "latency_target" : 0,
      "latency_percentile" : 100.000000,
      "latency_window" : 0
    }
  ],
  "disk_util" : [
    {
      "name" : "nvme0n1",
      "read_ios" : 698578,
      "write_ios" : 85468,
      "read_sectors" : 22428688,
      "write_sectors" : 3234736,
      "read_merges" : 0,
      "write_merges" : 54,
      "read_ticks" : 52429,
      "write_ticks" : 8255,
      "in_queue" : 60766,
      "util" : 87.814684
    }
  ]
}
