{
  "fio version" : "fio-3.38",
  "timestamp" : 1729689019,
  "timestamp_ms" : 1729689019182,
  "time" : "Wed Oct 23 15:10:19 2024",
  "jobs" : [
    {
      "jobname" : "output",
      "groupid" : 0,
      "job_start" : 1729688959122,
      "error" : 0,
      "eta" : 0,
      "elapsed" : 61,
      "job options" : {
        "name" : "output",
        "loops" : "5",
        "runtime" : "60",
        "numjobs" : "1",
        "rwmixwrite" : "25.0",
        "bs" : "16k",
        "filesize" : "1G",
        "rw" : "randrw",
        "direct" : "0"
      },
      "read" : {
        "io_bytes" : 10524540928,
        "io_kbytes" : 10277872,
        "bw_bytes" : 175406092,
        "bw" : 171295,
        "iops" : 10705.938234,
        "runtime" : 60001,
        "total_ios" : 642367,
        "short_ios" : 0,
        "drop_ios" : 0,
        "slat_ns" : {
          "min" : 0,
          "max" : 0,
          "mean" : 0.000000,
          "stddev" : 0.000000,
          "N" : 0
        },
        "clat_ns" : {
          "min" : 31628,
          "max" : 19939333,
          "mean" : 83763.756258,
          "stddev" : 75732.168083,
          "N" : 642367,
          "percentile" : {
            "1.000000" : 55040,
            "5.000000" : 72192,
            "10.000000" : 72192,
            "20.000000" : 74240,
            "30.000000" : 75264,
            "40.000000" : 76288,
            "50.000000" : 81408,
            "60.000000" : 88576,
            "70.000000" : 89600,
            "80.000000" : 90624,
            "90.000000" : 92672,
            "95.000000" : 95744,
            "99.000000" : 117248,
            "99.500000" : 132096,
            "99.900000" : 183296,
            "99.950000" : 252928,
            "99.990000" : 3981312
          }
        },
        "lat_ns" : {
          "min" : 31663,
          "max" : 19939515,
          "mean" : 83801.260334,
          "stddev" : 75734.676987,
          "N" : 642367
        },
        "bw_min" : 42112,
        "bw_max" : 195264,
        "bw_agg" : 100.000000,
        "bw_mean" : 171597.319328,
        "bw_dev" : 36881.241831,
        "bw_samples" : 119,
        "iops_min" : 2632,
        "iops_max" : 12204,
        "iops_mean" : 10724.831933,
        "iops_stddev" : 2305.077444,
        "iops_samples" : 119
      },
      "write" : {
        "io_bytes" : 3526475776,
        "io_kbytes" : 3443824,
        "bw_bytes" : 58773616,
        "bw" : 57396,
        "iops" : 3587.256879,
        "runtime" : 60001,
        "total_ios" : 215239,
        "short_ios" : 0,
        "drop_ios" : 0,
        "slat_ns" : {
          "min" : 0,
          "max" : 0,
          "mean" : 0.000000,
          "stddev" : 0.000000,
          "N" : 0
        },
        "clat_ns" : {
          "min" : 3947,
          "max" : 302019,
          "mean" : 6536.123072,
          "stddev" : 5491.630826,
          "N" : 215239,
          "percentile" : {
            "1.000000" : 4320,
            "5.000000" : 4512,
            "10.000000" : 4704,
            "20.000000" : 4960,
            "30.000000" : 5152,
            "40.000000" : 5408,
            "50.000000" : 5728,
            "60.000000" : 6368,
            "70.000000" : 6688,
            "80.000000" : 7072,
            "90.000000" : 7776,
            "95.000000" : 8896,
            "99.000000" : 23936,
            "99.500000" : 34560,
            "99.900000" : 97792,
            "99.950000" : 102912,
            "99.990000" : 187392
          }
        },
        "lat_ns" : {
          "min" : 4016,
          "max" : 302124,
          "mean" : 6630.944885,
          "stddev" : 5511.389731,
          "N" : 215239
        },
        "bw_min" : 13696,
        "bw_max" : 67744,
        "bw_agg" : 100.000000,
        "bw_mean" : 57499.168067,
        "bw_dev" : 12434.997187,
        "bw_samples" : 119,
        "iops_min" : 856,
        "iops_max" : 4234,
        "iops_mean" : 3593.697479,
        "iops_stddev" : 777.187090,
        "iops_samples" : 119
      },
      "trim" : {
        "io_bytes" : 0,
        "io_kbytes" : 0,
        "bw_bytes" : 0,
        "bw" : 0,
        "iops" : 0.000000,
        "runtime" : 0,
        "total_ios" : 0,
        "short_ios" : 0,
        "drop_ios" : 0,
        "slat_ns" : {
          "min" : 0,
          "max" : 0,
          "mean" : 0.000000,
          "stddev" : 0.000000,
          "N" : 0
        },
        "clat_ns" : {
          "min" : 0,
          "max" : 0,
          "mean" : 0.000000,
          "stddev" : 0.000000,
          "N" : 0
        },
        "lat_ns" : {
          "min" : 0,
          "max" : 0,
          "mean" : 0.000000,
          "stddev" : 0.000000,
          "N" : 0
        },
        "bw_min" : 0,
        "bw_max" : 0,
        "bw_agg" : 0.000000,
        "bw_mean" : 0.000000,
        "bw_dev" : 0.000000,
        "bw_samples" : 0,
        "iops_min" : 0,
        "iops_max" : 0,
        "iops_mean" : 0.000000,
        "iops_stddev" : 0.000000,
        "iops_samples" : 0
      },
      "sync" : {
        "total_ios" : 0,
        "lat_ns" : {
          "min" : 0,
          "max" : 0,
          "mean" : 0.000000,
          "stddev" : 0.000000,
          "N" : 0
        }
      },
      "job_runtime" : 60000,
      "usr_cpu" : 0.833333,
      "sys_cpu" : 11.246667,
      "ctx" : 659641,
      "majf" : 0,
      "minf" : 10,
      "iodepth_level" : {
        "1" : 100.000000,
        "2" : 0.000000,
        "4" : 0.000000,
        "8" : 0.000000,
        "16" : 0.000000,
        "32" : 0.000000,
        ">=64" : 0.000000
      },
      "iodepth_submit" : {
        "0" : 0.000000,
        "4" : 100.000000,
        "8" : 0.000000,
        "16" : 0.000000,
        "32" : 0.000000,
        "64" : 0.000000,
        ">=64" : 0.000000
      },
      "iodepth_complete" : {
        "0" : 0.000000,
        "4" : 100.000000,
        "8" : 0.000000,
        "16" : 0.000000,
        "32" : 0.000000,
        "64" : 0.000000,
        ">=64" : 0.000000
      },
      "latency_ns" : {
        "2" : 0.000000,
        "4" : 0.000000,
        "10" : 0.000000,
        "20" : 0.000000,
        "50" : 0.000000,
        "100" : 0.000000,
        "250" : 0.000000,
        "500" : 0.000000,
        "750" : 0.000000,
        "1000" : 0.000000
      },
      "latency_us" : {
        "2" : 0.000000,
        "4" : 0.010000,
        "10" : 24.363636,
        "20" : 0.428518,
        "50" : 0.253963,
        "100" : 72.712877,
        "250" : 2.201477,
        "500" : 0.025536,
        "750" : 0.010000,
        "1000" : 0.010000
      },
      "latency_ms" : {
        "2" : 0.010000,
        "4" : 0.010000,
        "10" : 0.010000,
        "20" : 0.010000,
        "50" : 0.000000,
        "100" : 0.000000,
        "250" : 0.000000,
        "500" : 0.000000,
        "750" : 0.000000,
        "1000" : 0.000000,
        "2000" : 0.000000,
        ">=2000" : 0.000000
      },
      "latency_depth" : 1,
      "latency_target" : 0,
      "latency_percentile" : 100.000000,
      "latency_window" : 0
    }
  ],
  "disk_util" : [
    {
      "name" : "nvme0n1",
      "read_ios" : 641197,
      "write_ios" : 166083,
      "read_sectors" : 20519352,
      "write_sectors" : 6974320,
      "read_merges" : 0,
      "write_merges" : 53,
      "read_ticks" : 49473,
      "write_ticks" : 41399,
      "in_queue" : 90943,
      "util" : 85.929497
    }
  ]
}
