{
  "fio version" : "fio-3.38",
  "timestamp" : 1729689260,
  "timestamp_ms" : 1729689260985,
  "time" : "Wed Oct 23 15:14:20 2024",
  "jobs" : [
    {
      "jobname" : "output",
      "groupid" : 0,
      "job_start" : 1729689200836,
      "error" : 0,
      "eta" : 0,
      "elapsed" : 61,
      "job options" : {
        "name" : "output",
        "loops" : "5",
        "runtime" : "60",
        "numjobs" : "1",
        "rwmixwrite" : "75.0",
        "bs" : "16k",
        "filesize" : "1G",
        "rw" : "randrw",
        "direct" : "0"
      },
      "read" : {
        "io_bytes" : 5645172736,
        "io_kbytes" : 5512864,
        "bw_bytes" : 93965623,
        "bw" : 91763,
        "iops" : 5735.206485,
        "runtime" : 60077,
        "total_ios" : 344554,
        "short_ios" : 0,
        "drop_ios" : 0,
        "slat_ns" : {
          "min" : 0,
          "max" : 0,
          "mean" : 0.000000,
          "stddev" : 0.000000,
          "N" : 0
        },
        "clat_ns" : {
          "min" : 70125,
          "max" : 37665386,
          "mean" : 117757.534160,
          "stddev" : 478615.472843,
          "N" : 344554,
          "percentile" : {
            "1.000000" : 73216,
            "5.000000" : 74240,
            "10.000000" : 75264,
            "20.000000" : 76288,
            "30.000000" : 77312,
            "40.000000" : 81408,
            "50.000000" : 89600,
            "60.000000" : 90624,
            "70.000000" : 91648,
            "80.000000" : 93696,
            "90.000000" : 97792,
            "95.000000" : 108032,
            "99.000000" : 201728,
            "99.500000" : 403456,
            "99.900000" : 8355840,
            "99.950000" : 9633792,
            "99.990000" : 12124160
          }
        },
        "lat_ns" : {
          "min" : 70149,
          "max" : 37665633,
          "mean" : 117796.910603,
          "stddev" : 478625.431063,
          "N" : 344554
        },
        "bw_min" : 992,
        "bw_max" : 158688,
        "bw_agg" : 100.000000,
        "bw_mean" : 94236.991453,
        "bw_dev" : 42698.256325,
        "bw_samples" : 117,
        "iops_min" : 62,
        "iops_max" : 9918,
        "iops_mean" : 5889.811966,
        "iops_stddev" : 2668.641020,
        "iops_samples" : 117
      },
      "write" : {
        "io_bytes" : 16903421952,
        "io_kbytes" : 16507248,
        "bw_bytes" : 281362617,
        "bw" : 274768,
        "iops" : 17173.011302,
        "runtime" : 60077,
        "total_ios" : 1031703,
        "short_ios" : 0,
        "drop_ios" : 0,
        "slat_ns" : {
          "min" : 0,
          "max" : 0,
          "mean" : 0.000000,
          "stddev" : 0.000000,
          "N" : 0
        },
        "clat_ns" : {
          "min" : 3849,
          "max" : 1203294,
          "mean" : 6901.013612,
          "stddev" : 8272.131950,
          "N" : 1031703,
          "percentile" : {
            "1.000000" : 4256,
            "5.000000" : 4448,
            "10.000000" : 4576,
            "20.000000" : 4768,
            "30.000000" : 4960,
            "40.000000" : 5216,
            "50.000000" : 5472,
            "60.000000" : 5920,
            "70.000000" : 6560,
            "80.000000" : 7136,
            "90.000000" : 8896,
            "95.000000" : 12096,
            "99.000000" : 27520,
            "99.500000" : 40704,
            "99.900000" : 112128,
            "99.950000" : 193536,
            "99.990000" : 268288
          }
        },
        "lat_ns" : {
          "min" : 3960,
          "max" : 1203424,
          "mean" : 6992.406202,
          "stddev" : 8303.497515,
          "N" : 1031703
        },
        "bw_min" : 2496,
        "bw_max" : 490784,
        "bw_agg" : 100.000000,
        "bw_mean" : 282174.905983,
        "bw_dev" : 127964.868622,
        "bw_samples" : 117,
        "iops_min" : 156,
        "iops_max" : 30674,
        "iops_mean" : 17635.931624,
        "iops_stddev" : 7997.807479,
        "iops_samples" : 117
      },
      "trim" : {
        "io_bytes" : 0,
        "io_kbytes" : 0,
        "bw_bytes" : 0,
        "bw" : 0,
        "iops" : 0.000000,
        "runtime" : 0,
        "total_ios" : 0,
        "short_ios" : 0,
        "drop_ios" : 0,
        "slat_ns" : {
          "min" : 0,
          "max" : 0,
          "mean" : 0.000000,
          "stddev" : 0.000000,
          "N" : 0
        },
        "clat_ns" : {
          "min" : 0,
          "max" : 0,
          "mean" : 0.000000,
          "stddev" : 0.000000,
          "N" : 0
        },
        "lat_ns" : {
          "min" : 0,
          "max" : 0,
          "mean" : 0.000000,
          "stddev" : 0.000000,
          "N" : 0
        },
        "bw_min" : 0,
        "bw_max" : 0,
        "bw_agg" : 0.000000,
        "bw_mean" : 0.000000,
        "bw_dev" : 0.000000,
        "bw_samples" : 0,
        "iops_min" : 0,
        "iops_max" : 0,
        "iops_mean" : 0.000000,
        "iops_stddev" : 0.000000,
        "iops_samples" : 0
      },
      "sync" : {
        "total_ios" : 0,
        "lat_ns" : {
          "min" : 0,
          "max" : 0,
          "mean" : 0.000000,
          "stddev" : 0.000000,
          "N" : 0
        }
      },
      "job_runtime" : 60076,
      "usr_cpu" : 1.479792,
      "sys_cpu" : 22.271789,
      "ctx" : 366609,
      "majf" : 0,
      "minf" : 10,
      "iodepth_level" : {
        "1" : 100.000000,
        "2" : 0.000000,
        "4" : 0.000000,
        "8" : 0.000000,
        "16" : 0.000000,
        "32" : 0.000000,
        ">=64" : 0.000000
      },
      "iodepth_submit" : {
        "0" : 0.000000,
        "4" : 100.000000,
        "8" : 0.000000,
        "16" : 0.000000,
        "32" : 0.000000,
        "64" : 0.000000,
        ">=64" : 0.000000
      },
      "iodepth_complete" : {
        "0" : 0.000000,
        "4" : 100.000000,
        "8" : 0.000000,
        "16" : 0.000000,
        "32" : 0.000000,
        "64" : 0.000000,
        ">=64" : 0.000000
      },
      "latency_ns" : {
        "2" : 0.000000,
        "4" : 0.000000,
        "10" : 0.000000,
        "20" : 0.000000,
        "50" : 0.000000,
        "100" : 0.000000,
        "250" : 0.000000,
        "500" : 0.000000,
        "750" : 0.000000,
        "1000" : 0.000000
      },
      "latency_us" : {
        "2" : 0.000000,
        "4" : 0.010000,
        "10" : 69.245715,
        "20" : 4.252549,
        "50" : 1.168532,
        "100" : 23.165949,
        "250" : 1.969327,
        "500" : 0.074041,
        "750" : 0.010000,
        "1000" : 0.010000
      },
      "latency_ms" : {
        "2" : 0.010000,
        "4" : 0.011553,
        "10" : 0.087338,
        "20" : 0.010000,
        "50" : 0.010000,
        "100" : 0.000000,
        "250" : 0.000000,
        "500" : 0.000000,
        "750" : 0.000000,
        "1000" : 0.000000,
        "2000" : 0.000000,
        ">=2000" : 0.000000
      },
      "latency_depth" : 1,
      "latency_target" : 0,
      "latency_percentile" : 100.000000,
      "latency_window" : 0
    }
  ],
  "disk_util" : [
    {
      "name" : "nvme0n1",
      "read_ios" : 349923,
      "write_ios" : 392807,
      "read_sectors" : 12219824,
      "write_sectors" : 33609208,
      "read_merges" : 101,
      "write_merges" : 722,
      "read_ticks" : 41413,
      "write_ticks" : 1459337,
      "in_queue" : 1500991,
      "util" : 72.299224
    }
  ]
}
