{
  "fio version" : "fio-3.38",
  "timestamp" : 1729689200,
  "timestamp_ms" : 1729689200578,
  "time" : "Wed Oct 23 15:13:20 2024",
  "jobs" : [
    {
      "jobname" : "output",
      "groupid" : 0,
      "job_start" : 1729689140034,
      "error" : 0,
      "eta" : 0,
      "elapsed" : 61,
      "job options" : {
        "name" : "output",
        "loops" : "5",
        "runtime" : "60",
        "numjobs" : "1",
        "rwmixwrite" : "62.5",
        "bs" : "16k",
        "filesize" : "1G",
        "rw" : "randrw",
        "direct" : "0"
      },
      "read" : {
        "io_bytes" : 7348011008,
        "io_kbytes" : 7175792,
        "bw_bytes" : 121587368,
        "bw" : 118737,
        "iops" : 7421.104014,
        "runtime" : 60434,
        "total_ios" : 448487,
        "short_ios" : 0,
        "drop_ios" : 0,
        "slat_ns" : {
          "min" : 0,
          "max" : 0,
          "mean" : 0.000000,
          "stddev" : 0.000000,
          "N" : 0
        },
        "clat_ns" : {
          "min" : 31383,
          "max" : 30028432,
          "mean" : 102405.467572,
          "stddev" : 330955.005948,
          "N" : 448487,
          "percentile" : {
            "1.000000" : 73216,
            "5.000000" : 74240,
            "10.000000" : 75264,
            "20.000000" : 76288,
            "30.000000" : 78336,
            "40.000000" : 86528,
            "50.000000" : 89600,
            "60.000000" : 90624,
            "70.000000" : 92672,
            "80.000000" : 93696,
            "90.000000" : 96768,
            "95.000000" : 100864,
            "99.000000" : 146432,
            "99.500000" : 195584,
            "99.900000" : 6520832,
            "99.950000" : 8159232,
            "99.990000" : 11337728
          }
        },
        "lat_ns" : {
          "min" : 31424,
          "max" : 30028598,
          "mean" : 102451.995737,
          "stddev" : 330963.515290,
          "N" : 448487
        },
        "bw_min" : 7392,
        "bw_max" : 171840,
        "bw_agg" : 100.000000,
        "bw_mean" : 120601.546218,
        "bw_dev" : 45846.004106,
        "bw_samples" : 119,
        "iops_min" : 462,
        "iops_max" : 10740,
        "iops_mean" : 7537.596639,
        "iops_stddev" : 2865.375257,
        "iops_samples" : 119
      },
      "write" : {
        "io_bytes" : 11979358208,
        "io_kbytes" : 11698592,
        "bw_bytes" : 198222163,
        "bw" : 193576,
        "iops" : 12098.520700,
        "runtime" : 60434,
        "total_ios" : 731162,
        "short_ios" : 0,
        "drop_ios" : 0,
        "slat_ns" : {
          "min" : 0,
          "max" : 0,
          "mean" : 0.000000,
          "stddev" : 0.000000,
          "N" : 0
        },
        "clat_ns" : {
          "min" : 3941,
          "max" : 297766,
          "mean" : 6669.830278,
          "stddev" : 6024.112121,
          "N" : 731162,
          "percentile" : {
            "1.000000" : 4320,
            "5.000000" : 4512,
            "10.000000" : 4640,
            "20.000000" : 4832,
            "30.000000" : 5024,
            "40.000000" : 5280,
            "50.000000" : 5600,
            "60.000000" : 6176,
            "70.000000" : 6688,
            "80.000000" : 7200,
            "90.000000" : 8384,
            "95.000000" : 10304,
            "99.000000" : 24192,
            "99.500000" : 34048,
            "99.900000" : 102912,
            "99.950000" : 114176,
            "99.990000" : 199680
          }
        },
        "lat_ns" : {
          "min" : 3996,
          "max" : 298284,
          "mean" : 6768.087100,
          "stddev" : 6047.827188,
          "N" : 731162
        },
        "bw_min" : 11776,
        "bw_max" : 275968,
        "bw_agg" : 100.000000,
        "bw_mean" : 196614.722689,
        "bw_dev" : 74745.928692,
        "bw_samples" : 119,
        "iops_min" : 736,
        "iops_max" : 17248,
        "iops_mean" : 12288.420168,
        "iops_stddev" : 4671.620543,
        "iops_samples" : 119
      },
      "trim" : {
        "io_bytes" : 0,
        "io_kbytes" : 0,
        "bw_bytes" : 0,
        "bw" : 0,
        "iops" : 0.000000,
        "runtime" : 0,
        "total_ios" : 0,
        "short_ios" : 0,
        "drop_ios" : 0,
        "slat_ns" : {
          "min" : 0,
          "max" : 0,
          "mean" : 0.000000,
          "stddev" : 0.000000,
          "N" : 0
        },
        "clat_ns" : {
          "min" : 0,
          "max" : 0,
          "mean" : 0.000000,
          "stddev" : 0.000000,
          "N" : 0
        },
        "lat_ns" : {
          "min" : 0,
          "max" : 0,
          "mean" : 0.000000,
          "stddev" : 0.000000,
          "N" : 0
        },
        "bw_min" : 0,
        "bw_max" : 0,
        "bw_agg" : 0.000000,
        "bw_mean" : 0.000000,
        "bw_dev" : 0.000000,
        "bw_samples" : 0,
        "iops_min" : 0,
        "iops_max" : 0,
        "iops_mean" : 0.000000,
        "iops_stddev" : 0.000000,
        "iops_samples" : 0
      },
      "sync" : {
        "total_ios" : 0,
        "lat_ns" : {
          "min" : 0,
          "max" : 0,
          "mean" : 0.000000,
          "stddev" : 0.000000,
          "N" : 0
        }
      },
      "job_runtime" : 60433,
      "usr_cpu" : 1.355220,
      "sys_cpu" : 17.520229,
      "ctx" : 461818,
      "majf" : 0,
      "minf" : 10,
      "iodepth_level" : {
        "1" : 100.000000,
        "2" : 0.000000,
        "4" : 0.000000,
        "8" : 0.000000,
        "16" : 0.000000,
        "32" : 0.000000,
        ">=64" : 0.000000
      },
      "iodepth_submit" : {
        "0" : 0.000000,
        "4" : 100.000000,
        "8" : 0.000000,
        "16" : 0.000000,
        "32" : 0.000000,
        "64" : 0.000000,
        ">=64" : 0.000000
      },
      "iodepth_complete" : {
        "0" : 0.000000,
        "4" : 100.000000,
        "8" : 0.000000,
        "16" : 0.000000,
        "32" : 0.000000,
        "64" : 0.000000,
        ">=64" : 0.000000
      },
      "latency_ns" : {
        "2" : 0.000000,
        "4" : 0.000000,
        "10" : 0.000000,
        "20" : 0.000000,
        "50" : 0.000000,
        "100" : 0.000000,
        "250" : 0.000000,
        "500" : 0.000000,
        "750" : 0.000000,
        "1000" : 0.000000
      },
      "latency_us" : {
        "2" : 0.000000,
        "4" : 0.010000,
        "10" : 58.629389,
        "20" : 2.456917,
        "50" : 0.739542,
        "100" : 35.962986,
        "250" : 2.081297,
        "500" : 0.038486,
        "750" : 0.010000,
        "1000" : 0.010000
      },
      "latency_ms" : {
        "2" : 0.010000,
        "4" : 0.010596,
        "10" : 0.066037,
        "20" : 0.010000,
        "50" : 0.010000,
        "100" : 0.000000,
        "250" : 0.000000,
        "500" : 0.000000,
        "750" : 0.000000,
        "1000" : 0.000000,
        "2000" : 0.000000,
        ">=2000" : 0.000000
      },
      "latency_depth" : 1,
      "latency_target" : 0,
      "latency_percentile" : 100.000000,
      "latency_window" : 0
    }
  ],
  "disk_util" : [
    {
      "name" : "nvme0n1",
      "read_ios" : 452348,
      "write_ios" : 335161,
      "read_sectors" : 15275024,
      "write_sectors" : 24127728,
      "read_merges" : 0,
      "write_merges" : 94,
      "read_ticks" : 44664,
      "write_ticks" : 1041625,
      "in_queue" : 1086461,
      "util" : 78.051806
    }
  ]
}
