{
  "fio version" : "fio-3.38",
  "timestamp" : 1729813841,
  "timestamp_ms" : 1729813841076,
  "time" : "Fri Oct 25 01:50:41 2024",
  "jobs" : [
    {
      "jobname" : "output",
      "groupid" : 0,
      "job_start" : 1729813781035,
      "error" : 0,
      "eta" : 0,
      "elapsed" : 61,
      "job options" : {
        "name" : "output",
        "loops" : "5",
        "runtime" : "60",
        "numjobs" : "1",
        "rwmixwrite" : "33",
        "bs" : "16k",
        "filesize" : "1G",
        "rw" : "randrw",
        "direct" : "1"
      },
      "read" : {
        "io_bytes" : 6090113024,
        "io_kbytes" : 5947376,
        "bw_bytes" : 101498500,
        "bw" : 99119,
        "iops" : 6194.976834,
        "runtime" : 60002,
        "total_ios" : 371711,
        "short_ios" : 0,
        "drop_ios" : 0,
        "slat_ns" : {
          "min" : 0,
          "max" : 0,
          "mean" : 0.000000,
          "stddev" : 0.000000,
          "N" : 0
        },
        "clat_ns" : {
          "min" : 66039,
          "max" : 48968334,
          "mean" : 150255.742795,
          "stddev" : 335507.674227,
          "N" : 371711,
          "percentile" : {
            "1.000000" : 69120,
            "5.000000" : 70144,
            "10.000000" : 71168,
            "20.000000" : 72192,
            "30.000000" : 75264,
            "40.000000" : 84480,
            "50.000000" : 86528,
            "60.000000" : 86528,
            "70.000000" : 87552,
            "80.000000" : 88576,
            "90.000000" : 102912,
            "95.000000" : 244736,
            "99.000000" : 1744896,
            "99.500000" : 1843200,
            "99.900000" : 2039808,
            "99.950000" : 2146304,
            "99.990000" : 5210112
          }
        },
        "lat_ns" : {
          "min" : 66068,
          "max" : 48968565,
          "mean" : 150308.056248,
          "stddev" : 335509.484940,
          "N" : 371711
        },
        "bw_min" : 72160,
        "bw_max" : 123808,
        "bw_agg" : 100.000000,
        "bw_mean" : 99146.756303,
        "bw_dev" : 11117.075115,
        "bw_samples" : 119,
        "iops_min" : 4510,
        "iops_max" : 7738,
        "iops_mean" : 6196.672269,
        "iops_stddev" : 694.817195,
        "iops_samples" : 119
      },
      "write" : {
        "io_bytes" : 3008233472,
        "io_kbytes" : 2937728,
        "bw_bytes" : 50135553,
        "bw" : 48960,
        "iops" : 3060.031332,
        "runtime" : 60002,
        "total_ios" : 183608,
        "short_ios" : 0,
        "drop_ios" : 0,
        "slat_ns" : {
          "min" : 0,
          "max" : 0,
          "mean" : 0.000000,
          "stddev" : 0.000000,
          "N" : 0
        },
        "clat_ns" : {
          "min" : 15818,
          "max" : 12449243,
          "mean" : 20721.761470,
          "stddev" : 53886.638544,
          "N" : 183608,
          "percentile" : {
            "1.000000" : 17024,
            "5.000000" : 17280,
            "10.000000" : 17536,
            "20.000000" : 17536,
            "30.000000" : 17792,
            "40.000000" : 18048,
            "50.000000" : 18304,
            "60.000000" : 18816,
            "70.000000" : 19072,
            "80.000000" : 19584,
            "90.000000" : 21632,
            "95.000000" : 27264,
            "99.000000" : 57088,
            "99.500000" : 105984,
            "99.900000" : 126464,
            "99.950000" : 136192,
            "99.990000" : 1515520
          }
        },
        "lat_ns" : {
          "min" : 15989,
          "max" : 12450130,
          "mean" : 21030.539682,
          "stddev" : 53903.911144,
          "N" : 183608
        },
        "bw_min" : 35680,
        "bw_max" : 64128,
        "bw_agg" : 100.000000,
        "bw_mean" : 48998.991597,
        "bw_dev" : 5702.953911,
        "bw_samples" : 119,
        "iops_min" : 2230,
        "iops_max" : 4008,
        "iops_mean" : 3062.436975,
        "iops_stddev" : 356.434619,
        "iops_samples" : 119
      },
      "trim" : {
        "io_bytes" : 0,
        "io_kbytes" : 0,
        "bw_bytes" : 0,
        "bw" : 0,
        "iops" : 0.000000,
        "runtime" : 0,
        "total_ios" : 0,
        "short_ios" : 0,
        "drop_ios" : 0,
        "slat_ns" : {
          "min" : 0,
          "max" : 0,
          "mean" : 0.000000,
          "stddev" : 0.000000,
          "N" : 0
        },
        "clat_ns" : {
          "min" : 0,
          "max" : 0,
          "mean" : 0.000000,
          "stddev" : 0.000000,
          "N" : 0
        },
        "lat_ns" : {
          "min" : 0,
          "max" : 0,
          "mean" : 0.000000,
          "stddev" : 0.000000,
          "N" : 0
        },
        "bw_min" : 0,
        "bw_max" : 0,
        "bw_agg" : 0.000000,
        "bw_mean" : 0.000000,
        "bw_dev" : 0.000000,
        "bw_samples" : 0,
        "iops_min" : 0,
        "iops_max" : 0,
        "iops_mean" : 0.000000,
        "iops_stddev" : 0.000000,
        "iops_samples" : 0
      },
      "sync" : {
        "total_ios" : 0,
        "lat_ns" : {
          "min" : 0,
          "max" : 0,
          "mean" : 0.000000,
          "stddev" : 0.000000,
          "N" : 0
        }
      },
      "job_runtime" : 60001,
      "usr_cpu" : 0.799987,
      "sys_cpu" : 3.234946,
      "ctx" : 555328,
      "majf" : 0,
      "minf" : 10,
      "iodepth_level" : {
        "1" : 100.000000,
        "2" : 0.000000,
        "4" : 0.000000,
        "8" : 0.000000,
        "16" : 0.000000,
        "32" : 0.000000,
        ">=64" : 0.000000
      },
      "iodepth_submit" : {
        "0" : 0.000000,
        "4" : 100.000000,
        "8" : 0.000000,
        "16" : 0.000000,
        "32" : 0.000000,
        "64" : 0.000000,
        ">=64" : 0.000000
      },
      "iodepth_complete" : {
        "0" : 0.000000,
        "4" : 100.000000,
        "8" : 0.000000,
        "16" : 0.000000,
        "32" : 0.000000,
        "64" : 0.000000,
        ">=64" : 0.000000
      },
      "latency_ns" : {
        "2" : 0.000000,
        "4" : 0.000000,
        "10" : 0.000000,
        "20" : 0.000000,
        "50" : 0.000000,
        "100" : 0.000000,
        "250" : 0.000000,
        "500" : 0.000000,
        "750" : 0.000000,
        "1000" : 0.000000
      },
      "latency_us" : {
        "2" : 0.000000,
        "4" : 0.000000,
        "10" : 0.000000,
        "20" : 27.554793,
        "50" : 4.939143,
        "100" : 60.247894,
        "250" : 3.962947,
        "500" : 0.444069,
        "750" : 0.085897,
        "1000" : 0.113088
      },
      "latency_ms" : {
        "2" : 2.567533,
        "4" : 0.065548,
        "10" : 0.016927,
        "20" : 0.010000,
        "50" : 0.010000,
        "100" : 0.000000,
        "250" : 0.000000,
        "500" : 0.000000,
        "750" : 0.000000,
        "1000" : 0.000000,
        "2000" : 0.000000,
        ">=2000" : 0.000000
      },
      "latency_depth" : 1,
      "latency_target" : 0,
      "latency_percentile" : 100.000000,
      "latency_window" : 0
    }
  ],
  "disk_util" : [
    {
      "name" : "nvme0n1",
      "read_ios" : 375876,
      "write_ios" : 185883,
      "read_sectors" : 12881144,
      "write_sectors" : 6561088,
      "read_merges" : 30,
      "write_merges" : 53,
      "read_ticks" : 56133,
      "write_ticks" : 12529,
      "in_queue" : 68733,
      "util" : 95.692056
    }
  ]
}
