{
  "fio version" : "fio-3.38",
  "timestamp" : 1729813902,
  "timestamp_ms" : 1729813902402,
  "time" : "Fri Oct 25 01:51:42 2024",
  "jobs" : [
    {
      "jobname" : "output",
      "groupid" : 0,
      "job_start" : 1729813842355,
      "error" : 0,
      "eta" : 0,
      "elapsed" : 61,
      "job options" : {
        "name" : "output",
        "loops" : "5",
        "runtime" : "60",
        "numjobs" : "2",
        "rwmixwrite" : "33",
        "bs" : "16k",
        "filesize" : "1G",
        "rw" : "randrw",
        "direct" : "1"
      },
      "read" : {
        "io_bytes" : 5362515968,
        "io_kbytes" : 5236832,
        "bw_bytes" : 89373776,
        "bw" : 87279,
        "iops" : 5454.942418,
        "runtime" : 60001,
        "total_ios" : 327302,
        "short_ios" : 0,
        "drop_ios" : 0,
        "slat_ns" : {
          "min" : 0,
          "max" : 0,
          "mean" : 0.000000,
          "stddev" : 0.000000,
          "N" : 0
        },
        "clat_ns" : {
          "min" : 48899,
          "max" : 37496711,
          "mean" : 172518.658740,
          "stddev" : 373598.889074,
          "N" : 327302,
          "percentile" : {
            "1.000000" : 50432,
            "5.000000" : 51968,
            "10.000000" : 57600,
            "20.000000" : 71168,
            "30.000000" : 77312,
            "40.000000" : 84480,
            "50.000000" : 86528,
            "60.000000" : 90624,
            "70.000000" : 97792,
            "80.000000" : 115200,
            "90.000000" : 193536,
            "95.000000" : 815104,
            "99.000000" : 1761280,
            "99.500000" : 1859584,
            "99.900000" : 2113536,
            "99.950000" : 3325952,
            "99.990000" : 6193152
          }
        },
        "lat_ns" : {
          "min" : 48929,
          "max" : 37496771,
          "mean" : 172567.768391,
          "stddev" : 373600.386771,
          "N" : 327302
        },
        "bw_min" : 48032,
        "bw_max" : 149760,
        "bw_agg" : 48.988923,
        "bw_mean" : 87452.504202,
        "bw_dev" : 23963.019931,
        "bw_samples" : 119,
        "iops_min" : 3002,
        "iops_max" : 9360,
        "iops_mean" : 5465.781513,
        "iops_stddev" : 1497.688746,
        "iops_samples" : 119
      },
      "write" : {
        "io_bytes" : 2651160576,
        "io_kbytes" : 2589024,
        "bw_bytes" : 44185273,
        "bw" : 43149,
        "iops" : 2696.855052,
        "runtime" : 60001,
        "total_ios" : 161814,
        "short_ios" : 0,
        "drop_ios" : 0,
        "slat_ns" : {
          "min" : 0,
          "max" : 0,
          "mean" : 0.000000,
          "stddev" : 0.000000,
          "N" : 0
        },
        "clat_ns" : {
          "min" : 15646,
          "max" : 34849412,
          "mean" : 20053.273716,
          "stddev" : 125166.243281,
          "N" : 161814,
          "percentile" : {
            "1.000000" : 16512,
            "5.000000" : 16768,
            "10.000000" : 17024,
            "20.000000" : 17280,
            "30.000000" : 17280,
            "40.000000" : 17536,
            "50.000000" : 17792,
            "60.000000" : 18048,
            "70.000000" : 18560,
            "80.000000" : 19584,
            "90.000000" : 21376,
            "95.000000" : 25728,
            "99.000000" : 42752,
            "99.500000" : 51456,
            "99.900000" : 99840,
            "99.950000" : 119296,
            "99.990000" : 577536
          }
        },
        "lat_ns" : {
          "min" : 15893,
          "max" : 34850226,
          "mean" : 20364.712466,
          "stddev" : 125174.020317,
          "N" : 161814
        },
        "bw_min" : 24544,
        "bw_max" : 75232,
        "bw_agg" : 48.928181,
        "bw_mean" : 43224.201681,
        "bw_dev" : 11774.293883,
        "bw_samples" : 119,
        "iops_min" : 1534,
        "iops_max" : 4702,
        "iops_mean" : 2701.512605,
        "iops_stddev" : 735.893368,
        "iops_samples" : 119
      },
      "trim" : {
        "io_bytes" : 0,
        "io_kbytes" : 0,
        "bw_bytes" : 0,
        "bw" : 0,
        "iops" : 0.000000,
        "runtime" : 0,
        "total_ios" : 0,
        "short_ios" : 0,
        "drop_ios" : 0,
        "slat_ns" : {
          "min" : 0,
          "max" : 0,
          "mean" : 0.000000,
          "stddev" : 0.000000,
          "N" : 0
        },
        "clat_ns" : {
          "min" : 0,
          "max" : 0,
          "mean" : 0.000000,
          "stddev" : 0.000000,
          "N" : 0
        },
        "lat_ns" : {
          "min" : 0,
          "max" : 0,
          "mean" : 0.000000,
          "stddev" : 0.000000,
          "N" : 0
        },
        "bw_min" : 0,
        "bw_max" : 0,
        "bw_agg" : 0.000000,
        "bw_mean" : 0.000000,
        "bw_dev" : 0.000000,
        "bw_samples" : 0,
        "iops_min" : 0,
        "iops_max" : 0,
        "iops_mean" : 0.000000,
        "iops_stddev" : 0.000000,
        "iops_samples" : 0
      },
      "sync" : {
        "total_ios" : 0,
        "lat_ns" : {
          "min" : 0,
          "max" : 0,
          "mean" : 0.000000,
          "stddev" : 0.000000,
          "N" : 0
        }
      },
      "job_runtime" : 60000,
      "usr_cpu" : 0.868333,
      "sys_cpu" : 2.733333,
      "ctx" : 489127,
      "majf" : 0,
      "minf" : 10,
      "iodepth_level" : {
        "1" : 100.000000,
        "2" : 0.000000,
        "4" : 0.000000,
        "8" : 0.000000,
        "16" : 0.000000,
        "32" : 0.000000,
        ">=64" : 0.000000
      },
      "iodepth_submit" : {
        "0" : 0.000000,
        "4" : 100.000000,
        "8" : 0.000000,
        "16" : 0.000000,
        "32" : 0.000000,
        "64" : 0.000000,
        ">=64" : 0.000000
      },
      "iodepth_complete" : {
        "0" : 0.000000,
        "4" : 100.000000,
        "8" : 0.000000,
        "16" : 0.000000,
        "32" : 0.000000,
        "64" : 0.000000,
        ">=64" : 0.000000
      },
      "latency_ns" : {
        "2" : 0.000000,
        "4" : 0.000000,
        "10" : 0.000000,
        "20" : 0.000000,
        "50" : 0.000000,
        "100" : 0.000000,
        "250" : 0.000000,
        "500" : 0.000000,
        "750" : 0.000000,
        "1000" : 0.000000
      },
      "latency_us" : {
        "2" : 0.000000,
        "4" : 0.000000,
        "10" : 0.000000,
        "20" : 27.727369,
        "50" : 5.456374,
        "100" : 48.041364,
        "250" : 14.433999,
        "500" : 0.822095,
        "750" : 0.141684,
        "1000" : 0.129417
      },
      "latency_ms" : {
        "2" : 3.127479,
        "4" : 0.093025,
        "10" : 0.023512,
        "20" : 0.010000,
        "50" : 0.010000,
        "100" : 0.000000,
        "250" : 0.000000,
        "500" : 0.000000,
        "750" : 0.000000,
        "1000" : 0.000000,
        "2000" : 0.000000,
        ">=2000" : 0.000000
      },
      "latency_depth" : 1,
      "latency_target" : 0,
      "latency_percentile" : 100.000000,
      "latency_window" : 0
    },
    {
      "jobname" : "output",
      "groupid" : 0,
      "job_start" : 1729813842355,
      "error" : 0,
      "eta" : 0,
      "elapsed" : 61,
      "job options" : {
        "name" : "output",
        "loops" : "5",
        "runtime" : "60",
        "numjobs" : "2",
        "rwmixwrite" : "33",
        "bs" : "16k",
        "filesize" : "1G",
        "rw" : "randrw",
        "direct" : "1"
      },
      "read" : {
        "io_bytes" : 5605556224,
        "io_kbytes" : 5474176,
        "bw_bytes" : 93424379,
        "bw" : 91234,
        "iops" : 5702.171630,
        "runtime" : 60001,
        "total_ios" : 342136,
        "short_ios" : 0,
        "drop_ios" : 0,
        "slat_ns" : {
          "min" : 0,
          "max" : 0,
          "mean" : 0.000000,
          "stddev" : 0.000000,
          "N" : 0
        },
        "clat_ns" : {
          "min" : 48728,
          "max" : 39489775,
          "mean" : 164816.316883,