{
  "fio version" : "fio-3.38",
  "timestamp" : 1729690763,
  "timestamp_ms" : 1729690763196,
  "time" : "Wed Oct 23 15:39:23 2024",
  "jobs" : [
    {
      "jobname" : "output",
      "groupid" : 0,
      "job_start" : 1729690703150,
      "error" : 0,
      "eta" : 0,
      "elapsed" : 61,
      "job options" : {
        "name" : "output",
        "loops" : "5",
        "runtime" : "60",
        "numjobs" : "1",
        "rwmixwrite" : "33",
        "bssplit" : "4k/30:16k/60:64k/10",
        "filesize" : "1G",
        "rw" : "randrw",
        "direct" : "0"
      },
      "read" : {
        "io_bytes" : 9528295424,
        "io_kbytes" : 9304976,
        "bw_bytes" : 158802277,
        "bw" : 155080,
        "iops" : 13149.397510,
        "runtime" : 60001,
        "total_ios" : 788977,
        "short_ios" : 0,
        "drop_ios" : 0,
        "slat_ns" : {
          "min" : 0,
          "max" : 0,
          "mean" : 0.000000,
          "stddev" : 0.000000,
          "N" : 0
        },
        "clat_ns" : {
          "min" : 892,
          "max" : 3576249,
          "mean" : 67274.345098,
          "stddev" : 30317.929220,
          "N" : 788977,
          "percentile" : {
            "1.000000" : 47360,
            "5.000000" : 47872,
            "10.000000" : 48896,
            "20.000000" : 50432,
            "30.000000" : 52992,
            "40.000000" : 55040,
            "50.000000" : 57088,
            "60.000000" : 62208,
            "70.000000" : 72192,
            "80.000000" : 83456,
            "90.000000" : 91648,
            "95.000000" : 103936,
            "99.000000" : 168960,
            "99.500000" : 191488,
            "99.900000" : 257024,
            "99.950000" : 329728,
            "99.990000" : 733184
          }
        },
        "lat_ns" : {
          "min" : 937,
          "max" : 3576287,
          "mean" : 67324.122953,
          "stddev" : 30323.933024,
          "N" : 788977
        },
        "bw_min" : 21232,
        "bw_max" : 230664,
        "bw_agg" : 99.947544,
        "bw_mean" : 154999.529412,
        "bw_dev" : 38411.964793,
        "bw_samples" : 119,
        "iops_min" : 2358,
        "iops_max" : 16724,
        "iops_mean" : 13168.773109,
        "iops_stddev" : 2926.571536,
        "iops_samples" : 119
      },
      "write" : {
        "io_bytes" : 4682518528,
        "io_kbytes" : 4572772,
        "bw_bytes" : 78040674,
        "bw" : 76211,
        "iops" : 6480.991983,
        "runtime" : 60001,
        "total_ios" : 388866,
        "short_ios" : 0,
        "drop_ios" : 0,
        "slat_ns" : {
          "min" : 0,
          "max" : 0,
          "mean" : 0.000000,
          "stddev" : 0.000000,
          "N" : 0
        },
        "clat_ns" : {
          "min" : 1944,
          "max" : 673393,
          "mean" : 6448.834529,
          "stddev" : 6240.392482,
          "N" : 388866,
          "percentile" : {
            "1.000000" : 2416,
            "5.000000" : 2736,
            "10.000000" : 3088,
            "20.000000" : 3472,
            "30.000000" : 3952,
            "40.000000" : 4832,
            "50.000000" : 5536,
            "60.000000" : 6048,
            "70.000000" : 6688,
            "80.000000" : 7712,
            "90.000000" : 9536,
            "95.000000" : 13504,
            "99.000000" : 26240,
            "99.500000" : 35584,
            "99.900000" : 69120,
            "99.950000" : 101888,
            "99.990000" : 205824
          }
        },
        "lat_ns" : {
          "min" : 1975,
          "max" : 673484,
          "mean" : 6552.507851,
          "stddev" : 6304.033820,
          "N" : 388866
        },
        "bw_min" : 10088,
        "bw_max" : 114416,
        "bw_agg" : 99.957230,
        "bw_mean" : 76179.025210,
        "bw_dev" : 19057.463775,
        "bw_samples" : 119,
        "iops_min" : 1172,
        "iops_max" : 8268,
        "iops_mean" : 6491.142857,
        "iops_stddev" : 1438.230023,
        "iops_samples" : 119
      },
      "trim" : {
        "io_bytes" : 0,
        "io_kbytes" : 0,
        "bw_bytes" : 0,
        "bw" : 0,
        "iops" : 0.000000,
        "runtime" : 0,
        "total_ios" : 0,
        "short_ios" : 0,
        "drop_ios" : 0,
        "slat_ns" : {
          "min" : 0,
          "max" : 0,
          "mean" : 0.000000,
          "stddev" : 0.000000,
          "N" : 0
        },
        "clat_ns" : {
          "min" : 0,
          "max" : 0,
          "mean" : 0.000000,
          "stddev" : 0.000000,
          "N" : 0
        },
        "lat_ns" : {
          "min" : 0,
          "max" : 0,
          "mean" : 0.000000,
          "stddev" : 0.000000,
          "N" : 0
        },
        "bw_min" : 0,
        "bw_max" : 0,
        "bw_agg" : 0.000000,
        "bw_mean" : 0.000000,
        "bw_dev" : 0.000000,
        "bw_samples" : 0,
        "iops_min" : 0,
        "iops_max" : 0,
        "iops_mean" : 0.000000,
        "iops_stddev" : 0.000000,
        "iops_samples" : 0
      },
      "sync" : {
        "total_ios" : 0,
        "lat_ns" : {
          "min" : 0,
          "max" : 0,
          "mean" : 0.000000,
          "stddev" : 0.000000,
          "N" : 0
        }
      },
      "job_runtime" : 60000,
      "usr_cpu" : 1.605000,
      "sys_cpu" : 14.138333,
      "ctx" : 819688,
      "majf" : 0,
      "minf" : 15,
      "iodepth_level" : {
        "1" : 100.000000,
        "2" : 0.000000,
        "4" : 0.000000,
        "8" : 0.000000,
        "16" : 0.000000,
        "32" : 0.000000,
        ">=64" : 0.000000
      },
      "iodepth_submit" : {
        "0" : 0.000000,
        "4" : 100.000000,
        "8" : 0.000000,
        "16" : 0.000000,
        "32" : 0.000000,
        "64" : 0.000000,
        ">=64" : 0.000000
      },
      "iodepth_complete" : {
        "0" : 0.000000,
        "4" : 100.000000,
        "8" : 0.000000,
        "16" : 0.000000,
        "32" : 0.000000,
        "64" : 0.000000,
        ">=64" : 0.000000
      },
      "latency_ns" : {
        "2" : 0.000000,
        "4" : 0.000000,
        "10" : 0.000000,
        "20" : 0.000000,
        "50" : 0.000000,
        "100" : 0.000000,
        "250" : 0.000000,
        "500" : 0.000000,
        "750" : 0.000000,
        "1000" : 0.010000
      },
      "latency_us" : {
        "2" : 0.010000,
        "4" : 10.162984,
        "10" : 19.987044,
        "20" : 2.150287,
        "50" : 13.048598,
        "100" : 50.930727,
        "250" : 3.641742,
        "500" : 0.066732,
        "750" : 0.010000,
        "1000" : 0.010000
      },
      "latency_ms" : {
        "2" : 0.010000,
        "4" : 0.010000,
        "10" : 0.000000,
        "20" : 0.000000,
        "50" : 0.000000,
        "100" : 0.000000,
        "250" : 0.000000,
        "500" : 0.000000,
        "750" : 0.000000,
        "1000" : 0.000000,
        "2000" : 0.000000,
        ">=2000" : 0.000000
      },
      "latency_depth" : 1,
      "latency_target" : 0,
      "latency_percentile" : 100.000000,
      "latency_window" : 0
    }
  ],
  "disk_util" : [
    {
      "name" : "nvme0n1",
      "read_ios" : 787972,
      "write_ios" : 274977,
      "read_sectors" : 18574536,
      "write_sectors" : 9269432,
      "read_merges" : 28,
      "write_merges" : 186,
      "read_ticks" : 47862,
      "write_ticks" : 47475,
      "in_queue" : 95370,
      "util" : 76.590776
    }
  ]
}
