{
  "fio version" : "fio-3.38",
  "timestamp" : 1729813780,
  "timestamp_ms" : 1729813780790,
  "time" : "Fri Oct 25 01:49:40 2024",
  "jobs" : [
    {
      "jobname" : "output",
      "groupid" : 0,
      "job_start" : 1729813720733,
      "error" : 0,
      "eta" : 0,
      "elapsed" : 61,
      "job options" : {
        "name" : "output",
        "loops" : "5",
        "runtime" : "60",
        "numjobs" : "1",
        "rwmixwrite" : "33",
        "bssplit" : "4k/30:16k/60:64k/10",
        "filesize" : "1G",
        "rw" : "randrw",
        "direct" : "1"
      },
      "read" : {
        "io_bytes" : 4750749696,
        "io_kbytes" : 4639404,
        "bw_bytes" : 79179161,
        "bw" : 77323,
        "iops" : 6516.050000,
        "runtime" : 60000,
        "total_ios" : 390963,
        "short_ios" : 0,
        "drop_ios" : 0,
        "slat_ns" : {
          "min" : 0,
          "max" : 0,
          "mean" : 0.000000,
          "stddev" : 0.000000,
          "N" : 0
        },
        "clat_ns" : {
          "min" : 54071,
          "max" : 44854958,
          "mean" : 143202.211194,
          "stddev" : 325112.204111,
          "N" : 390963,
          "percentile" : {
            "1.000000" : 64768,
            "5.000000" : 66048,
            "10.000000" : 67072,
            "20.000000" : 68096,
            "30.000000" : 70144,
            "40.000000" : 81408,
            "50.000000" : 83456,
            "60.000000" : 85504,
            "70.000000" : 86528,
            "80.000000" : 88576,
            "90.000000" : 126464,
            "95.000000" : 240640,
            "99.000000" : 1695744,
            "99.500000" : 1794048,
            "99.900000" : 2007040,
            "99.950000" : 2146304,
            "99.990000" : 5472256
          }
        },
        "lat_ns" : {
          "min" : 54101,
          "max" : 44855132,
          "mean" : 143247.060722,
          "stddev" : 325113.771604,
          "N" : 390963
        },
        "bw_min" : 52744,
        "bw_max" : 104056,
        "bw_agg" : 100.000000,
        "bw_mean" : 77400.126050,
        "bw_dev" : 9614.537862,
        "bw_samples" : 119,
        "iops_min" : 4426,
        "iops_max" : 8044,
        "iops_mean" : 6519.647059,
        "iops_stddev" : 688.135464,
        "iops_samples" : 119
      },
      "write" : {
        "io_bytes" : 2342088704,
        "io_kbytes" : 2287196,
        "bw_bytes" : 39034811,
        "bw" : 38119,
        "iops" : 3216.600000,
        "runtime" : 60000,
        "total_ios" : 192996,
        "short_ios" : 0,
        "drop_ios" : 0,
        "slat_ns" : {
          "min" : 0,
          "max" : 0,
          "mean" : 0.000000,
          "stddev" : 0.000000,
          "N" : 0
        },
        "clat_ns" : {
          "min" : 11538,
          "max" : 16451131,
          "mean" : 19026.359127,
          "stddev" : 73331.465054,
          "N" : 192996,
          "percentile" : {
            "1.000000" : 13120,
            "5.000000" : 13376,
            "10.000000" : 13632,
            "20.000000" : 14144,
            "30.000000" : 15040,
            "40.000000" : 16064,
            "50.000000" : 17280,
            "60.000000" : 17792,
            "70.000000" : 18048,
            "80.000000" : 19072,
            "90.000000" : 22144,
            "95.000000" : 32384,
            "99.000000" : 50944,
            "99.500000" : 59648,
            "99.900000" : 122368,
            "99.950000" : 140288,
            "99.990000" : 1990656
          }
        },
        "lat_ns" : {
          "min" : 11582,
          "max" : 16451756,
          "mean" : 19271.874453,
          "stddev" : 73375.087147,
          "N" : 192996
        },
        "bw_min" : 28255,
        "bw_max" : 49688,
        "bw_agg" : 100.000000,
        "bw_mean" : 38165.235294,
        "bw_dev" : 4775.237401,
        "bw_samples" : 119,
        "iops_min" : 2260,
        "iops_max" : 3834,
        "iops_mean" : 3218.949580,
        "iops_stddev" : 328.617723,
        "iops_samples" : 119
      },
      "trim" : {
        "io_bytes" : 0,
        "io_kbytes" : 0,
        "bw_bytes" : 0,
        "bw" : 0,
        "iops" : 0.000000,
        "runtime" : 0,
        "total_ios" : 0,
        "short_ios" : 0,
        "drop_ios" : 0,
        "slat_ns" : {
          "min" : 0,
          "max" : 0,
          "mean" : 0.000000,
          "stddev" : 0.000000,
          "N" : 0
        },
        "clat_ns" : {
          "min" : 0,
          "max" : 0,
          "mean" : 0.000000,
          "stddev" : 0.000000,
          "N" : 0
        },
        "lat_ns" : {
          "min" : 0,
          "max" : 0,
          "mean" : 0.000000,
          "stddev" : 0.000000,
          "N" : 0
        },
        "bw_min" : 0,
        "bw_max" : 0,
        "bw_agg" : 0.000000,
        "bw_mean" : 0.000000,
        "bw_dev" : 0.000000,
        "bw_samples" : 0,
        "iops_min" : 0,
        "iops_max" : 0,
        "iops_mean" : 0.000000,
        "iops_stddev" : 0.000000,
        "iops_samples" : 0
      },
      "sync" : {
        "total_ios" : 0,
        "lat_ns" : {
          "min" : 0,
          "max" : 0,
          "mean" : 0.000000,
          "stddev" : 0.000000,
          "N" : 0
        }
      },
      "job_runtime" : 60000,
      "usr_cpu" : 0.933333,
      "sys_cpu" : 2.955000,
      "ctx" : 583971,
      "majf" : 0,
      "minf" : 13,
      "iodepth_level" : {
        "1" : 100.000000,
        "2" : 0.000000,
        "4" : 0.000000,
        "8" : 0.000000,
        "16" : 0.000000,
        "32" : 0.000000,
        ">=64" : 0.000000
      },
      "iodepth_submit" : {
        "0" : 0.000000,
        "4" : 100.000000,
        "8" : 0.000000,
        "16" : 0.000000,
        "32" : 0.000000,
        "64" : 0.000000,
        ">=64" : 0.000000
      },
      "iodepth_complete" : {
        "0" : 0.000000,
        "4" : 100.000000,
        "8" : 0.000000,
        "16" : 0.000000,
        "32" : 0.000000,
        "64" : 0.000000,
        ">=64" : 0.000000
      },
      "latency_ns" : {
        "2" : 0.000000,
        "4" : 0.000000,
        "10" : 0.000000,
        "20" : 0.000000,
        "50" : 0.000000,
        "100" : 0.000000,
        "250" : 0.000000,
        "500" : 0.000000,
        "750" : 0.000000,
        "1000" : 0.000000
      },
      "latency_us" : {
        "2" : 0.000000,
        "4" : 0.000000,
        "10" : 0.000000,
        "20" : 28.356272,
        "50" : 4.334893,
        "100" : 58.864407,
        "250" : 5.321949,
        "500" : 0.384959,
        "750" : 0.124324,
        "1000" : 0.184773
      },
      "latency_ms" : {
        "2" : 2.354960,
        "4" : 0.052058,
        "10" : 0.018323,
        "20" : 0.010000,
        "50" : 0.010000,
        "100" : 0.000000,
        "250" : 0.000000,
        "500" : 0.000000,
        "750" : 0.000000,
        "1000" : 0.000000,
        "2000" : 0.000000,
        ">=2000" : 0.000000
      },
      "latency_depth" : 1,
      "latency_target" : 0,
      "latency_percentile" : 100.000000,
      "latency_window" : 0
    }
  ],
  "disk_util" : [
    {
      "name" : "nvme0n1",
      "read_ios" : 394721,
      "write_ios" : 195573,
      "read_sectors" : 10304176,
      "write_sectors" : 5591112,
      "read_merges" : 30,
      "write_merges" : 166,
      "read_ticks" : 55840,
      "write_ticks" : 13387,
      "in_queue" : 69305,
      "util" : 95.155478
    }
  ]
}
